2026-04-05 02:21:55.785 +07:00 [INF] Seed dữ liệu ban đầu thành công
2026-04-05 02:21:56.093 +07:00 [INF] Ứng dụng Tour Du Lịch khởi chạy
2026-04-05 02:22:38.730 +07:00 [WRN] Failed to determine the https port for redirect.
2026-04-05 02:22:43.836 +07:00 [INF] HTTP GET /Tour/Details/76 responded 200 in 4360.2434 ms
2026-04-05 02:22:43.970 +07:00 [INF] HTTP GET /images/tours/tl1.jpg responded 404 in 59.6615 ms
2026-04-05 02:22:44.003 +07:00 [INF] HTTP GET /images/tours/tl4.jpg responded 404 in 65.4184 ms
2026-04-05 02:22:44.133 +07:00 [INF] HTTP GET /css/site.css responded 200 in 216.3464 ms
2026-04-05 02:22:44.143 +07:00 [INF] HTTP GET /lib/bootstrap/dist/css/bootstrap.min.css responded 200 in 218.3633 ms
2026-04-05 02:22:44.236 +07:00 [INF] HTTP GET /images/tours/tl5.jpg responded 404 in 15.8216 ms
2026-04-05 02:22:44.236 +07:00 [INF] HTTP GET /images/tours/tl2.jpg responded 404 in 22.6430 ms
2026-04-05 02:22:44.236 +07:00 [INF] HTTP GET /images/tours/tl3.jpg responded 404 in 108.2120 ms
2026-04-05 02:22:44.258 +07:00 [INF] HTTP GET /lib/jquery/dist/jquery.min.js responded 200 in 68.0685 ms
2026-04-05 02:22:44.260 +07:00 [INF] HTTP GET /js/site.js responded 200 in 2.8798 ms
2026-04-05 02:22:44.261 +07:00 [INF] HTTP GET /lib/bootstrap/dist/js/bootstrap.bundle.min.js responded 200 in 4.3363 ms
2026-04-05 02:22:44.373 +07:00 [INF] HTTP GET /favicon.ico responded 200 in 2.2374 ms
2026-04-05 02:23:07.137 +07:00 [INF] Tìm kiếm tour với keyword: null, CategoryId: null
2026-04-05 02:23:07.346 +07:00 [INF] Tìm thấy 100 tour phù hợp
2026-04-05 02:23:07.511 +07:00 [INF] HTTP GET /Tour responded 200 in 544.4600 ms
2026-04-05 02:23:07.534 +07:00 [INF] HTTP GET /images/tours/tl1.jpg responded 404 in 2.8732 ms
2026-04-05 02:23:07.538 +07:00 [INF] HTTP GET /images/tours/tl3.jpg responded 404 in 5.1286 ms
2026-04-05 02:23:07.539 +07:00 [INF] HTTP GET /lib/bootstrap/dist/css/bootstrap.min.css responded 200 in 12.2129 ms
2026-04-05 02:23:07.541 +07:00 [INF] HTTP GET /css/site.css responded 200 in 4.6191 ms
2026-04-05 02:23:07.543 +07:00 [INF] HTTP GET /images/tours/jp1.jpg responded 404 in 2.9816 ms
2026-04-05 02:23:07.544 +07:00 [INF] HTTP GET /images/tours/jp3.jpg responded 404 in 1.8555 ms
2026-04-05 02:23:07.579 +07:00 [INF] HTTP GET /js/site.js responded 200 in 7.9769 ms
2026-04-05 02:23:07.597 +07:00 [INF] HTTP GET /images/tours/kr1.jpg responded 404 in 3.1811 ms
2026-04-05 02:23:07.605 +07:00 [INF] HTTP GET /lib/jquery/dist/jquery.min.js responded 200 in 6.9935 ms
2026-04-05 02:23:07.620 +07:00 [INF] HTTP GET /images/tours/sg1.jpg responded 404 in 8.1262 ms
2026-04-05 02:23:07.640 +07:00 [INF] HTTP GET /images/tours/fr1.jpg responded 404 in 5.9137 ms
2026-04-05 02:23:07.677 +07:00 [INF] HTTP GET /images/tours/kr3.jpg responded 404 in 4.5025 ms
2026-04-05 02:23:08.250 +07:00 [INF] HTTP GET /images/tours/sg3.jpg responded 404 in 11.1833 ms
2026-04-05 02:23:08.334 +07:00 [INF] HTTP GET /lib/bootstrap/dist/js/bootstrap.bundle.min.js responded 200 in 17.4306 ms
2026-04-05 02:23:12.836 +07:00 [INF] HTTP GET / responded 200 in 296.5857 ms
2026-04-05 02:23:12.854 +07:00 [INF] HTTP GET /images/tours/tl3.jpg responded 404 in 1.0622 ms
2026-04-05 02:23:12.854 +07:00 [INF] HTTP GET /images/tours/tl1.jpg responded 404 in 1.0874 ms
2026-04-05 02:23:12.856 +07:00 [INF] HTTP GET /css/site.css responded 200 in 2.7885 ms
2026-04-05 02:23:12.859 +07:00 [INF] HTTP GET /lib/bootstrap/dist/css/bootstrap.min.css responded 200 in 6.6372 ms
2026-04-05 02:23:12.863 +07:00 [INF] HTTP GET /images/tours/jp3.jpg responded 404 in 1.1912 ms
2026-04-05 02:23:12.863 +07:00 [INF] HTTP GET /images/tours/jp1.jpg responded 404 in 1.1893 ms
2026-04-05 02:23:12.876 +07:00 [INF] HTTP GET /lib/jquery/dist/jquery.min.js responded 200 in 7.2775 ms
2026-04-05 02:23:12.883 +07:00 [INF] HTTP GET /js/site.js responded 200 in 2.8718 ms
2026-04-05 02:23:12.886 +07:00 [INF] HTTP GET /images/tours/kr1.jpg responded 404 in 1.7291 ms
2026-04-05 02:23:12.902 +07:00 [INF] HTTP GET /lib/bootstrap/dist/js/bootstrap.bundle.min.js responded 200 in 12.2361 ms
2026-04-05 02:23:12.919 +07:00 [INF] HTTP GET /images/tours/kr3.jpg responded 404 in 1.5834 ms
2026-04-05 02:23:12.928 +07:00 [INF] HTTP GET /images/hinh-nen-viet-nam-4k25.jpg responded 304 in 2.6865 ms
2026-04-05 02:23:19.363 +07:00 [INF] HTTP GET /Admin responded 200 in 962.2433 ms
2026-04-05 02:23:19.403 +07:00 [INF] HTTP GET /images/tours/tl1.jpg responded 404 in 1.0162 ms
2026-04-05 02:23:19.407 +07:00 [INF] HTTP GET /css/site.css responded 200 in 7.0072 ms
2026-04-05 02:23:19.574 +07:00 [INF] HTTP GET /js/site.js responded 200 in 118.9313 ms
2026-04-05 02:23:19.593 +07:00 [INF] HTTP GET /lib/bootstrap/dist/css/bootstrap.min.css responded 200 in 193.9641 ms
2026-04-05 02:23:19.578 +07:00 [INF] HTTP GET /lib/bootstrap/dist/js/bootstrap.bundle.min.js responded 200 in 164.2019 ms
2026-04-05 02:23:19.598 +07:00 [INF] HTTP GET /lib/jquery/dist/jquery.min.js responded 200 in 192.6000 ms
2026-04-05 02:23:21.397 +07:00 [INF] HTTP GET /Admin/Category responded 200 in 122.0765 ms
2026-04-05 02:23:21.419 +07:00 [INF] HTTP GET /css/site.css responded 200 in 4.9577 ms
2026-04-05 02:23:21.422 +07:00 [INF] HTTP GET /lib/jquery/dist/jquery.min.js responded 200 in 7.6229 ms
2026-04-05 02:23:21.429 +07:00 [INF] HTTP GET /lib/bootstrap/dist/js/bootstrap.bundle.min.js responded 200 in 12.4859 ms
2026-04-05 02:23:21.428 +07:00 [INF] HTTP GET /js/site.js responded 200 in 11.1673 ms
2026-04-05 02:23:21.430 +07:00 [INF] HTTP GET /lib/bootstrap/dist/css/bootstrap.min.css responded 200 in 14.6752 ms
2026-04-05 02:23:22.675 +07:00 [INF] HTTP GET /images/tours/tl1.jpg responded 404 in 0.6852 ms
2026-04-05 02:23:22.675 +07:00 [INF] HTTP GET /images/tours/tl2.jpg responded 404 in 0.6756 ms
2026-04-05 02:23:22.678 +07:00 [INF] HTTP GET /css/site.css responded 200 in 3.4817 ms
2026-04-05 02:23:22.680 +07:00 [INF] HTTP GET /lib/bootstrap/dist/css/bootstrap.min.css responded 200 in 6.1057 ms
2026-04-05 02:23:22.691 +07:00 [INF] HTTP GET /images/tours/tl5.jpg responded 404 in 1.0321 ms
2026-04-05 02:23:22.696 +07:00 [INF] HTTP GET /Admin/Tour responded 200 in 453.6289 ms
2026-04-05 02:23:22.740 +07:00 [INF] HTTP GET /images/tours/jp1.jpg responded 404 in 1.2325 ms
2026-04-05 02:23:22.779 +07:00 [INF] HTTP GET /images/tours/jp2.jpg responded 404 in 0.9707 ms
2026-04-05 02:23:22.799 +07:00 [INF] HTTP GET /images/tours/tl3.jpg responded 404 in 0.8968 ms
2026-04-05 02:23:22.814 +07:00 [INF] HTTP GET /images/tours/tl4.jpg responded 404 in 4.3922 ms
2026-04-05 02:23:23.033 +07:00 [INF] HTTP GET /lib/jquery/dist/jquery.min.js responded 200 in 27.7115 ms
2026-04-05 02:23:23.301 +07:00 [INF] HTTP GET /lib/bootstrap/dist/js/bootstrap.bundle.min.js responded 200 in 8.2170 ms
2026-04-05 02:23:23.316 +07:00 [INF] HTTP GET /js/site.js responded 200 in 6.8204 ms
2026-04-05 02:23:23.335 +07:00 [INF] HTTP GET /images/tours/kr1.jpg responded 404 in 1.0460 ms
2026-04-05 02:23:23.342 +07:00 [INF] HTTP GET /images/tours/kr2.jpg responded 404 in 1.1509 ms
2026-04-05 02:23:23.354 +07:00 [INF] HTTP GET /images/tours/kr3.jpg responded 404 in 1.2184 ms
2026-04-05 02:23:23.418 +07:00 [INF] HTTP GET /images/tours/jp3.jpg responded 404 in 5.2576 ms
2026-04-05 02:23:23.454 +07:00 [INF] HTTP GET /images/tours/jp4.jpg responded 404 in 1.3851 ms
2026-04-05 02:23:23.465 +07:00 [INF] HTTP GET /images/tours/jp5.jpg responded 404 in 2.3011 ms
2026-04-05 02:23:23.499 +07:00 [INF] HTTP GET /images/tours/kr4.jpg responded 404 in 1.7405 ms
2026-04-05 02:23:23.506 +07:00 [INF] HTTP GET /images/tours/kr5.jpg responded 404 in 0.8764 ms
2026-04-05 02:23:23.509 +07:00 [INF] HTTP GET /images/tours/sg1.jpg responded 404 in 0.8727 ms
2026-04-05 02:23:23.528 +07:00 [INF] HTTP GET /images/tours/sg2.jpg responded 404 in 1.2331 ms
2026-04-05 02:23:23.541 +07:00 [INF] HTTP GET /images/tours/sg4.jpg responded 404 in 0.9394 ms
2026-04-05 02:23:23.543 +07:00 [INF] HTTP GET /images/tours/sg3.jpg responded 404 in 0.9035 ms
2026-04-05 02:23:23.555 +07:00 [INF] HTTP GET /images/tours/sg5.jpg responded 404 in 0.9182 ms
2026-04-05 02:23:23.566 +07:00 [INF] HTTP GET /images/tours/fr1.jpg responded 404 in 3.0721 ms
2026-04-05 02:23:23.577 +07:00 [INF] HTTP GET /images/tours/fr2.jpg responded 404 in 1.0314 ms
2026-04-05 02:23:23.619 +07:00 [INF] HTTP GET /images/tours/fr3.jpg responded 404 in 1.1714 ms
2026-04-05 02:23:23.668 +07:00 [INF] HTTP GET /images/tours/fr4.jpg responded 404 in 1.3703 ms
2026-04-05 02:23:24.072 +07:00 [INF] HTTP GET /images/tours/fr5.jpg responded 404 in 1.9718 ms
2026-04-05 02:23:24.137 +07:00 [INF] HTTP GET /images/tours/pq1.jpg responded 304 in 18.5783 ms
2026-04-05 02:23:24.146 +07:00 [INF] HTTP GET /images/tours/pq2.jpg responded 404 in 1.4864 ms
2026-04-05 02:23:24.179 +07:00 [INF] HTTP GET /images/tours/pq3.jpg responded 404 in 0.9544 ms
2026-04-05 02:23:24.396 +07:00 [INF] HTTP GET /Admin/Order responded 200 in 920.5129 ms
2026-04-05 02:23:24.402 +07:00 [INF] HTTP GET /images/tours/pq4.jpg responded 404 in 1.6786 ms
2026-04-05 02:23:24.410 +07:00 [INF] HTTP GET /images/tours/pq5.jpg responded 404 in 0.8731 ms
2026-04-05 02:23:24.427 +07:00 [INF] HTTP GET /images/tours/dn1.jpg responded 304 in 10.6808 ms
2026-04-05 02:23:24.464 +07:00 [INF] HTTP GET /lib/bootstrap/dist/css/bootstrap.min.css responded 200 in 26.2201 ms
2026-04-05 02:23:24.487 +07:00 [INF] HTTP GET /lib/jquery/dist/jquery.min.js responded 200 in 11.3556 ms
2026-04-05 02:23:24.501 +07:00 [INF] HTTP GET /js/site.js responded 200 in 2.6905 ms
2026-04-05 02:23:24.509 +07:00 [INF] HTTP GET /images/tours/dn3.jpg responded 404 in 0.9743 ms
2026-04-05 02:23:24.515 +07:00 [INF] HTTP GET /images/tours/dn4.jpg responded 404 in 0.7978 ms
2026-04-05 02:23:24.524 +07:00 [INF] HTTP GET /images/tours/dn5.jpg responded 404 in 1.1223 ms
2026-04-05 02:23:24.540 +07:00 [INF] HTTP GET /images/tours/dl1.jpg responded 304 in 2.1939 ms
2026-04-05 02:23:24.561 +07:00 [INF] HTTP GET /css/site.css responded 200 in 4.3441 ms
2026-04-05 02:23:24.579 +07:00 [INF] HTTP GET /lib/bootstrap/dist/js/bootstrap.bundle.min.js responded 200 in 9.5875 ms
2026-04-05 02:23:24.581 +07:00 [INF] HTTP GET /images/tours/dn2.jpg responded 404 in 1.6321 ms
2026-04-05 02:23:27.258 +07:00 [INF] HTTP GET /Admin/Order/Details/2 responded 200 in 172.1616 ms
2026-04-05 02:23:27.296 +07:00 [INF] HTTP GET /css/site.css responded 200 in 19.7325 ms
2026-04-05 02:23:27.305 +07:00 [INF] HTTP GET /lib/jquery/dist/jquery.min.js responded 200 in 16.1977 ms
2026-04-05 02:23:27.305 +07:00 [INF] HTTP GET /lib/bootstrap/dist/css/bootstrap.min.css responded 200 in 25.5828 ms
2026-04-05 02:23:27.309 +07:00 [INF] HTTP GET /lib/bootstrap/dist/js/bootstrap.bundle.min.js responded 200 in 18.5273 ms
2026-04-05 02:23:27.312 +07:00 [INF] HTTP GET /js/site.js responded 200 in 14.6144 ms
2026-04-05 02:23:29.406 +07:00 [INF] HTTP GET /Admin/Order responded 200 in 57.7939 ms
2026-04-05 02:23:29.619 +07:00 [INF] HTTP GET /css/site.css responded 200 in 31.2025 ms
2026-04-05 02:23:29.632 +07:00 [INF] HTTP GET /lib/jquery/dist/jquery.min.js responded 200 in 37.6160 ms
2026-04-05 02:23:29.654 +07:00 [INF] HTTP GET /lib/bootstrap/dist/js/bootstrap.bundle.min.js responded 200 in 37.1789 ms
2026-04-05 02:23:29.656 +07:00 [INF] HTTP GET /lib/bootstrap/dist/css/bootstrap.min.css responded 200 in 68.5792 ms
2026-04-05 02:23:29.656 +07:00 [INF] HTTP GET /js/site.js responded 200 in 20.8138 ms
2026-04-05 02:23:31.379 +07:00 [INF] HTTP GET / responded 200 in 28.8806 ms
2026-04-05 02:23:31.395 +07:00 [INF] HTTP GET /images/tours/tl1.jpg responded 404 in 0.5846 ms
2026-04-05 02:23:31.397 +07:00 [INF] HTTP GET /images/tours/tl3.jpg responded 404 in 1.0306 ms
2026-04-05 02:23:31.399 +07:00 [INF] HTTP GET /css/site.css responded 200 in 5.2548 ms
2026-04-05 02:23:31.403 +07:00 [INF] HTTP GET /lib/bootstrap/dist/css/bootstrap.min.css responded 200 in 9.1730 ms
2026-04-05 02:23:31.403 +07:00 [INF] HTTP GET /images/tours/jp1.jpg responded 404 in 1.0072 ms
2026-04-05 02:23:31.404 +07:00 [INF] HTTP GET /images/tours/jp3.jpg responded 404 in 0.8418 ms
2026-04-05 02:23:31.419 +07:00 [INF] HTTP GET /lib/bootstrap/dist/js/bootstrap.bundle.min.js responded 200 in 4.1746 ms
2026-04-05 02:23:31.422 +07:00 [INF] HTTP GET /images/hinh-nen-viet-nam-4k25.jpg responded 304 in 1.5866 ms
2026-04-05 02:23:31.429 +07:00 [INF] HTTP GET /images/tours/kr1.jpg responded 404 in 2.0282 ms
2026-04-05 02:23:31.443 +07:00 [INF] HTTP GET /lib/jquery/dist/jquery.min.js responded 200 in 8.1442 ms
2026-04-05 02:23:31.458 +07:00 [INF] HTTP GET /images/tours/kr3.jpg responded 404 in 1.2292 ms
2026-04-05 02:23:31.475 +07:00 [INF] HTTP GET /js/site.js responded 200 in 6.1742 ms
2026-04-05 02:23:32.719 +07:00 [INF] Tìm kiếm tour với keyword: null, CategoryId: null
2026-04-05 02:23:32.756 +07:00 [INF] Tìm thấy 100 tour phù hợp
2026-04-05 02:23:32.774 +07:00 [INF] HTTP GET /Tour responded 200 in 63.2603 ms
2026-04-05 02:23:32.804 +07:00 [INF] HTTP GET /images/tours/tl1.jpg responded 404 in 1.0641 ms
2026-04-05 02:23:32.815 +07:00 [INF] HTTP GET /images/tours/jp1.jpg responded 404 in 0.9498 ms
2026-04-05 02:23:32.815 +07:00 [INF] HTTP GET /images/tours/jp3.jpg responded 404 in 0.9539 ms
2026-04-05 02:23:32.816 +07:00 [INF] HTTP GET /images/tours/tl3.jpg responded 404 in 7.5520 ms
2026-04-05 02:23:32.822 +07:00 [INF] HTTP GET /css/site.css responded 200 in 29.6156 ms
2026-04-05 02:23:32.831 +07:00 [INF] HTTP GET /lib/bootstrap/dist/css/bootstrap.min.css responded 200 in 38.9230 ms
2026-04-05 02:23:33.004 +07:00 [INF] HTTP GET /lib/bootstrap/dist/js/bootstrap.bundle.min.js responded 200 in 7.1896 ms
2026-04-05 02:23:33.018 +07:00 [INF] HTTP GET /images/tours/kr3.jpg responded 404 in 0.8032 ms
2026-04-05 02:23:33.032 +07:00 [INF] HTTP GET /images/tours/sg1.jpg responded 404 in 0.7109 ms
2026-04-05 02:23:33.048 +07:00 [INF] HTTP GET /images/tours/sg3.jpg responded 404 in 1.1579 ms
2026-04-05 02:23:33.056 +07:00 [INF] HTTP GET /images/tours/kr1.jpg responded 404 in 0.8265 ms
2026-04-05 02:23:33.077 +07:00 [INF] HTTP GET /lib/jquery/dist/jquery.min.js responded 200 in 10.8246 ms
2026-04-05 02:23:33.094 +07:00 [INF] HTTP GET /js/site.js responded 200 in 9.8974 ms
2026-04-05 02:23:33.260 +07:00 [INF] HTTP GET /images/tours/fr1.jpg responded 404 in 0.7983 ms
2026-04-05 02:23:34.403 +07:00 [INF] HTTP GET /Tour/Details/76 responded 200 in 57.1438 ms
2026-04-05 02:23:34.422 +07:00 [INF] HTTP GET /images/tours/tl1.jpg responded 404 in 0.6784 ms
2026-04-05 02:23:34.423 +07:00 [INF] HTTP GET /images/tours/tl3.jpg responded 404 in 0.7335 ms
2026-04-05 02:23:34.425 +07:00 [INF] HTTP GET /css/site.css responded 200 in 2.6837 ms
2026-04-05 02:23:34.428 +07:00 [INF] HTTP GET /lib/bootstrap/dist/css/bootstrap.min.css responded 200 in 7.6048 ms
2026-04-05 02:23:34.431 +07:00 [INF] HTTP GET /images/tours/tl4.jpg responded 404 in 0.9540 ms
2026-04-05 02:23:34.431 +07:00 [INF] HTTP GET /images/tours/tl2.jpg responded 404 in 0.5838 ms
2026-04-05 02:23:34.447 +07:00 [INF] HTTP GET /lib/jquery/dist/jquery.min.js responded 200 in 3.7152 ms
2026-04-05 02:23:34.453 +07:00 [INF] HTTP GET /lib/bootstrap/dist/js/bootstrap.bundle.min.js responded 200 in 4.1958 ms
2026-04-05 02:23:34.454 +07:00 [INF] HTTP GET /images/tours/tl5.jpg responded 404 in 0.7546 ms
2026-04-05 02:23:34.468 +07:00 [INF] HTTP GET /js/site.js responded 200 in 8.5450 ms
2026-04-05 02:23:43.544 +07:00 [INF] HTTP GET /Tour/Book/76 responded 200 in 314.6529 ms
2026-04-05 02:23:43.580 +07:00 [INF] HTTP GET /images/tours/tl1.jpg responded 404 in 16.3060 ms
2026-04-05 02:23:43.603 +07:00 [INF] HTTP GET /css/site.css responded 200 in 41.6722 ms
2026-04-05 02:23:43.624 +07:00 [INF] HTTP GET /lib/bootstrap/dist/js/bootstrap.bundle.min.js responded 200 in 18.9284 ms
2026-04-05 02:23:43.633 +07:00 [INF] HTTP GET /js/site.js responded 200 in 15.7834 ms
2026-04-05 02:23:43.633 +07:00 [INF] HTTP GET /lib/jquery/dist/jquery.min.js responded 200 in 51.6920 ms
2026-04-05 02:23:43.634 +07:00 [INF] HTTP GET /lib/bootstrap/dist/css/bootstrap.min.css responded 200 in 72.6754 ms
2026-04-05 02:23:44.625 +07:00 [INF] HTTP GET /lib/jquery-validation/dist/jquery.validate.min.js responded 200 in 6.0478 ms
2026-04-05 02:23:44.752 +07:00 [INF] HTTP GET /lib/jquery-validation-unobtrusive/dist/jquery.validate.unobtrusive.min.js responded 200 in 3.6758 ms
2026-04-05 02:25:33.634 +07:00 [INF] Seed dữ liệu ban đầu thành công
2026-04-05 02:25:33.927 +07:00 [INF] Ứng dụng Tour Du Lịch khởi chạy
2026-04-05 02:26:28.182 +07:00 [WRN] Failed to determine the https port for redirect.
2026-04-05 02:26:33.206 +07:00 [INF] HTTP GET /Tour/Book/76 responded 200 in 4503.8579 ms
2026-04-05 02:26:33.306 +07:00 [INF] HTTP GET /images/tours/tl1.jpg responded 404 in 29.0972 ms
2026-04-05 02:26:33.555 +07:00 [INF] HTTP GET /css/site.css responded 200 in 308.7128 ms
2026-04-05 02:26:33.743 +07:00 [INF] HTTP GET /lib/bootstrap/dist/css/bootstrap.min.css responded 200 in 501.0383 ms
2026-04-05 02:26:33.979 +07:00 [INF] HTTP GET /lib/jquery/dist/jquery.min.js responded 200 in 738.7995 ms
2026-04-05 02:26:34.514 +07:00 [INF] HTTP GET /js/site.js responded 200 in 85.8061 ms
2026-04-05 02:26:34.516 +07:00 [INF] HTTP GET /lib/jquery-validation/dist/jquery.validate.min.js responded 200 in 170.1487 ms
2026-04-05 02:26:34.519 +07:00 [INF] HTTP GET /lib/bootstrap/dist/js/bootstrap.bundle.min.js responded 200 in 121.1470 ms
2026-04-05 02:26:34.609 +07:00 [INF] HTTP GET /lib/jquery-validation-unobtrusive/dist/jquery.validate.unobtrusive.min.js responded 200 in 10.4117 ms
2026-04-05 02:26:35.860 +07:00 [INF] HTTP GET /favicon.ico responded 200 in 4.0105 ms
2026-04-05 02:27:34.354 +07:00 [INF] Đơn hàng mới: 73335A64 - Tour: Thái Lan: Nghỉ dưỡng Pattaya biển xanh - Khách: Quản trị viên
2026-04-05 02:27:34.364 +07:00 [INF] HTTP POST /Tour/Book/76 responded 302 in 1609.2757 ms
2026-04-05 02:27:34.609 +07:00 [INF] Tạo VNPay URL cho đơn hàng 3, số tiền: 41940000
2026-04-05 02:27:34.614 +07:00 [INF] Redirect khách Quản trị viên đến VNPay cho đơn 73335A64
2026-04-05 02:27:34.618 +07:00 [INF] HTTP GET /VnPay/CreatePayment responded 302 in 241.2284 ms
2026-04-05 02:30:54.263 +07:00 [INF] HTTP GET /Tour/Book/76 responded 200 in 50.7838 ms
2026-04-05 02:31:02.595 +07:00 [INF] Đơn hàng mới: E10C7088 - Tour: Thái Lan: Nghỉ dưỡng Pattaya biển xanh - Khách: Quản trị viên
2026-04-05 02:31:02.600 +07:00 [INF] HTTP POST /Tour/Book/76 responded 302 in 43.4634 ms
2026-04-05 02:31:02.649 +07:00 [INF] Tạo VNPay URL cho đơn hàng 4, số tiền: 45435000
2026-04-05 02:31:02.652 +07:00 [INF] Redirect khách Quản trị viên đến VNPay cho đơn E10C7088
2026-04-05 02:31:02.662 +07:00 [INF] HTTP GET /VnPay/CreatePayment responded 302 in 46.2624 ms
2026-04-05 02:31:07.825 +07:00 [INF] Đơn hàng mới: D9F9885D - Tour: Thái Lan: Nghỉ dưỡng Pattaya biển xanh - Khách: Quản trị viên
2026-04-05 02:31:07.831 +07:00 [INF] HTTP POST /Tour/Book/76 responded 302 in 25.9826 ms
2026-04-05 02:31:07.860 +07:00 [INF] Tạo VNPay URL cho đơn hàng 5, số tiền: 45435000
2026-04-05 02:31:07.873 +07:00 [INF] Redirect khách Quản trị viên đến VNPay cho đơn D9F9885D
2026-04-05 02:31:07.887 +07:00 [INF] HTTP GET /VnPay/CreatePayment responded 302 in 36.4879 ms
2026-04-05 02:37:00.374 +07:00 [INF] HTTP GET /Tour/Book/76 responded 200 in 55.4851 ms
2026-04-05 02:37:00.454 +07:00 [INF] HTTP GET /css/site.css responded 200 in 5.4878 ms
2026-04-05 02:37:00.482 +07:00 [INF] HTTP GET /lib/bootstrap/dist/css/bootstrap.min.css responded 200 in 64.9779 ms
2026-04-05 02:37:00.510 +07:00 [INF] HTTP GET /lib/jquery/dist/jquery.min.js responded 200 in 5.2336 ms
2026-04-05 02:37:00.521 +07:00 [INF] HTTP GET /images/tours/tl1.jpg responded 404 in 3.8726 ms
2026-04-05 02:37:00.549 +07:00 [INF] HTTP GET /js/site.js responded 200 in 9.9491 ms
2026-04-05 02:37:00.598 +07:00 [INF] HTTP GET /lib/jquery-validation/dist/jquery.validate.min.js responded 200 in 3.7886 ms
2026-04-05 02:37:00.598 +07:00 [INF] HTTP GET /lib/jquery-validation-unobtrusive/dist/jquery.validate.unobtrusive.min.js responded 200 in 3.4568 ms
2026-04-05 02:37:00.713 +07:00 [INF] HTTP GET /lib/bootstrap/dist/js/bootstrap.bundle.min.js responded 200 in 4.4551 ms
2026-04-05 02:37:00.768 +07:00 [INF] HTTP GET /favicon.ico responded 200 in 3.2036 ms
2026-04-05 02:37:02.695 +07:00 [INF] HTTP GET /images/tours/tl1.jpg responded 404 in 0.7575 ms
2026-04-05 02:37:02.697 +07:00 [INF] HTTP GET /images/tours/tl3.jpg responded 404 in 0.9761 ms
2026-04-05 02:37:02.701 +07:00 [INF] HTTP GET /css/site.css responded 200 in 7.1724 ms
2026-04-05 02:37:02.705 +07:00 [INF] HTTP GET /lib/bootstrap/dist/css/bootstrap.min.css responded 200 in 10.0686 ms
2026-04-05 02:37:02.953 +07:00 [INF] HTTP GET /images/tours/jp1.jpg responded 404 in 1.0028 ms
2026-04-05 02:37:02.959 +07:00 [INF] HTTP GET / responded 200 in 599.7526 ms
2026-04-05 02:37:03.313 +07:00 [INF] HTTP GET /images/hinh-nen-viet-nam-4k25.jpg responded 304 in 1.3370 ms
2026-04-05 02:37:03.322 +07:00 [INF] HTTP GET /images/tours/kr1.jpg responded 404 in 0.8045 ms
2026-04-05 02:37:03.330 +07:00 [INF] HTTP GET /lib/jquery/dist/jquery.min.js responded 200 in 11.0419 ms
2026-04-05 02:37:03.333 +07:00 [INF] HTTP GET /images/tours/jp3.jpg responded 404 in 0.9199 ms
2026-04-05 02:37:03.353 +07:00 [INF] HTTP GET /js/site.js responded 200 in 5.1067 ms
2026-04-05 02:37:03.374 +07:00 [INF] HTTP GET /images/tours/kr3.jpg responded 404 in 5.5182 ms
2026-04-05 02:37:03.389 +07:00 [INF] HTTP GET /lib/bootstrap/dist/js/bootstrap.bundle.min.js responded 200 in 8.2117 ms
2026-04-05 02:37:04.860 +07:00 [INF] Tìm kiếm tour với keyword: null, CategoryId: null
2026-04-05 02:37:05.039 +07:00 [INF] Tìm thấy 100 tour phù hợp
2026-04-05 02:37:05.134 +07:00 [INF] HTTP GET /Tour responded 200 in 470.9705 ms
2026-04-05 02:37:05.152 +07:00 [INF] HTTP GET /images/tours/tl1.jpg responded 404 in 1.2500 ms
2026-04-05 02:37:05.153 +07:00 [INF] HTTP GET /images/tours/tl3.jpg responded 404 in 0.7353 ms
2026-04-05 02:37:05.155 +07:00 [INF] HTTP GET /css/site.css responded 200 in 4.2334 ms
2026-04-05 02:37:05.158 +07:00 [INF] HTTP GET /lib/bootstrap/dist/css/bootstrap.min.css responded 200 in 7.8864 ms
2026-04-05 02:37:05.160 +07:00 [INF] HTTP GET /images/tours/jp1.jpg responded 404 in 0.8373 ms
2026-04-05 02:37:05.160 +07:00 [INF] HTTP GET /images/tours/jp3.jpg responded 404 in 0.7990 ms
2026-04-05 02:37:05.193 +07:00 [INF] HTTP GET /lib/jquery/dist/jquery.min.js responded 200 in 24.7162 ms
2026-04-05 02:37:05.204 +07:00 [INF] HTTP GET /images/tours/kr3.jpg responded 404 in 2.3286 ms
2026-04-05 02:37:05.221 +07:00 [INF] HTTP GET /images/tours/kr1.jpg responded 404 in 0.9515 ms
2026-04-05 02:37:05.287 +07:00 [INF] HTTP GET /lib/bootstrap/dist/js/bootstrap.bundle.min.js responded 200 in 16.6484 ms
2026-04-05 02:37:05.304 +07:00 [INF] HTTP GET /images/tours/sg3.jpg responded 404 in 0.9482 ms
2026-04-05 02:37:05.311 +07:00 [INF] HTTP GET /images/tours/fr1.jpg responded 404 in 0.9851 ms
2026-04-05 02:37:05.316 +07:00 [INF] HTTP GET /js/site.js responded 200 in 4.4189 ms
2026-04-05 02:37:05.353 +07:00 [INF] HTTP GET /images/tours/sg1.jpg responded 404 in 1.0470 ms
2026-04-05 02:37:35.426 +07:00 [INF] Seed dữ liệu ban đầu thành công
2026-04-05 02:37:35.727 +07:00 [INF] Ứng dụng Tour Du Lịch khởi chạy
2026-04-05 02:38:23.141 +07:00 [WRN] Failed to determine the https port for redirect.
2026-04-05 02:38:23.846 +07:00 [INF] Tìm kiếm tour với keyword: null, CategoryId: null
2026-04-05 02:38:25.099 +07:00 [INF] Tìm thấy 100 tour phù hợp
2026-04-05 02:38:26.047 +07:00 [INF] HTTP GET /Tour responded 200 in 2538.9989 ms
2026-04-05 02:38:26.063 +07:00 [INF] HTTP GET /images/tours/tl1.jpg responded 404 in 25.3620 ms
2026-04-05 02:38:26.063 +07:00 [INF] HTTP GET /images/tours/tl3.jpg responded 404 in 25.7603 ms
2026-04-05 02:38:26.064 +07:00 [INF] HTTP GET /images/tours/jp1.jpg responded 404 in 26.2649 ms
2026-04-05 02:38:26.179 +07:00 [INF] HTTP GET /css/site.css responded 200 in 137.3202 ms
2026-04-05 02:38:26.205 +07:00 [INF] HTTP GET /lib/bootstrap/dist/css/bootstrap.min.css responded 200 in 163.2410 ms
2026-04-05 02:38:26.310 +07:00 [INF] HTTP GET /images/tours/jp3.jpg responded 404 in 142.3671 ms
2026-04-05 02:38:26.313 +07:00 [INF] HTTP GET /images/tours/kr3.jpg responded 404 in 35.8628 ms
2026-04-05 02:38:26.314 +07:00 [INF] HTTP GET /js/site.js responded 200 in 55.2816 ms
2026-04-05 02:38:26.319 +07:00 [INF] HTTP GET /lib/bootstrap/dist/js/bootstrap.bundle.min.js responded 200 in 88.4314 ms
2026-04-05 02:38:26.326 +07:00 [INF] HTTP GET /images/tours/kr1.jpg responded 404 in 1.7679 ms
2026-04-05 02:38:26.338 +07:00 [INF] HTTP GET /lib/jquery/dist/jquery.min.js responded 200 in 5.5396 ms
2026-04-05 02:38:26.361 +07:00 [INF] HTTP GET /images/tours/sg1.jpg responded 404 in 2.7142 ms
2026-04-05 02:38:26.376 +07:00 [INF] HTTP GET /images/tours/sg3.jpg responded 404 in 1.8935 ms
2026-04-05 02:38:26.421 +07:00 [INF] HTTP GET /images/tours/fr1.jpg responded 404 in 8.5198 ms
2026-04-05 02:38:26.533 +07:00 [INF] HTTP GET /favicon.ico responded 200 in 4.6977 ms
2026-04-05 02:38:32.485 +07:00 [INF] HTTP GET / responded 200 in 576.6383 ms
2026-04-05 02:38:32.525 +07:00 [INF] HTTP GET /images/tours/tl1.jpg responded 404 in 12.0267 ms
2026-04-05 02:38:32.528 +07:00 [INF] HTTP GET /images/tours/tl3.jpg responded 404 in 12.1517 ms
2026-04-05 02:38:32.536 +07:00 [INF] HTTP GET /css/site.css responded 200 in 12.1678 ms
2026-04-05 02:38:32.538 +07:00 [INF] HTTP GET /images/tours/jp1.jpg responded 404 in 10.1624 ms
2026-04-05 02:38:32.538 +07:00 [INF] HTTP GET /images/tours/jp3.jpg responded 404 in 7.8600 ms
2026-04-05 02:38:32.558 +07:00 [INF] HTTP GET /lib/bootstrap/dist/css/bootstrap.min.css responded 200 in 13.5238 ms
2026-04-05 02:38:33.470 +07:00 [INF] HTTP GET /images/hinh-nen-viet-nam-4k25.jpg responded 304 in 7.6520 ms
2026-04-05 02:38:33.502 +07:00 [INF] HTTP GET /images/tours/kr1.jpg responded 404 in 4.7358 ms
2026-04-05 02:38:33.530 +07:00 [INF] HTTP GET /images/categories/mao-hiem.jpg responded 404 in 9.5510 ms
2026-04-05 02:38:33.575 +07:00 [INF] HTTP GET /images/categories/quoc-te.jpg responded 404 in 2.1971 ms
2026-04-05 02:38:33.671 +07:00 [INF] HTTP GET /lib/bootstrap/dist/js/bootstrap.bundle.min.js responded 200 in 20.9843 ms
2026-04-05 02:38:33.783 +07:00 [INF] HTTP GET /images/categories/team-building.jpg responded 404 in 7.9924 ms
2026-04-05 02:38:33.784 +07:00 [INF] HTTP GET /lib/jquery/dist/jquery.min.js responded 200 in 24.0965 ms
2026-04-05 02:38:34.080 +07:00 [INF] HTTP GET /js/site.js responded 200 in 7.9759 ms
2026-04-05 02:38:34.206 +07:00 [INF] HTTP GET /images/categories/am-thuc.jpg responded 404 in 6.7263 ms
2026-04-05 02:38:34.321 +07:00 [INF] HTTP GET /images/categories/nghi-duong.jpg responded 404 in 4.8452 ms
2026-04-05 02:38:34.751 +07:00 [INF] HTTP GET /images/tours/kr3.jpg responded 404 in 1.6059 ms
2026-04-05 02:39:39.305 +07:00 [INF] Tìm kiếm tour với keyword: null, CategoryId: null
2026-04-05 02:39:39.381 +07:00 [INF] Tìm thấy 100 tour phù hợp
2026-04-05 02:39:39.410 +07:00 [INF] HTTP GET /Tour responded 200 in 121.0303 ms
2026-04-05 02:39:39.440 +07:00 [INF] HTTP GET /images/tours/tl1.jpg responded 404 in 1.1810 ms
2026-04-05 02:39:39.446 +07:00 [INF] HTTP GET /css/site.css responded 200 in 8.0725 ms
2026-04-05 02:39:39.462 +07:00 [INF] HTTP GET /images/tours/tl3.jpg responded 404 in 4.5107 ms
2026-04-05 02:39:39.469 +07:00 [INF] HTTP GET /images/tours/jp3.jpg responded 404 in 2.2066 ms
2026-04-05 02:39:39.472 +07:00 [INF] HTTP GET /images/tours/jp1.jpg responded 404 in 1.0807 ms
2026-04-05 02:39:39.476 +07:00 [INF] HTTP GET /lib/bootstrap/dist/css/bootstrap.min.css responded 200 in 38.8132 ms
2026-04-05 02:39:39.494 +07:00 [INF] HTTP GET /images/tours/kr1.jpg responded 404 in 2.4039 ms
2026-04-05 02:39:39.494 +07:00 [INF] HTTP GET /lib/bootstrap/dist/js/bootstrap.bundle.min.js responded 200 in 5.3008 ms
2026-04-05 02:39:39.504 +07:00 [INF] HTTP GET /images/tours/kr3.jpg responded 404 in 0.8799 ms
2026-04-05 02:39:39.514 +07:00 [INF] HTTP GET /images/tours/sg1.jpg responded 404 in 2.9871 ms
2026-04-05 02:39:39.522 +07:00 [INF] HTTP GET /images/tours/sg3.jpg responded 404 in 0.9548 ms
2026-04-05 02:39:39.533 +07:00 [INF] HTTP GET /lib/jquery/dist/jquery.min.js responded 200 in 5.1078 ms
2026-04-05 02:39:39.549 +07:00 [INF] HTTP GET /js/site.js responded 200 in 4.2329 ms
2026-04-05 02:39:39.598 +07:00 [INF] HTTP GET /images/tours/fr1.jpg responded 404 in 1.3502 ms
2026-04-05 02:39:43.741 +07:00 [INF] HTTP GET /Admin responded 200 in 2769.5571 ms
2026-04-05 02:39:43.770 +07:00 [INF] HTTP GET /css/site.css responded 200 in 13.9061 ms
2026-04-05 02:39:43.775 +07:00 [INF] HTTP GET /js/site.js responded 200 in 10.1495 ms
2026-04-05 02:39:43.775 +07:00 [INF] HTTP GET /lib/jquery/dist/jquery.min.js responded 200 in 17.2046 ms
2026-04-05 02:39:43.779 +07:00 [INF] HTTP GET /lib/bootstrap/dist/js/bootstrap.bundle.min.js responded 200 in 19.5150 ms
2026-04-05 02:39:43.780 +07:00 [INF] HTTP GET /lib/bootstrap/dist/css/bootstrap.min.css responded 200 in 24.3011 ms
2026-04-05 02:39:45.751 +07:00 [INF] HTTP GET /Admin/Category responded 200 in 245.4761 ms
2026-04-05 02:39:45.778 +07:00 [INF] HTTP GET /css/site.css responded 200 in 5.6118 ms
2026-04-05 02:39:45.780 +07:00 [INF] HTTP GET /lib/bootstrap/dist/css/bootstrap.min.css responded 200 in 12.2932 ms
2026-04-05 02:39:45.782 +07:00 [INF] HTTP GET /js/site.js responded 200 in 2.2165 ms
2026-04-05 02:39:45.783 +07:00 [INF] HTTP GET /lib/jquery/dist/jquery.min.js responded 200 in 7.8474 ms
2026-04-05 02:39:45.785 +07:00 [INF] HTTP GET /lib/bootstrap/dist/js/bootstrap.bundle.min.js responded 200 in 7.3881 ms
2026-04-05 02:39:46.919 +07:00 [INF] HTTP GET /Admin/Tour responded 200 in 276.1042 ms
2026-04-05 02:39:46.964 +07:00 [INF] HTTP GET /images/tours/tl2.jpg responded 404 in 2.5195 ms
2026-04-05 02:39:46.964 +07:00 [INF] HTTP GET /images/tours/tl1.jpg responded 404 in 2.5577 ms
2026-04-05 02:39:46.964 +07:00 [INF] HTTP GET /images/tours/tl3.jpg responded 404 in 0.7138 ms
2026-04-05 02:39:46.966 +07:00 [INF] HTTP GET /images/tours/tl4.jpg responded 404 in 0.7736 ms
2026-04-05 02:39:46.967 +07:00 [INF] HTTP GET /css/site.css responded 200 in 6.8369 ms
2026-04-05 02:39:46.969 +07:00 [INF] HTTP GET /lib/bootstrap/dist/css/bootstrap.min.css responded 200 in 31.0423 ms
2026-04-05 02:39:47.043 +07:00 [INF] HTTP GET /lib/bootstrap/dist/js/bootstrap.bundle.min.js responded 200 in 32.7351 ms
2026-04-05 02:39:47.047 +07:00 [INF] HTTP GET /images/tours/jp1.jpg responded 404 in 1.3135 ms
2026-04-05 02:39:47.098 +07:00 [INF] HTTP GET /images/tours/jp2.jpg responded 404 in 3.3796 ms
2026-04-05 02:39:47.140 +07:00 [INF] HTTP GET /images/tours/jp3.jpg responded 404 in 2.1943 ms
2026-04-05 02:39:47.165 +07:00 [INF] HTTP GET /images/tours/tl5.jpg responded 404 in 13.5926 ms
2026-04-05 02:39:47.179 +07:00 [INF] HTTP GET /lib/jquery/dist/jquery.min.js responded 200 in 33.6418 ms
2026-04-05 02:39:47.243 +07:00 [INF] HTTP GET /js/site.js responded 200 in 13.2508 ms
2026-04-05 02:39:47.273 +07:00 [INF] HTTP GET /images/tours/kr1.jpg responded 404 in 0.8493 ms
2026-04-05 02:39:47.443 +07:00 [INF] HTTP GET /images/tours/kr2.jpg responded 404 in 1.9526 ms
2026-04-05 02:39:47.478 +07:00 [INF] HTTP GET /images/tours/kr3.jpg responded 404 in 0.9045 ms
2026-04-05 02:39:47.497 +07:00 [INF] HTTP GET /images/tours/jp4.jpg responded 404 in 0.8367 ms
2026-04-05 02:39:47.497 +07:00 [INF] HTTP GET /images/tours/kr4.jpg responded 404 in 0.7302 ms
2026-04-05 02:39:47.514 +07:00 [INF] HTTP GET /images/tours/jp5.jpg responded 404 in 2.7780 ms
2026-04-05 02:39:47.523 +07:00 [INF] HTTP GET /images/tours/kr5.jpg responded 404 in 0.8338 ms
2026-04-05 02:39:47.560 +07:00 [INF] HTTP GET /images/tours/sg5.jpg responded 404 in 3.3638 ms
2026-04-05 02:39:47.540 +07:00 [INF] HTTP GET /images/tours/sg2.jpg responded 404 in 1.3171 ms
2026-04-05 02:39:47.548 +07:00 [INF] HTTP GET /images/tours/sg3.jpg responded 404 in 1.7689 ms
2026-04-05 02:39:47.551 +07:00 [INF] HTTP GET /images/tours/sg4.jpg responded 404 in 0.6461 ms
2026-04-05 02:39:47.536 +07:00 [INF] HTTP GET /images/tours/sg1.jpg responded 404 in 0.7497 ms
2026-04-05 02:39:47.566 +07:00 [INF] HTTP GET /images/tours/fr1.jpg responded 404 in 0.7648 ms
2026-04-05 02:39:47.575 +07:00 [INF] HTTP GET /images/tours/fr2.jpg responded 404 in 1.2132 ms
2026-04-05 02:39:47.583 +07:00 [INF] HTTP GET /images/tours/fr3.jpg responded 404 in 3.1580 ms
2026-04-05 02:39:47.596 +07:00 [INF] HTTP GET /images/tours/fr4.jpg responded 404 in 3.5493 ms
2026-04-05 02:39:47.597 +07:00 [INF] HTTP GET /images/tours/fr5.jpg responded 404 in 0.8497 ms
2026-04-05 02:39:47.611 +07:00 [INF] HTTP GET /images/tours/pq1.jpg responded 304 in 1.2320 ms
2026-04-05 02:39:47.615 +07:00 [INF] HTTP GET /images/tours/pq2.jpg responded 404 in 0.6808 ms
2026-04-05 02:39:47.620 +07:00 [INF] HTTP GET /images/tours/pq3.jpg responded 404 in 0.7029 ms
2026-04-05 02:39:47.627 +07:00 [INF] HTTP GET /images/tours/pq4.jpg responded 404 in 1.1790 ms
2026-04-05 02:39:47.635 +07:00 [INF] HTTP GET /images/tours/pq5.jpg responded 404 in 0.7187 ms
2026-04-05 02:39:47.639 +07:00 [INF] HTTP GET /images/tours/dn1.jpg responded 304 in 1.3488 ms
2026-04-05 02:39:47.645 +07:00 [INF] HTTP GET /images/tours/dn2.jpg responded 404 in 1.6927 ms
2026-04-05 02:39:47.650 +07:00 [INF] HTTP GET /images/tours/dn3.jpg responded 404 in 1.7087 ms
2026-04-05 02:39:47.656 +07:00 [INF] HTTP GET /images/tours/dn4.jpg responded 404 in 0.7880 ms
2026-04-05 02:39:47.666 +07:00 [INF] HTTP GET /images/tours/dn5.jpg responded 404 in 0.9290 ms
2026-04-05 02:39:47.757 +07:00 [INF] HTTP GET /images/tours/dl2.jpg responded 404 in 0.8147 ms
2026-04-05 02:39:47.760 +07:00 [INF] HTTP GET /images/tours/dl3.jpg responded 404 in 0.6344 ms
2026-04-05 02:39:47.769 +07:00 [INF] HTTP GET /images/tours/dl4.jpg responded 404 in 1.3452 ms
2026-04-05 02:39:47.805 +07:00 [INF] HTTP GET /images/tours/sp1.jpg responded 304 in 1.1796 ms
2026-04-05 02:39:47.805 +07:00 [INF] HTTP GET /images/tours/dl5.jpg responded 404 in 1.5321 ms
2026-04-05 02:39:48.874 +07:00 [INF] HTTP GET /images/tours/sp2.jpg responded 404 in 0.6923 ms
2026-04-05 02:39:48.955 +07:00 [INF] HTTP GET /Admin responded 200 in 100.1202 ms
2026-04-05 02:39:48.970 +07:00 [INF] HTTP GET /images/tours/sp3.jpg responded 404 in 0.7623 ms
2026-04-05 02:39:48.993 +07:00 [INF] HTTP GET /lib/bootstrap/dist/css/bootstrap.min.css responded 200 in 12.4519 ms
2026-04-05 02:39:49.020 +07:00 [INF] HTTP GET /lib/jquery/dist/jquery.min.js responded 200 in 9.6798 ms
2026-04-05 02:39:49.048 +07:00 [INF] HTTP GET /js/site.js responded 200 in 3.3926 ms
2026-04-05 02:39:49.059 +07:00 [INF] HTTP GET /images/tours/sp5.jpg responded 404 in 0.9027 ms
2026-04-05 02:39:49.079 +07:00 [INF] HTTP GET /images/tours/qn1.jpg responded 304 in 1.1994 ms
2026-04-05 02:39:49.104 +07:00 [INF] HTTP GET /css/site.css responded 200 in 3.1107 ms
2026-04-05 02:39:49.236 +07:00 [INF] HTTP GET /lib/bootstrap/dist/js/bootstrap.bundle.min.js responded 200 in 15.2982 ms
2026-04-05 02:39:49.314 +07:00 [INF] HTTP GET /images/tours/sp4.jpg responded 404 in 0.6751 ms
2026-04-05 02:39:49.376 +07:00 [INF] HTTP GET /images/tours/qn4.jpg responded 404 in 0.8104 ms
2026-04-05 02:39:49.419 +07:00 [INF] HTTP GET /images/tours/qn2.jpg responded 404 in 1.5794 ms
2026-04-05 02:39:49.451 +07:00 [INF] HTTP GET /images/tours/qn3.jpg responded 404 in 1.2685 ms
2026-04-05 02:39:49.492 +07:00 [INF] HTTP GET /images/tours/dl1.jpg responded 200 in 1781.8009 ms
2026-04-05 02:39:51.482 +07:00 [INF] HTTP GET /Admin/Category responded 200 in 21.5706 ms
2026-04-05 02:39:51.524 +07:00 [INF] HTTP GET /css/site.css responded 200 in 15.9705 ms
2026-04-05 02:39:51.524 +07:00 [INF] HTTP GET /lib/bootstrap/dist/css/bootstrap.min.css responded 200 in 16.0954 ms
2026-04-05 02:39:51.525 +07:00 [INF] HTTP GET /lib/bootstrap/dist/js/bootstrap.bundle.min.js responded 200 in 12.9911 ms
2026-04-05 02:39:51.531 +07:00 [INF] HTTP GET /lib/jquery/dist/jquery.min.js responded 200 in 23.0167 ms
2026-04-05 02:39:51.542 +07:00 [INF] HTTP GET /js/site.js responded 200 in 10.7244 ms
2026-04-05 02:39:54.350 +07:00 [INF] HTTP GET /images/tours/tl1.jpg responded 404 in 0.9762 ms
2026-04-05 02:39:54.351 +07:00 [INF] HTTP GET /images/tours/tl2.jpg responded 404 in 0.8948 ms
2026-04-05 02:39:54.358 +07:00 [INF] HTTP GET /css/site.css responded 200 in 10.9894 ms
2026-04-05 02:39:54.358 +07:00 [INF] HTTP GET /images/tours/tl3.jpg responded 404 in 0.7029 ms
2026-04-05 02:39:54.372 +07:00 [INF] HTTP GET /lib/bootstrap/dist/css/bootstrap.min.css responded 200 in 26.9371 ms
2026-04-05 02:39:54.387 +07:00 [INF] HTTP GET /Admin/Tour responded 200 in 259.7714 ms
2026-04-05 02:39:54.578 +07:00 [INF] HTTP GET /images/tours/jp3.jpg responded 404 in 0.8208 ms
2026-04-05 02:39:54.611 +07:00 [INF] HTTP GET /images/tours/jp4.jpg responded 404 in 1.4281 ms
2026-04-05 02:39:54.623 +07:00 [INF] HTTP GET /images/tours/tl4.jpg responded 404 in 5.5054 ms
2026-04-05 02:39:54.642 +07:00 [INF] HTTP GET /images/tours/jp2.jpg responded 404 in 1.4009 ms
2026-04-05 02:39:54.643 +07:00 [INF] HTTP GET /images/tours/tl5.jpg responded 404 in 0.5964 ms
2026-04-05 02:39:54.669 +07:00 [INF] HTTP GET /lib/jquery/dist/jquery.min.js responded 200 in 4.6547 ms
2026-04-05 02:39:54.690 +07:00 [INF] HTTP GET /lib/bootstrap/dist/js/bootstrap.bundle.min.js responded 200 in 10.7392 ms
2026-04-05 02:39:54.711 +07:00 [INF] HTTP GET /images/tours/jp5.jpg responded 404 in 0.7721 ms
2026-04-05 02:39:54.781 +07:00 [INF] HTTP GET /images/tours/kr1.jpg responded 404 in 1.1607 ms
2026-04-05 02:39:54.833 +07:00 [INF] HTTP GET /images/tours/kr2.jpg responded 404 in 1.4992 ms
2026-04-05 02:39:55.698 +07:00 [INF] HTTP GET /images/tours/kr3.jpg responded 404 in 1.9174 ms
2026-04-05 02:39:55.750 +07:00 [INF] HTTP GET /images/tours/jp1.jpg responded 404 in 9.2820 ms
2026-04-05 02:39:55.761 +07:00 [INF] HTTP GET /js/site.js responded 200 in 15.0325 ms
2026-04-05 02:39:55.782 +07:00 [INF] HTTP GET /images/tours/kr5.jpg responded 404 in 0.7691 ms
2026-04-05 02:39:55.803 +07:00 [INF] HTTP GET /images/tours/sg1.jpg responded 404 in 0.7214 ms
2026-04-05 02:39:55.843 +07:00 [INF] HTTP GET /images/tours/sg2.jpg responded 404 in 4.9002 ms
2026-04-05 02:39:55.865 +07:00 [INF] HTTP GET /images/tours/sg3.jpg responded 404 in 0.7421 ms
2026-04-05 02:39:55.918 +07:00 [INF] HTTP GET /images/tours/fr2.jpg responded 404 in 0.7844 ms
2026-04-05 02:39:55.887 +07:00 [INF] HTTP GET /images/tours/kr4.jpg responded 404 in 2.5064 ms
2026-04-05 02:39:55.896 +07:00 [INF] HTTP GET /images/tours/sg5.jpg responded 404 in 1.2515 ms
2026-04-05 02:39:55.906 +07:00 [INF] HTTP GET /images/tours/fr1.jpg responded 404 in 0.7243 ms
2026-04-05 02:39:55.875 +07:00 [INF] HTTP GET /images/tours/sg4.jpg responded 404 in 1.3656 ms
2026-04-05 02:39:55.923 +07:00 [INF] HTTP GET /images/tours/fr3.jpg responded 404 in 0.6476 ms
2026-04-05 02:39:55.954 +07:00 [INF] HTTP GET /images/tours/pq1.jpg responded 304 in 1.6046 ms
2026-04-05 02:39:55.959 +07:00 [INF] HTTP GET /images/tours/dn1.jpg responded 304 in 1.1070 ms
2026-04-05 02:39:55.969 +07:00 [INF] HTTP GET /images/tours/fr4.jpg responded 404 in 0.9483 ms
2026-04-05 02:39:55.976 +07:00 [INF] HTTP GET /images/tours/fr5.jpg responded 404 in 1.5849 ms
2026-04-05 02:39:55.991 +07:00 [INF] HTTP GET /images/tours/pq2.jpg responded 404 in 1.5576 ms
2026-04-05 02:39:56.001 +07:00 [INF] HTTP GET /images/tours/pq3.jpg responded 404 in 0.7306 ms
2026-04-05 02:39:56.010 +07:00 [INF] HTTP GET /images/tours/pq4.jpg responded 404 in 1.1984 ms
2026-04-05 02:39:56.021 +07:00 [INF] HTTP GET /images/tours/pq5.jpg responded 404 in 1.9259 ms
2026-04-05 02:39:56.035 +07:00 [INF] HTTP GET /images/tours/dn2.jpg responded 404 in 1.3440 ms
2026-04-05 02:39:56.045 +07:00 [INF] HTTP GET /images/tours/dn3.jpg responded 404 in 0.8400 ms
2026-04-05 02:39:56.062 +07:00 [INF] HTTP GET /images/tours/dn4.jpg responded 404 in 0.8359 ms
2026-04-05 02:39:56.071 +07:00 [INF] HTTP GET /images/tours/dn5.jpg responded 404 in 1.5300 ms
2026-04-05 02:39:56.093 +07:00 [INF] HTTP GET /images/tours/dl2.jpg responded 404 in 1.1035 ms
2026-04-05 02:39:56.137 +07:00 [INF] HTTP GET /images/tours/dl3.jpg responded 404 in 0.7786 ms
2026-04-05 02:39:56.150 +07:00 [INF] HTTP GET /images/tours/dl4.jpg responded 404 in 0.7144 ms
2026-04-05 02:39:56.176 +07:00 [INF] HTTP GET /images/tours/dl5.jpg responded 404 in 0.7380 ms
2026-04-05 02:39:56.190 +07:00 [INF] HTTP GET /images/tours/sp1.jpg responded 304 in 1.1412 ms
2026-04-05 02:39:56.210 +07:00 [INF] HTTP GET /images/tours/sp2.jpg responded 404 in 0.7769 ms
2026-04-05 02:39:56.269 +07:00 [INF] HTTP GET /images/tours/sp3.jpg responded 404 in 1.1348 ms
2026-04-05 02:39:56.307 +07:00 [INF] HTTP GET /images/tours/sp4.jpg responded 404 in 0.8574 ms
2026-04-05 02:39:56.328 +07:00 [INF] HTTP GET /images/tours/sp5.jpg responded 404 in 0.8608 ms
2026-04-05 02:39:56.341 +07:00 [INF] HTTP GET /images/tours/qn1.jpg responded 304 in 1.0141 ms
2026-04-05 02:39:56.359 +07:00 [INF] HTTP GET /images/tours/qn2.jpg responded 404 in 0.6942 ms
2026-04-05 02:39:56.364 +07:00 [INF] HTTP GET /images/tours/qn3.jpg responded 404 in 0.7313 ms
2026-04-05 02:39:56.381 +07:00 [INF] HTTP GET /images/tours/qn4.jpg responded 404 in 0.7797 ms
2026-04-05 02:39:56.392 +07:00 [INF] HTTP GET /images/tours/dl1.jpg responded 200 in 307.3541 ms
2026-04-05 02:39:56.393 +07:00 [INF] HTTP GET /images/tours/qn5.jpg responded 404 in 0.7581 ms
2026-04-05 02:39:56.405 +07:00 [INF] HTTP GET /images/tours/nb2.jpg responded 404 in 0.6848 ms
2026-04-05 02:39:56.417 +07:00 [INF] HTTP GET /images/tours/nb3.jpg responded 404 in 6.8536 ms
2026-04-05 02:39:56.435 +07:00 [INF] HTTP GET /images/tours/nb4.jpg responded 404 in 9.3403 ms
2026-04-05 02:39:56.446 +07:00 [INF] HTTP GET /images/tours/nb5.jpg responded 404 in 1.4266 ms
2026-04-05 02:39:56.452 +07:00 [INF] HTTP GET /images/tours/nb1.jpg responded 304 in 1.4901 ms
2026-04-05 02:39:56.464 +07:00 [INF] HTTP GET /images/tours/hue1.jpg responded 404 in 0.7194 ms
2026-04-05 02:39:56.470 +07:00 [INF] HTTP GET /images/tours/hue2.jpg responded 404 in 0.7439 ms
2026-04-05 02:39:56.474 +07:00 [INF] HTTP GET /images/tours/hue3.jpg responded 404 in 0.7222 ms
2026-04-05 02:39:56.481 +07:00 [INF] HTTP GET /images/tours/hue4.jpg responded 404 in 0.6574 ms
2026-04-05 02:39:56.486 +07:00 [INF] HTTP GET /images/tours/hue5.jpg responded 404 in 0.8583 ms
2026-04-05 02:39:56.495 +07:00 [INF] HTTP GET /images/tours/ha1.jpg responded 404 in 0.6806 ms
2026-04-05 02:39:56.500 +07:00 [INF] HTTP GET /images/tours/ha2.jpg responded 404 in 1.0518 ms
2026-04-05 02:39:56.506 +07:00 [INF] HTTP GET /images/tours/ha3.jpg responded 404 in 0.6768 ms
2026-04-05 02:39:56.510 +07:00 [INF] HTTP GET /images/tours/ha4.jpg responded 404 in 0.9157 ms
2026-04-05 02:39:56.511 +07:00 [INF] HTTP GET /images/tours/ha5.jpg responded 404 in 0.5499 ms
2026-04-05 02:39:56.517 +07:00 [INF] HTTP GET /images/tours/nt1.jpg responded 304 in 0.9518 ms
2026-04-05 02:39:56.523 +07:00 [INF] HTTP GET /images/tours/nt2.jpg responded 404 in 0.8774 ms
2026-04-05 02:39:56.531 +07:00 [INF] HTTP GET /images/tours/nt3.jpg responded 404 in 0.6980 ms
2026-04-05 02:39:56.541 +07:00 [INF] HTTP GET /images/tours/nt4.jpg responded 404 in 0.6768 ms
2026-04-05 02:39:56.545 +07:00 [INF] HTTP GET /images/tours/nt5.jpg responded 404 in 0.6452 ms
2026-04-05 02:39:56.551 +07:00 [INF] HTTP GET /images/tours/mn1.jpg responded 304 in 1.1328 ms
2026-04-05 02:39:56.564 +07:00 [INF] HTTP GET /images/tours/mn2.jpg responded 404 in 1.6005 ms
2026-04-05 02:39:56.568 +07:00 [INF] HTTP GET /images/tours/mn3.jpg responded 404 in 0.7555 ms
2026-04-05 02:39:56.578 +07:00 [INF] HTTP GET /images/tours/mn4.jpg responded 404 in 0.9062 ms
2026-04-05 02:39:56.583 +07:00 [INF] HTTP GET /images/tours/mn5.jpg responded 404 in 1.3211 ms
2026-04-05 02:39:56.586 +07:00 [INF] HTTP GET /images/tours/hcm1.jpg responded 404 in 0.6390 ms
2026-04-05 02:39:56.594 +07:00 [INF] HTTP GET /images/tours/hcm2.jpg responded 404 in 0.7132 ms
2026-04-05 02:39:56.595 +07:00 [INF] HTTP GET /images/tours/hcm3.jpg responded 404 in 0.6174 ms
2026-04-05 02:39:56.604 +07:00 [INF] HTTP GET /images/tours/hcm4.jpg responded 404 in 0.8556 ms
2026-04-05 02:39:56.608 +07:00 [INF] HTTP GET /images/tours/hcm5.jpg responded 404 in 0.6214 ms
2026-04-05 02:39:56.618 +07:00 [INF] HTTP GET /images/tours/vt1.jpg responded 404 in 1.1225 ms
2026-04-05 02:39:56.622 +07:00 [INF] HTTP GET /images/tours/vt2.jpg responded 404 in 0.6452 ms
2026-04-05 02:39:56.626 +07:00 [INF] HTTP GET /images/tours/vt3.jpg responded 404 in 0.8363 ms
2026-04-05 02:39:56.631 +07:00 [INF] HTTP GET /images/tours/vt4.jpg responded 404 in 0.7085 ms
2026-04-05 02:39:56.638 +07:00 [INF] HTTP GET /images/tours/vt5.jpg responded 404 in 0.6474 ms
2026-04-05 02:39:56.641 +07:00 [INF] HTTP GET /images/tours/ct1.jpg responded 404 in 0.7268 ms
2026-04-05 02:39:56.644 +07:00 [INF] HTTP GET /images/tours/ct2.jpg responded 404 in 0.6026 ms
2026-04-05 02:39:56.669 +07:00 [INF] HTTP GET /images/tours/ct4.jpg responded 404 in 2.0286 ms
2026-04-05 02:39:56.672 +07:00 [INF] HTTP GET /images/tours/ct3.jpg responded 404 in 15.1164 ms
2026-04-05 02:39:57.989 +07:00 [INF] HTTP GET /images/tours/ct5.jpg responded 404 in 0.7123 ms
2026-04-05 02:39:58.033 +07:00 [INF] HTTP GET /images/tours/ag2.jpg responded 404 in 1.2149 ms
2026-04-05 02:39:58.037 +07:00 [INF] HTTP GET /images/tours/ag1.jpg responded 404 in 10.8326 ms
2026-04-05 02:39:58.072 +07:00 [INF] HTTP GET /images/tours/ag3.jpg responded 404 in 0.8485 ms
2026-04-05 02:39:58.083 +07:00 [INF] HTTP GET /images/tours/ag4.jpg responded 404 in 0.7170 ms
2026-04-05 02:39:58.098 +07:00 [INF] HTTP GET /images/tours/ag5.jpg responded 404 in 4.0657 ms
2026-04-05 02:39:58.160 +07:00 [INF] HTTP GET /images/tours/ht1.jpg responded 404 in 0.7533 ms
2026-04-05 02:39:58.201 +07:00 [INF] HTTP GET /images/tours/ht2.jpg responded 404 in 1.3890 ms
2026-04-05 02:39:58.209 +07:00 [INF] HTTP GET /images/tours/ht3.jpg responded 404 in 4.1997 ms
2026-04-05 02:39:58.222 +07:00 [INF] HTTP GET /images/tours/ht4.jpg responded 404 in 0.8221 ms
2026-04-05 02:39:58.230 +07:00 [INF] HTTP GET /images/tours/ht5.jpg responded 404 in 0.6521 ms
2026-04-05 02:40:00.999 +07:00 [INF] HTTP GET /Admin/Category responded 200 in 50.0814 ms
2026-04-05 02:40:01.029 +07:00 [INF] HTTP GET /css/site.css responded 200 in 7.9323 ms
2026-04-05 02:40:01.036 +07:00 [INF] HTTP GET /js/site.js responded 200 in 2.1681 ms
2026-04-05 02:40:01.043 +07:00 [INF] HTTP GET /lib/bootstrap/dist/js/bootstrap.bundle.min.js responded 200 in 11.8841 ms
2026-04-05 02:40:01.038 +07:00 [INF] HTTP GET /lib/bootstrap/dist/css/bootstrap.min.css responded 200 in 19.4981 ms
2026-04-05 02:40:01.043 +07:00 [INF] HTTP GET /lib/jquery/dist/jquery.min.js responded 200 in 12.9271 ms
2026-04-05 02:40:06.115 +07:00 [INF] HTTP GET / responded 200 in 88.8521 ms
2026-04-05 02:40:06.139 +07:00 [INF] HTTP GET /css/site.css responded 200 in 2.2655 ms
2026-04-05 02:40:06.141 +07:00 [INF] HTTP GET /images/tours/tl1.jpg responded 404 in 1.8764 ms
2026-04-05 02:40:06.146 +07:00 [INF] HTTP GET /images/tours/tl3.jpg responded 404 in 0.6233 ms
2026-04-05 02:40:06.146 +07:00 [INF] HTTP GET /images/tours/jp1.jpg responded 404 in 0.6361 ms
2026-04-05 02:40:06.151 +07:00 [INF] HTTP GET /lib/bootstrap/dist/css/bootstrap.min.css responded 200 in 20.4042 ms
2026-04-05 02:40:06.192 +07:00 [INF] HTTP GET /lib/jquery/dist/jquery.min.js responded 200 in 12.5915 ms
2026-04-05 02:40:06.194 +07:00 [INF] HTTP GET /images/tours/jp3.jpg responded 404 in 5.9932 ms
2026-04-05 02:40:06.220 +07:00 [INF] HTTP GET /images/categories/am-thuc.jpg responded 404 in 1.2842 ms
2026-04-05 02:40:06.248 +07:00 [INF] HTTP GET /images/hinh-nen-viet-nam-4k25.jpg responded 304 in 1.5658 ms
2026-04-05 02:40:06.262 +07:00 [INF] HTTP GET /images/categories/mao-hiem.jpg responded 404 in 0.7384 ms
2026-04-05 02:40:06.266 +07:00 [INF] HTTP GET /images/tours/kr1.jpg responded 404 in 2.4134 ms
2026-04-05 02:40:06.277 +07:00 [INF] HTTP GET /lib/bootstrap/dist/js/bootstrap.bundle.min.js responded 200 in 5.6871 ms
2026-04-05 02:40:06.298 +07:00 [INF] HTTP GET /images/categories/team-building.jpg responded 404 in 0.6877 ms
2026-04-05 02:40:06.319 +07:00 [INF] HTTP GET /images/categories/nghi-duong.jpg responded 404 in 0.7746 ms
2026-04-05 02:40:06.381 +07:00 [INF] HTTP GET /js/site.js responded 200 in 13.4475 ms
2026-04-05 02:40:06.430 +07:00 [INF] HTTP GET /images/categories/quoc-te.jpg responded 404 in 0.6876 ms
2026-04-05 02:40:06.448 +07:00 [INF] HTTP GET /images/tours/kr3.jpg responded 404 in 0.7077 ms
2026-04-05 02:40:10.933 +07:00 [INF] Tìm kiếm tour với keyword: null, CategoryId: null
2026-04-05 02:40:11.164 +07:00 [INF] Tìm thấy 100 tour phù hợp
2026-04-05 02:40:11.329 +07:00 [INF] HTTP GET /Tour responded 200 in 462.5211 ms
2026-04-05 02:40:11.372 +07:00 [INF] HTTP GET /images/tours/tl1.jpg responded 404 in 0.7831 ms
2026-04-05 02:40:11.380 +07:00 [INF] HTTP GET /css/site.css responded 200 in 29.8239 ms
2026-04-05 02:40:11.387 +07:00 [INF] HTTP GET /images/tours/jp1.jpg responded 404 in 4.0544 ms
2026-04-05 02:40:11.393 +07:00 [INF] HTTP GET /images/tours/tl3.jpg responded 404 in 13.4574 ms
2026-04-05 02:40:11.397 +07:00 [INF] HTTP GET /lib/bootstrap/dist/css/bootstrap.min.css responded 200 in 59.6894 ms
2026-04-05 02:40:11.446 +07:00 [INF] HTTP GET /lib/jquery/dist/jquery.min.js responded 200 in 11.0083 ms
2026-04-05 02:40:11.475 +07:00 [INF] HTTP GET /js/site.js responded 200 in 12.9962 ms
2026-04-05 02:40:11.622 +07:00 [INF] HTTP GET /images/tours/jp3.jpg responded 404 in 0.7119 ms
2026-04-05 02:40:11.780 +07:00 [INF] HTTP GET /images/tours/sg1.jpg responded 404 in 0.6524 ms
2026-04-05 02:40:11.807 +07:00 [INF] HTTP GET /images/tours/sg3.jpg responded 404 in 0.7979 ms
2026-04-05 02:40:11.834 +07:00 [INF] HTTP GET /images/tours/kr1.jpg responded 404 in 1.5114 ms
2026-04-05 02:40:11.854 +07:00 [INF] HTTP GET /lib/bootstrap/dist/js/bootstrap.bundle.min.js responded 200 in 12.8555 ms
2026-04-05 02:40:11.859 +07:00 [INF] HTTP GET /images/tours/kr3.jpg responded 404 in 1.0063 ms
2026-04-05 02:40:11.872 +07:00 [INF] HTTP GET /images/tours/fr1.jpg responded 404 in 1.1494 ms
2026-04-05 02:40:17.917 +07:00 [INF] HTTP GET / responded 200 in 92.0386 ms
2026-04-05 02:40:17.951 +07:00 [INF] HTTP GET /images/tours/tl1.jpg responded 404 in 5.7088 ms
2026-04-05 02:40:17.953 +07:00 [INF] HTTP GET /images/tours/tl3.jpg responded 404 in 0.6190 ms
2026-04-05 02:40:17.960 +07:00 [INF] HTTP GET /images/tours/jp1.jpg responded 404 in 2.0378 ms
2026-04-05 02:40:17.966 +07:00 [INF] HTTP GET /css/site.css responded 200 in 22.0342 ms
2026-04-05 02:40:17.971 +07:00 [INF] HTTP GET /lib/bootstrap/dist/css/bootstrap.min.css responded 200 in 34.9751 ms
2026-04-05 02:40:19.174 +07:00 [INF] HTTP GET /images/categories/quoc-te.jpg responded 404 in 2.4846 ms
2026-04-05 02:40:19.191 +07:00 [INF] HTTP GET /images/hinh-nen-viet-nam-4k25.jpg responded 304 in 0.9304 ms
2026-04-05 02:40:19.200 +07:00 [INF] HTTP GET /images/categories/nghi-duong.jpg responded 404 in 0.7059 ms
2026-04-05 02:40:19.205 +07:00 [INF] HTTP GET /images/categories/mao-hiem.jpg responded 404 in 0.7729 ms
2026-04-05 02:40:19.213 +07:00 [INF] HTTP GET /images/tours/jp3.jpg responded 404 in 0.7012 ms
2026-04-05 02:40:19.236 +07:00 [INF] HTTP GET /images/tours/kr1.jpg responded 404 in 0.9050 ms
2026-04-05 02:40:19.328 +07:00 [INF] HTTP GET /images/categories/team-building.jpg responded 404 in 0.7778 ms
2026-04-05 02:40:19.415 +07:00 [INF] HTTP GET /images/categories/am-thuc.jpg responded 404 in 0.7951 ms
2026-04-05 02:40:19.459 +07:00 [INF] HTTP GET /lib/jquery/dist/jquery.min.js responded 200 in 11.4344 ms
2026-04-05 02:40:19.477 +07:00 [INF] HTTP GET /js/site.js responded 200 in 4.0770 ms
2026-04-05 02:40:19.781 +07:00 [INF] HTTP GET /lib/bootstrap/dist/js/bootstrap.bundle.min.js responded 200 in 25.7405 ms
2026-04-05 02:40:20.624 +07:00 [INF] HTTP GET /images/tours/kr3.jpg responded 404 in 0.7883 ms
2026-04-05 02:40:22.007 +07:00 [INF] HTTP GET /Account/Profile responded 200 in 696.8194 ms
2026-04-05 02:40:22.036 +07:00 [INF] HTTP GET /css/site.css responded 200 in 2.9923 ms
2026-04-05 02:40:22.060 +07:00 [INF] HTTP GET /lib/jquery/dist/jquery.min.js responded 200 in 24.8133 ms
2026-04-05 02:40:22.065 +07:00 [INF] HTTP GET /lib/bootstrap/dist/css/bootstrap.min.css responded 200 in 33.2350 ms
2026-04-05 02:40:22.069 +07:00 [INF] HTTP GET /js/site.js responded 200 in 17.3822 ms
2026-04-05 02:40:22.074 +07:00 [INF] HTTP GET /lib/bootstrap/dist/js/bootstrap.bundle.min.js responded 200 in 33.6201 ms
2026-04-05 02:40:25.840 +07:00 [INF] HTTP GET / responded 200 in 60.8113 ms
2026-04-05 02:40:25.891 +07:00 [INF] HTTP GET /images/tours/tl1.jpg responded 404 in 0.6744 ms
2026-04-05 02:40:25.892 +07:00 [INF] HTTP GET /images/tours/jp3.jpg responded 404 in 0.5679 ms
2026-04-05 02:40:25.892 +07:00 [INF] HTTP GET /images/tours/tl3.jpg responded 404 in 0.3888 ms
2026-04-05 02:40:25.896 +07:00 [INF] HTTP GET /images/tours/jp1.jpg responded 404 in 0.9860 ms
2026-04-05 02:40:25.898 +07:00 [INF] HTTP GET /css/site.css responded 200 in 9.2363 ms
2026-04-05 02:40:25.900 +07:00 [INF] HTTP GET /lib/bootstrap/dist/css/bootstrap.min.css responded 200 in 40.4076 ms
2026-04-05 02:40:25.935 +07:00 [INF] HTTP GET /lib/bootstrap/dist/js/bootstrap.bundle.min.js responded 200 in 4.3768 ms
2026-04-05 02:40:25.961 +07:00 [INF] HTTP GET /js/site.js responded 200 in 13.9118 ms
2026-04-05 02:40:26.627 +07:00 [INF] HTTP GET /images/tours/kr3.jpg responded 404 in 0.9724 ms
2026-04-05 02:40:26.544 +07:00 [INF] HTTP GET /images/categories/mao-hiem.jpg responded 404 in 0.6846 ms
2026-04-05 02:40:26.556 +07:00 [INF] HTTP GET /images/tours/kr1.jpg responded 404 in 3.8296 ms
2026-04-05 02:40:26.579 +07:00 [INF] HTTP GET /lib/jquery/dist/jquery.min.js responded 200 in 13.0558 ms
2026-04-05 02:40:26.537 +07:00 [INF] HTTP GET /images/categories/quoc-te.jpg responded 404 in 0.6121 ms
2026-04-05 02:40:26.635 +07:00 [INF] HTTP GET /images/hinh-nen-viet-nam-4k25.jpg responded 304 in 28.2363 ms
2026-04-05 02:40:27.061 +07:00 [INF] HTTP GET /images/categories/am-thuc.jpg responded 404 in 1.1827 ms
2026-04-05 02:40:27.064 +07:00 [INF] HTTP GET /images/categories/nghi-duong.jpg responded 404 in 0.5530 ms
2026-04-05 02:40:27.075 +07:00 [INF] HTTP GET /images/categories/team-building.jpg responded 404 in 3.2581 ms
2026-04-05 02:42:29.226 +07:00 [INF] HTTP GET / responded 200 in 304.4081 ms
2026-04-05 02:42:29.296 +07:00 [INF] HTTP GET /images/tours/tl3.jpg responded 404 in 0.5744 ms
2026-04-05 02:42:29.384 +07:00 [INF] HTTP GET /lib/bootstrap/dist/css/bootstrap.min.css responded 200 in 111.2972 ms
2026-04-05 02:42:29.406 +07:00 [INF] HTTP GET /images/tours/tl1.jpg responded 404 in 0.6153 ms
2026-04-05 02:42:29.431 +07:00 [INF] HTTP GET /css/site.css responded 200 in 3.5703 ms
2026-04-05 02:42:29.455 +07:00 [INF] HTTP GET /images/tours/jp1.jpg responded 404 in 2.1264 ms
2026-04-05 02:42:29.614 +07:00 [INF] HTTP GET /images/hinh-nen-viet-nam-4k25.jpg responded 304 in 1.4500 ms
2026-04-05 02:42:29.657 +07:00 [INF] HTTP GET /images/tours/jp3.jpg responded 404 in 0.7864 ms
2026-04-05 02:42:29.681 +07:00 [WRN] The static asset '/images/categories/quoc-te.jpg' was not found in the built time manifest. This file will not be available at runtime if it is not available at compile time during the publish process. If the file was not added to the project during development, and is created at runtime, use the StaticFiles middleware to serve it instead.
2026-04-05 02:42:29.695 +07:00 [INF] HTTP GET /images/tours/kr1.jpg responded 404 in 1.5824 ms
2026-04-05 02:42:29.695 +07:00 [WRN] The static asset '/images/categories/nghi-duong.jpg' was not found in the built time manifest. This file will not be available at runtime if it is not available at compile time during the publish process. If the file was not added to the project during development, and is created at runtime, use the StaticFiles middleware to serve it instead.
2026-04-05 02:42:29.708 +07:00 [WRN] The static asset '/images/categories/team-building.jpg' was not found in the built time manifest. This file will not be available at runtime if it is not available at compile time during the publish process. If the file was not added to the project during development, and is created at runtime, use the StaticFiles middleware to serve it instead.
2026-04-05 02:42:29.718 +07:00 [WRN] The static asset '/images/categories/am-thuc.jpg' was not found in the built time manifest. This file will not be available at runtime if it is not available at compile time during the publish process. If the file was not added to the project during development, and is created at runtime, use the StaticFiles middleware to serve it instead.
2026-04-05 02:42:29.730 +07:00 [WRN] The static asset '/images/categories/mao-hiem.jpg' was not found in the built time manifest. This file will not be available at runtime if it is not available at compile time during the publish process. If the file was not added to the project during development, and is created at runtime, use the StaticFiles middleware to serve it instead.
2026-04-05 02:42:29.766 +07:00 [INF] HTTP GET /lib/jquery/dist/jquery.min.js responded 200 in 10.7273 ms
2026-04-05 02:42:29.784 +07:00 [INF] HTTP GET /images/categories/quoc-te.jpg responded 200 in 123.1448 ms
2026-04-05 02:42:29.793 +07:00 [INF] HTTP GET /images/categories/nghi-duong.jpg responded 200 in 105.4483 ms
2026-04-05 02:42:29.819 +07:00 [INF] HTTP GET /images/categories/team-building.jpg responded 200 in 111.1534 ms
2026-04-05 02:42:29.839 +07:00 [INF] HTTP GET /images/categories/am-thuc.jpg responded 200 in 120.9399 ms
2026-04-05 02:42:29.846 +07:00 [INF] HTTP GET /images/categories/mao-hiem.jpg responded 200 in 117.2785 ms
2026-04-05 02:42:29.860 +07:00 [INF] HTTP GET /js/site.js responded 200 in 3.4447 ms
2026-04-05 02:42:29.878 +07:00 [INF] HTTP GET /lib/bootstrap/dist/js/bootstrap.bundle.min.js responded 200 in 12.3069 ms
2026-04-05 02:42:29.881 +07:00 [INF] HTTP GET /images/tours/kr3.jpg responded 404 in 0.6033 ms
2026-04-05 02:42:29.981 +07:00 [INF] HTTP GET /favicon.ico responded 200 in 6.3214 ms
2026-04-05 02:42:39.438 +07:00 [INF] Tìm kiếm tour với keyword: null, CategoryId: null
2026-04-05 02:42:39.474 +07:00 [INF] Tìm thấy 100 tour phù hợp
2026-04-05 02:42:39.510 +07:00 [INF] HTTP GET /Tour responded 200 in 73.9908 ms
2026-04-05 02:42:39.537 +07:00 [INF] HTTP GET /images/tours/tl1.jpg responded 404 in 1.0138 ms
2026-04-05 02:42:39.541 +07:00 [INF] HTTP GET /images/tours/tl3.jpg responded 404 in 0.8076 ms
2026-04-05 02:42:39.541 +07:00 [INF] HTTP GET /css/site.css responded 200 in 6.5842 ms
2026-04-05 02:42:39.543 +07:00 [INF] HTTP GET /images/tours/jp1.jpg responded 404 in 0.5035 ms
2026-04-05 02:42:39.545 +07:00 [INF] HTTP GET /lib/bootstrap/dist/css/bootstrap.min.css responded 200 in 17.9554 ms
2026-04-05 02:42:39.555 +07:00 [INF] HTTP GET /images/tours/kr1.jpg responded 404 in 0.9529 ms
2026-04-05 02:42:39.591 +07:00 [INF] HTTP GET /lib/bootstrap/dist/js/bootstrap.bundle.min.js responded 200 in 11.3087 ms
2026-04-05 02:42:39.592 +07:00 [INF] HTTP GET /js/site.js responded 200 in 4.7353 ms
2026-04-05 02:42:39.604 +07:00 [INF] HTTP GET /images/tours/jp3.jpg responded 404 in 2.6094 ms
2026-04-05 02:42:39.615 +07:00 [INF] HTTP GET /images/tours/sg3.jpg responded 404 in 1.2835 ms
2026-04-05 02:42:39.630 +07:00 [INF] HTTP GET /lib/jquery/dist/jquery.min.js responded 200 in 11.9895 ms
2026-04-05 02:42:39.639 +07:00 [INF] HTTP GET /images/tours/kr3.jpg responded 404 in 0.6544 ms
2026-04-05 02:42:39.653 +07:00 [INF] HTTP GET /images/tours/sg1.jpg responded 404 in 0.6160 ms
2026-04-05 02:42:39.680 +07:00 [INF] HTTP GET /images/tours/fr1.jpg responded 404 in 0.5906 ms
2026-04-05 02:44:09.167 +07:00 [INF] Tìm kiếm tour với keyword: null, CategoryId: null
2026-04-05 02:44:09.777 +07:00 [INF] Tìm thấy 100 tour phù hợp
2026-04-05 02:44:09.805 +07:00 [INF] HTTP GET /Tour responded 200 in 639.8318 ms
2026-04-05 02:44:09.829 +07:00 [INF] HTTP GET /css/site.css responded 200 in 2.3389 ms
2026-04-05 02:44:09.860 +07:00 [INF] HTTP GET /images/tours/jp3.jpg responded 404 in 0.7050 ms
2026-04-05 02:44:09.840 +07:00 [INF] HTTP GET /images/tours/jp1.jpg responded 404 in 4.5675 ms
2026-04-05 02:44:09.841 +07:00 [INF] HTTP GET /images/tours/tl3.jpg responded 404 in 0.6410 ms
2026-04-05 02:44:09.846 +07:00 [INF] HTTP GET /lib/bootstrap/dist/css/bootstrap.min.css responded 200 in 22.1166 ms
2026-04-05 02:44:09.832 +07:00 [INF] HTTP GET /images/tours/tl1.jpg responded 404 in 0.5392 ms
2026-04-05 02:44:09.861 +07:00 [INF] HTTP GET /lib/jquery/dist/jquery.min.js responded 200 in 10.9677 ms
2026-04-05 02:44:09.883 +07:00 [INF] HTTP GET /images/tours/kr3.jpg responded 404 in 0.5318 ms
2026-04-05 02:44:09.887 +07:00 [INF] HTTP GET /js/site.js responded 200 in 7.5705 ms
2026-04-05 02:44:09.895 +07:00 [INF] HTTP GET /images/tours/sg3.jpg responded 404 in 0.5761 ms
2026-04-05 02:44:09.898 +07:00 [INF] HTTP GET /images/tours/kr1.jpg responded 404 in 0.5515 ms
2026-04-05 02:44:09.915 +07:00 [INF] HTTP GET /images/tours/fr1.jpg responded 404 in 1.1927 ms
2026-04-05 02:44:09.929 +07:00 [INF] HTTP GET /lib/bootstrap/dist/js/bootstrap.bundle.min.js responded 200 in 8.7957 ms
2026-04-05 02:44:09.956 +07:00 [INF] HTTP GET /images/tours/sg1.jpg responded 404 in 0.9130 ms
2026-04-05 02:44:10.030 +07:00 [INF] HTTP GET /favicon.ico responded 200 in 4.1980 ms
2026-04-05 02:44:21.903 +07:00 [INF] HTTP GET / responded 200 in 49.1033 ms
2026-04-05 02:44:21.923 +07:00 [INF] HTTP GET /images/tours/tl1.jpg responded 404 in 0.4901 ms
2026-04-05 02:44:21.928 +07:00 [INF] HTTP GET /images/tours/tl3.jpg responded 404 in 1.7719 ms
2026-04-05 02:44:21.928 +07:00 [INF] HTTP GET /css/site.css responded 200 in 5.3603 ms
2026-04-05 02:44:21.929 +07:00 [INF] HTTP GET /images/tours/jp3.jpg responded 404 in 0.4130 ms
2026-04-05 02:44:21.930 +07:00 [INF] HTTP GET /images/tours/jp1.jpg responded 404 in 1.7039 ms
2026-04-05 02:44:21.931 +07:00 [INF] HTTP GET /lib/bootstrap/dist/css/bootstrap.min.css responded 200 in 11.2847 ms
2026-04-05 02:44:21.967 +07:00 [INF] HTTP GET /lib/jquery/dist/jquery.min.js responded 200 in 10.9554 ms
2026-04-05 02:44:22.448 +07:00 [WRN] The static asset '/images/categories/quoc-te.jpg' was not found in the built time manifest. This file will not be available at runtime if it is not available at compile time during the publish process. If the file was not added to the project during development, and is created at runtime, use the StaticFiles middleware to serve it instead.
2026-04-05 02:44:22.452 +07:00 [INF] HTTP GET /images/tours/kr1.jpg responded 404 in 0.5911 ms
2026-04-05 02:44:22.472 +07:00 [WRN] The static asset '/images/categories/nghi-duong.jpg' was not found in the built time manifest. This file will not be available at runtime if it is not available at compile time during the publish process. If the file was not added to the project during development, and is created at runtime, use the StaticFiles middleware to serve it instead.
2026-04-05 02:44:22.528 +07:00 [WRN] The static asset '/images/categories/team-building.jpg' was not found in the built time manifest. This file will not be available at runtime if it is not available at compile time during the publish process. If the file was not added to the project during development, and is created at runtime, use the StaticFiles middleware to serve it instead.
2026-04-05 02:44:22.580 +07:00 [INF] HTTP GET /lib/bootstrap/dist/js/bootstrap.bundle.min.js responded 200 in 3.1278 ms
2026-04-05 02:44:22.581 +07:00 [INF] HTTP GET /images/hinh-nen-viet-nam-4k25.jpg responded 304 in 0.8932 ms
2026-04-05 02:44:22.606 +07:00 [INF] HTTP GET /images/categories/quoc-te.jpg responded 200 in 158.1906 ms
2026-04-05 02:44:22.614 +07:00 [INF] HTTP GET /js/site.js responded 200 in 2.1782 ms
2026-04-05 02:44:22.628 +07:00 [INF] HTTP GET /images/categories/nghi-duong.jpg responded 200 in 155.9064 ms
2026-04-05 02:44:22.637 +07:00 [INF] HTTP GET /images/categories/team-building.jpg responded 200 in 109.6333 ms
2026-04-05 02:44:22.644 +07:00 [WRN] The static asset '/images/categories/am-thuc.jpg' was not found in the built time manifest. This file will not be available at runtime if it is not available at compile time during the publish process. If the file was not added to the project during development, and is created at runtime, use the StaticFiles middleware to serve it instead.
2026-04-05 02:44:22.655 +07:00 [WRN] The static asset '/images/categories/mao-hiem.jpg' was not found in the built time manifest. This file will not be available at runtime if it is not available at compile time during the publish process. If the file was not added to the project during development, and is created at runtime, use the StaticFiles middleware to serve it instead.
2026-04-05 02:44:22.660 +07:00 [INF] HTTP GET /images/tours/kr3.jpg responded 404 in 0.5736 ms
2026-04-05 02:44:22.687 +07:00 [INF] HTTP GET /images/categories/am-thuc.jpg responded 200 in 42.8903 ms
2026-04-05 02:44:22.691 +07:00 [INF] HTTP GET /images/categories/mao-hiem.jpg responded 200 in 36.8914 ms
2026-04-05 02:44:38.583 +07:00 [INF] Tìm kiếm tour với keyword: null, CategoryId: null
2026-04-05 02:44:38.617 +07:00 [INF] Tìm thấy 100 tour phù hợp
2026-04-05 02:44:38.632 +07:00 [INF] HTTP GET /Tour responded 200 in 50.5383 ms
2026-04-05 02:44:38.652 +07:00 [INF] HTTP GET /images/tours/tl3.jpg responded 404 in 0.4941 ms
2026-04-05 02:44:38.652 +07:00 [INF] HTTP GET /images/tours/tl1.jpg responded 404 in 0.5108 ms
2026-04-05 02:44:38.653 +07:00 [INF] HTTP GET /css/site.css responded 200 in 2.2094 ms
2026-04-05 02:44:38.655 +07:00 [INF] HTTP GET /lib/bootstrap/dist/css/bootstrap.min.css responded 200 in 5.0678 ms
2026-04-05 02:44:38.662 +07:00 [INF] HTTP GET /images/tours/jp3.jpg responded 404 in 0.9431 ms
2026-04-05 02:44:38.663 +07:00 [INF] HTTP GET /images/tours/kr1.jpg responded 404 in 0.6154 ms
2026-04-05 02:44:38.679 +07:00 [INF] HTTP GET /lib/jquery/dist/jquery.min.js responded 200 in 8.4832 ms
2026-04-05 02:44:38.926 +07:00 [INF] HTTP GET /images/tours/kr3.jpg responded 404 in 0.5900 ms
2026-04-05 02:44:39.140 +07:00 [INF] HTTP GET /images/tours/jp1.jpg responded 404 in 2.9201 ms
2026-04-05 02:44:39.149 +07:00 [INF] HTTP GET /lib/bootstrap/dist/js/bootstrap.bundle.min.js responded 200 in 5.3161 ms
2026-04-05 02:44:39.159 +07:00 [INF] HTTP GET /images/tours/sg3.jpg responded 404 in 1.2530 ms
2026-04-05 02:44:39.172 +07:00 [INF] HTTP GET /images/tours/fr1.jpg responded 404 in 0.9887 ms
2026-04-05 02:44:39.182 +07:00 [INF] HTTP GET /js/site.js responded 200 in 2.8837 ms
2026-04-05 02:44:39.240 +07:00 [INF] HTTP GET /images/tours/sg1.jpg responded 404 in 0.5811 ms
2026-04-05 02:45:42.719 +07:00 [INF] Tìm kiếm tour với keyword: null, CategoryId: null
2026-04-05 02:45:42.898 +07:00 [INF] Tìm thấy 100 tour phù hợp
2026-04-05 02:45:43.049 +07:00 [INF] HTTP GET /Tour responded 200 in 334.3187 ms
2026-04-05 02:45:43.076 +07:00 [INF] HTTP GET /images/tours/tl1.jpg responded 404 in 1.7078 ms
2026-04-05 02:45:43.081 +07:00 [INF] HTTP GET /css/site.css responded 200 in 8.8656 ms
2026-04-05 02:45:43.086 +07:00 [INF] HTTP GET /images/tours/tl3.jpg responded 404 in 0.5502 ms
2026-04-05 02:45:43.088 +07:00 [INF] HTTP GET /lib/bootstrap/dist/css/bootstrap.min.css responded 200 in 15.1089 ms
2026-04-05 02:45:43.128 +07:00 [INF] HTTP GET /images/tours/jp1.jpg responded 404 in 0.5710 ms
2026-04-05 02:45:43.945 +07:00 [INF] HTTP GET /lib/jquery/dist/jquery.min.js responded 200 in 24.5975 ms
2026-04-05 02:45:44.419 +07:00 [INF] HTTP GET /js/site.js responded 200 in 12.7140 ms
2026-04-05 02:45:44.752 +07:00 [INF] HTTP GET /images/tours/kr3.jpg responded 404 in 0.6668 ms
2026-04-05 02:45:44.476 +07:00 [INF] HTTP GET /images/tours/sg1.jpg responded 404 in 0.5903 ms
2026-04-05 02:45:44.698 +07:00 [INF] HTTP GET /images/tours/kr1.jpg responded 404 in 0.7333 ms
2026-04-05 02:45:44.709 +07:00 [INF] HTTP GET /images/tours/sg3.jpg responded 404 in 0.7185 ms
2026-04-05 02:45:44.420 +07:00 [INF] HTTP GET /images/tours/jp3.jpg responded 404 in 6.3375 ms
2026-04-05 02:45:44.754 +07:00 [INF] HTTP GET /lib/bootstrap/dist/js/bootstrap.bundle.min.js responded 200 in 13.9475 ms
2026-04-05 02:45:45.510 +07:00 [INF] HTTP GET /images/tours/fr1.jpg responded 404 in 0.8300 ms
2026-04-05 02:45:45.565 +07:00 [INF] HTTP GET /favicon.ico responded 200 in 1.7371 ms
2026-04-05 02:46:52.893 +07:00 [INF] Seed dữ liệu ban đầu thành công
2026-04-05 02:46:53.296 +07:00 [INF] Ứng dụng Tour Du Lịch khởi chạy
2026-04-05 02:46:56.062 +07:00 [WRN] Failed to determine the https port for redirect.
2026-04-05 02:46:57.329 +07:00 [INF] Tìm kiếm tour với keyword: null, CategoryId: null
2026-04-05 02:46:58.839 +07:00 [INF] Tìm thấy 100 tour phù hợp
2026-04-05 02:46:59.559 +07:00 [INF] HTTP GET /images/tours/jp1.jpg responded 404 in 21.8494 ms
2026-04-05 02:46:59.559 +07:00 [INF] HTTP GET /images/tours/tl1.jpg responded 404 in 22.4841 ms
2026-04-05 02:46:59.560 +07:00 [INF] HTTP GET /images/tours/tl3.jpg responded 404 in 31.3467 ms
2026-04-05 02:46:59.559 +07:00 [INF] HTTP GET /Tour responded 200 in 3086.1509 ms
2026-04-05 02:46:59.729 +07:00 [INF] HTTP GET /css/site.css responded 200 in 198.4867 ms
2026-04-05 02:47:00.098 +07:00 [INF] HTTP GET /lib/bootstrap/dist/css/bootstrap.min.css responded 200 in 571.4877 ms
2026-04-05 02:47:00.370 +07:00 [INF] HTTP GET /images/tours/jp3.jpg responded 404 in 167.3976 ms
2026-04-05 02:47:00.439 +07:00 [INF] HTTP GET /js/site.js responded 200 in 29.1968 ms
2026-04-05 02:47:00.459 +07:00 [INF] HTTP GET /lib/bootstrap/dist/js/bootstrap.bundle.min.js responded 200 in 32.1452 ms
2026-04-05 02:47:00.510 +07:00 [INF] HTTP GET /images/tours/sg3.jpg responded 404 in 1.9971 ms
2026-04-05 02:47:00.542 +07:00 [INF] HTTP GET /images/tours/kr1.jpg responded 404 in 9.6833 ms
2026-04-05 02:47:00.567 +07:00 [INF] HTTP GET /lib/jquery/dist/jquery.min.js responded 200 in 16.9956 ms
2026-04-05 02:47:00.632 +07:00 [INF] HTTP GET /images/tours/kr3.jpg responded 404 in 6.3272 ms
2026-04-05 02:47:00.646 +07:00 [INF] HTTP GET /images/tours/sg1.jpg responded 404 in 2.5271 ms
2026-04-05 02:47:00.701 +07:00 [INF] HTTP GET /images/tours/fr1.jpg responded 404 in 3.4382 ms
2026-04-05 02:47:00.819 +07:00 [INF] HTTP GET /favicon.ico responded 200 in 5.0257 ms
2026-04-05 02:47:09.639 +07:00 [INF] HTTP GET / responded 200 in 569.5730 ms
2026-04-05 02:47:09.676 +07:00 [INF] HTTP GET /images/tours/tl3.jpg responded 404 in 6.7888 ms
2026-04-05 02:47:09.679 +07:00 [INF] HTTP GET /images/tours/tl1.jpg responded 404 in 11.8792 ms
2026-04-05 02:47:09.684 +07:00 [INF] HTTP GET /images/tours/jp3.jpg responded 404 in 6.3385 ms
2026-04-05 02:47:09.684 +07:00 [INF] HTTP GET /images/tours/jp1.jpg responded 404 in 4.5652 ms
2026-04-05 02:47:09.691 +07:00 [INF] HTTP GET /css/site.css responded 200 in 10.9456 ms
2026-04-05 02:47:09.696 +07:00 [INF] HTTP GET /lib/bootstrap/dist/css/bootstrap.min.css responded 200 in 12.8383 ms
2026-04-05 02:47:09.733 +07:00 [INF] HTTP GET /js/site.js responded 200 in 9.8930 ms
2026-04-05 02:47:09.734 +07:00 [INF] HTTP GET /images/hinh-nen-viet-nam-4k25.jpg responded 304 in 5.7664 ms
2026-04-05 02:47:09.747 +07:00 [INF] HTTP GET /images/categories/nghi-duong.jpg responded 304 in 3.2801 ms
2026-04-05 02:47:09.752 +07:00 [INF] HTTP GET /images/tours/kr1.jpg responded 404 in 2.4241 ms
2026-04-05 02:47:09.782 +07:00 [INF] HTTP GET /images/tours/kr3.jpg responded 404 in 1.8032 ms
2026-04-05 02:47:10.055 +07:00 [INF] HTTP GET /lib/jquery/dist/jquery.min.js responded 200 in 32.7467 ms
2026-04-05 02:47:10.221 +07:00 [INF] HTTP GET /images/categories/quoc-te.jpg responded 304 in 184.3391 ms
2026-04-05 02:47:10.396 +07:00 [INF] HTTP GET /lib/bootstrap/dist/js/bootstrap.bundle.min.js responded 200 in 10.1459 ms
2026-04-05 02:47:10.477 +07:00 [INF] HTTP GET /images/categories/mao-hiem.jpg responded 304 in 7.0596 ms
2026-04-05 02:47:10.513 +07:00 [INF] HTTP GET /images/categories/team-building.jpg responded 304 in 5.2526 ms
2026-04-05 02:47:10.534 +07:00 [INF] HTTP GET /images/categories/am-thuc.jpg responded 304 in 2.8380 ms
2026-04-05 02:47:34.793 +07:00 [INF] HTTP GET /Admin responded 200 in 1412.9021 ms
2026-04-05 02:47:34.830 +07:00 [INF] HTTP GET /css/site.css responded 200 in 15.4039 ms
2026-04-05 02:47:34.832 +07:00 [INF] HTTP GET /js/site.js responded 200 in 3.4610 ms
2026-04-05 02:47:34.845 +07:00 [INF] HTTP GET /lib/jquery/dist/jquery.min.js responded 200 in 27.6263 ms
2026-04-05 02:47:34.849 +07:00 [INF] HTTP GET /lib/bootstrap/dist/js/bootstrap.bundle.min.js responded 200 in 15.6380 ms
2026-04-05 02:47:34.851 +07:00 [INF] HTTP GET /lib/bootstrap/dist/css/bootstrap.min.css responded 200 in 33.6198 ms
2026-04-05 02:47:36.785 +07:00 [INF] HTTP GET /Admin/Category responded 200 in 246.4965 ms
2026-04-05 02:47:36.816 +07:00 [INF] HTTP GET /css/site.css responded 200 in 8.4058 ms
2026-04-05 02:47:36.856 +07:00 [INF] HTTP GET /lib/bootstrap/dist/js/bootstrap.bundle.min.js responded 200 in 41.0048 ms
2026-04-05 02:47:36.857 +07:00 [INF] HTTP GET /lib/jquery/dist/jquery.min.js responded 200 in 43.6129 ms
2026-04-05 02:47:36.871 +07:00 [INF] HTTP GET /lib/bootstrap/dist/css/bootstrap.min.css responded 200 in 69.4990 ms
2026-04-05 02:47:36.871 +07:00 [INF] HTTP GET /js/site.js responded 200 in 18.4213 ms
2026-04-05 02:47:39.082 +07:00 [INF] HTTP GET /Admin/Category/Create responded 200 in 379.3045 ms
2026-04-05 02:47:39.108 +07:00 [INF] HTTP GET /css/site.css responded 200 in 4.5579 ms
2026-04-05 02:47:39.112 +07:00 [INF] HTTP GET /lib/bootstrap/dist/css/bootstrap.min.css responded 200 in 13.3746 ms
2026-04-05 02:47:39.113 +07:00 [INF] HTTP GET /lib/jquery-validation/dist/jquery.validate.min.js responded 200 in 2.4207 ms
2026-04-05 02:47:39.113 +07:00 [INF] HTTP GET /js/site.js responded 200 in 4.0086 ms
2026-04-05 02:47:39.116 +07:00 [INF] HTTP GET /lib/bootstrap/dist/js/bootstrap.bundle.min.js responded 200 in 7.6764 ms
2026-04-05 02:47:39.117 +07:00 [INF] HTTP GET /lib/jquery/dist/jquery.min.js responded 200 in 10.8411 ms
2026-04-05 02:47:39.225 +07:00 [INF] HTTP GET /lib/jquery-validation-unobtrusive/jquery.validate.unobtrusive.min.js responded 404 in 1.3901 ms
2026-04-05 02:47:52.076 +07:00 [INF] HTTP POST /Admin/Category/Create responded 302 in 809.5173 ms
2026-04-05 02:47:52.149 +07:00 [INF] HTTP GET /Admin/Category responded 200 in 58.8100 ms
2026-04-05 02:47:52.194 +07:00 [INF] HTTP GET /css/site.css responded 200 in 12.8666 ms
2026-04-05 02:47:52.198 +07:00 [INF] HTTP GET /lib/jquery/dist/jquery.min.js responded 200 in 16.2522 ms
2026-04-05 02:47:52.198 +07:00 [INF] HTTP GET /lib/bootstrap/dist/js/bootstrap.bundle.min.js responded 200 in 14.6457 ms
2026-04-05 02:47:52.203 +07:00 [INF] HTTP GET /lib/bootstrap/dist/css/bootstrap.min.css responded 200 in 22.3833 ms
2026-04-05 02:47:52.204 +07:00 [INF] HTTP GET /js/site.js responded 200 in 15.4278 ms
2026-04-05 02:47:57.323 +07:00 [INF] HTTP GET /Admin/Category/Create responded 200 in 54.0447 ms
2026-04-05 02:47:59.179 +07:00 [INF] HTTP GET / responded 200 in 46.7863 ms
2026-04-05 02:47:59.195 +07:00 [INF] HTTP GET /images/tours/tl3.jpg responded 404 in 0.5286 ms
2026-04-05 02:47:59.196 +07:00 [INF] HTTP GET /images/tours/tl1.jpg responded 404 in 1.0928 ms
2026-04-05 02:47:59.198 +07:00 [INF] HTTP GET /css/site.css responded 200 in 3.7937 ms
2026-04-05 02:47:59.203 +07:00 [INF] HTTP GET /lib/bootstrap/dist/css/bootstrap.min.css responded 200 in 8.6839 ms
2026-04-05 02:47:59.203 +07:00 [INF] HTTP GET /images/tours/jp3.jpg responded 404 in 0.6977 ms
2026-04-05 02:47:59.203 +07:00 [INF] HTTP GET /images/tours/jp1.jpg responded 404 in 0.7832 ms
2026-04-05 02:47:59.216 +07:00 [INF] HTTP GET /lib/jquery/dist/jquery.min.js responded 200 in 4.1077 ms
2026-04-05 02:47:59.224 +07:00 [INF] HTTP GET /js/site.js responded 200 in 2.0761 ms
2026-04-05 02:47:59.225 +07:00 [INF] HTTP GET /images/tours/kr1.jpg responded 404 in 1.2429 ms
2026-04-05 02:47:59.234 +07:00 [INF] HTTP GET /lib/bootstrap/dist/js/bootstrap.bundle.min.js responded 200 in 5.3810 ms
2026-04-05 02:47:59.245 +07:00 [INF] HTTP GET /images/categories/nghi-duong.jpg responded 304 in 1.7693 ms
2026-04-05 02:47:59.254 +07:00 [INF] HTTP GET /images/categories/team-building.jpg responded 304 in 2.5937 ms
2026-04-05 02:47:59.259 +07:00 [INF] HTTP GET /images/hinh-nen-viet-nam-4k25.jpg responded 304 in 1.1848 ms
2026-04-05 02:47:59.265 +07:00 [INF] HTTP GET /images/tours/kr3.jpg responded 404 in 0.6224 ms
2026-04-05 02:47:59.271 +07:00 [INF] HTTP GET /images/categories/mao-hiem.jpg responded 304 in 2.1199 ms
2026-04-05 02:47:59.274 +07:00 [INF] HTTP GET /images/categories/quoc-te.jpg responded 304 in 0.7795 ms
2026-04-05 02:47:59.287 +07:00 [INF] HTTP GET /images/categories/am-thuc.jpg responded 304 in 1.3546 ms
2026-04-05 02:48:06.415 +07:00 [INF] HTTP GET /Admin responded 200 in 137.4466 ms
2026-04-05 02:48:06.468 +07:00 [INF] HTTP GET /css/site.css responded 200 in 2.4915 ms
2026-04-05 02:48:06.485 +07:00 [INF] HTTP GET /js/site.js responded 200 in 6.1679 ms
2026-04-05 02:48:06.485 +07:00 [INF] HTTP GET /lib/bootstrap/dist/css/bootstrap.min.css responded 200 in 54.1222 ms
2026-04-05 02:48:06.486 +07:00 [INF] HTTP GET /lib/bootstrap/dist/js/bootstrap.bundle.min.js responded 200 in 12.6531 ms
2026-04-05 02:48:06.501 +07:00 [INF] HTTP GET /lib/jquery/dist/jquery.min.js responded 200 in 28.3060 ms
2026-04-05 02:48:08.169 +07:00 [INF] HTTP GET /Admin/Tour responded 200 in 214.7200 ms
2026-04-05 02:48:08.206 +07:00 [INF] HTTP GET /images/tours/tl1.jpg responded 404 in 0.6044 ms
2026-04-05 02:48:08.208 +07:00 [INF] HTTP GET /css/site.css responded 200 in 15.9895 ms
2026-04-05 02:48:08.211 +07:00 [INF] HTTP GET /images/tours/tl3.jpg responded 404 in 0.5944 ms
2026-04-05 02:48:08.213 +07:00 [INF] HTTP GET /images/tours/tl2.jpg responded 404 in 0.5990 ms
2026-04-05 02:48:08.214 +07:00 [INF] HTTP GET /images/tours/tl4.jpg responded 404 in 0.5154 ms
2026-04-05 02:48:08.218 +07:00 [INF] HTTP GET /lib/bootstrap/dist/css/bootstrap.min.css responded 200 in 28.7212 ms
2026-04-05 02:48:08.418 +07:00 [INF] HTTP GET /images/tours/jp1.jpg responded 404 in 0.6996 ms
2026-04-05 02:48:08.453 +07:00 [INF] HTTP GET /lib/jquery/dist/jquery.min.js responded 200 in 14.0334 ms
2026-04-05 02:48:09.360 +07:00 [INF] HTTP GET /js/site.js responded 200 in 9.7661 ms
2026-04-05 02:48:09.464 +07:00 [INF] HTTP GET /images/tours/jp3.jpg responded 404 in 0.6732 ms
2026-04-05 02:48:09.527 +07:00 [INF] HTTP GET /images/tours/jp4.jpg responded 404 in 0.8289 ms
2026-04-05 02:48:09.562 +07:00 [INF] HTTP GET /images/tours/tl5.jpg responded 404 in 0.7428 ms
2026-04-05 02:48:09.834 +07:00 [INF] HTTP GET /images/tours/jp5.jpg responded 404 in 0.6216 ms
2026-04-05 02:48:09.886 +07:00 [INF] HTTP GET /lib/bootstrap/dist/js/bootstrap.bundle.min.js responded 200 in 10.4461 ms
2026-04-05 02:48:09.894 +07:00 [INF] HTTP GET /images/tours/jp2.jpg responded 404 in 0.8138 ms
2026-04-05 02:48:09.910 +07:00 [INF] HTTP GET /images/tours/kr1.jpg responded 404 in 1.0726 ms
2026-04-05 02:48:09.917 +07:00 [INF] HTTP GET /images/tours/kr2.jpg responded 404 in 0.9704 ms
2026-04-05 02:48:09.927 +07:00 [INF] HTTP GET /images/tours/kr3.jpg responded 404 in 0.9086 ms
2026-04-05 02:48:09.943 +07:00 [INF] HTTP GET /images/tours/kr4.jpg responded 404 in 0.6807 ms
2026-04-05 02:48:09.973 +07:00 [INF] HTTP GET /images/tours/kr5.jpg responded 404 in 1.0492 ms
2026-04-05 02:48:09.979 +07:00 [INF] HTTP GET /images/tours/sg1.jpg responded 404 in 1.2865 ms
2026-04-05 02:48:09.984 +07:00 [INF] HTTP GET /images/tours/sg2.jpg responded 404 in 0.5813 ms
2026-04-05 02:48:09.975 +07:00 [INF] HTTP GET /Admin/Order responded 200 in 730.9529 ms
2026-04-05 02:48:10.003 +07:00 [INF] HTTP GET /images/tours/sg4.jpg responded 404 in 0.7083 ms
2026-04-05 02:48:10.002 +07:00 [INF] HTTP GET /images/tours/sg3.jpg responded 404 in 1.4958 ms
2026-04-05 02:48:10.020 +07:00 [INF] HTTP GET /css/site.css responded 200 in 2.1261 ms
2026-04-05 02:48:10.028 +07:00 [INF] HTTP GET /lib/bootstrap/dist/css/bootstrap.min.css responded 200 in 10.3178 ms
2026-04-05 02:48:10.034 +07:00 [INF] HTTP GET /lib/jquery/dist/jquery.min.js responded 200 in 13.8082 ms
2026-04-05 02:48:10.041 +07:00 [INF] HTTP GET /js/site.js responded 200 in 2.3914 ms
2026-04-05 02:48:10.043 +07:00 [INF] HTTP GET /lib/bootstrap/dist/js/bootstrap.bundle.min.js responded 200 in 18.8105 ms
2026-04-05 02:48:11.250 +07:00 [INF] HTTP GET / responded 200 in 56.2621 ms
2026-04-05 02:48:11.292 +07:00 [INF] HTTP GET /images/tours/tl1.jpg responded 404 in 0.5956 ms
2026-04-05 02:48:11.300 +07:00 [INF] HTTP GET /css/site.css responded 200 in 11.6562 ms
2026-04-05 02:48:11.303 +07:00 [INF] HTTP GET /images/tours/tl3.jpg responded 404 in 1.1515 ms
2026-04-05 02:48:11.309 +07:00 [INF] HTTP GET /images/tours/jp1.jpg responded 404 in 0.6854 ms
2026-04-05 02:48:11.310 +07:00 [INF] HTTP GET /images/tours/jp3.jpg responded 404 in 0.5063 ms
2026-04-05 02:48:11.318 +07:00 [INF] HTTP GET /lib/bootstrap/dist/css/bootstrap.min.css responded 200 in 26.8325 ms
2026-04-05 02:48:11.377 +07:00 [INF] HTTP GET /images/hinh-nen-viet-nam-4k25.jpg responded 304 in 0.8313 ms
2026-04-05 02:48:11.382 +07:00 [INF] HTTP GET /images/tours/kr1.jpg responded 404 in 1.6241 ms
2026-04-05 02:48:11.395 +07:00 [INF] HTTP GET /images/categories/mao-hiem.jpg responded 304 in 1.1208 ms
2026-04-05 02:48:11.401 +07:00 [INF] HTTP GET /images/categories/quoc-te.jpg responded 304 in 0.7902 ms
2026-04-05 02:48:11.408 +07:00 [INF] HTTP GET /images/categories/nghi-duong.jpg responded 304 in 0.9408 ms
2026-04-05 02:48:11.419 +07:00 [INF] HTTP GET /lib/jquery/dist/jquery.min.js responded 200 in 6.6805 ms
2026-04-05 02:48:11.439 +07:00 [INF] HTTP GET /images/categories/am-thuc.jpg responded 304 in 0.7605 ms
2026-04-05 02:48:11.462 +07:00 [INF] HTTP GET /lib/bootstrap/dist/js/bootstrap.bundle.min.js responded 200 in 6.7743 ms
2026-04-05 02:48:11.509 +07:00 [INF] HTTP GET /images/tours/kr3.jpg responded 404 in 1.4792 ms
2026-04-05 02:48:11.968 +07:00 [INF] HTTP GET /images/categories/team-building.jpg responded 304 in 6.0539 ms
2026-04-05 02:48:12.005 +07:00 [INF] HTTP GET /js/site.js responded 200 in 2.0169 ms
2026-04-05 02:48:13.919 +07:00 [INF] HTTP GET /Admin responded 200 in 69.2123 ms
2026-04-05 02:48:13.968 +07:00 [INF] HTTP GET /css/site.css responded 200 in 17.9400 ms
2026-04-05 02:48:14.018 +07:00 [INF] HTTP GET /lib/jquery/dist/jquery.min.js responded 200 in 56.6164 ms
2026-04-05 02:48:14.035 +07:00 [INF] HTTP GET /lib/bootstrap/dist/js/bootstrap.bundle.min.js responded 200 in 45.6036 ms
2026-04-05 02:48:14.038 +07:00 [INF] HTTP GET /js/site.js responded 200 in 35.6666 ms
2026-04-05 02:48:14.038 +07:00 [INF] HTTP GET /lib/bootstrap/dist/css/bootstrap.min.css responded 200 in 93.9203 ms
2026-04-05 02:48:15.287 +07:00 [INF] HTTP GET /Admin/Category responded 200 in 36.3175 ms
2026-04-05 02:48:15.397 +07:00 [INF] HTTP GET /css/site.css responded 200 in 7.7285 ms
2026-04-05 02:48:15.411 +07:00 [INF] HTTP GET /lib/bootstrap/dist/css/bootstrap.min.css responded 200 in 55.3929 ms
2026-04-05 02:48:15.417 +07:00 [INF] HTTP GET /lib/jquery/dist/jquery.min.js responded 200 in 20.0203 ms
2026-04-05 02:48:15.418 +07:00 [INF] HTTP GET /lib/bootstrap/dist/js/bootstrap.bundle.min.js responded 200 in 13.8299 ms
2026-04-05 02:48:15.424 +07:00 [INF] HTTP GET /js/site.js responded 200 in 15.5631 ms
2026-04-05 02:48:18.492 +07:00 [INF] HTTP POST /Admin/Category/Delete/6 responded 302 in 168.9678 ms
2026-04-05 02:48:18.540 +07:00 [INF] HTTP GET /Admin/Category responded 200 in 27.5219 ms
2026-04-05 02:48:18.613 +07:00 [INF] HTTP GET /js/site.js responded 200 in 2.2546 ms
2026-04-05 02:48:18.624 +07:00 [INF] HTTP GET /lib/bootstrap/dist/css/bootstrap.min.css responded 200 in 35.9350 ms
2026-04-05 02:48:18.624 +07:00 [INF] HTTP GET /css/site.css responded 200 in 36.3410 ms
2026-04-05 02:48:18.660 +07:00 [INF] HTTP GET /lib/jquery/dist/jquery.min.js responded 200 in 62.3384 ms
2026-04-05 02:48:18.667 +07:00 [INF] HTTP GET /lib/bootstrap/dist/js/bootstrap.bundle.min.js responded 200 in 56.7798 ms
2026-04-05 02:48:20.065 +07:00 [INF] HTTP GET /Admin/Tour responded 200 in 170.7058 ms
2026-04-05 02:48:20.095 +07:00 [INF] HTTP GET /images/tours/tl1.jpg responded 404 in 12.7373 ms
2026-04-05 02:48:20.096 +07:00 [INF] HTTP GET /css/site.css responded 200 in 16.0882 ms
2026-04-05 02:48:20.097 +07:00 [INF] HTTP GET /images/tours/tl2.jpg responded 404 in 0.5273 ms
2026-04-05 02:48:20.102 +07:00 [INF] HTTP GET /images/tours/tl3.jpg responded 404 in 0.7006 ms
2026-04-05 02:48:20.104 +07:00 [INF] HTTP GET /images/tours/tl4.jpg responded 404 in 0.8023 ms
2026-04-05 02:48:20.105 +07:00 [INF] HTTP GET /lib/bootstrap/dist/css/bootstrap.min.css responded 200 in 23.5518 ms
2026-04-05 02:48:20.132 +07:00 [INF] HTTP GET /lib/bootstrap/dist/js/bootstrap.bundle.min.js responded 200 in 3.2599 ms
2026-04-05 02:48:20.187 +07:00 [INF] HTTP GET /lib/jquery/dist/jquery.min.js responded 200 in 21.3290 ms
2026-04-05 02:48:20.189 +07:00 [INF] HTTP GET /images/tours/jp1.jpg responded 404 in 0.6187 ms
2026-04-05 02:48:20.229 +07:00 [INF] HTTP GET /images/tours/jp3.jpg responded 404 in 1.2819 ms
2026-04-05 02:48:20.248 +07:00 [INF] HTTP GET /images/tours/jp4.jpg responded 404 in 5.2382 ms
2026-04-05 02:48:20.270 +07:00 [INF] HTTP GET /images/tours/tl5.jpg responded 404 in 1.3869 ms
2026-04-05 02:48:20.290 +07:00 [INF] HTTP GET /js/site.js responded 200 in 7.5524 ms
2026-04-05 02:48:20.329 +07:00 [INF] HTTP GET /images/tours/jp2.jpg responded 404 in 17.6316 ms
2026-04-05 02:48:20.365 +07:00 [INF] HTTP GET /images/tours/kr1.jpg responded 404 in 0.5933 ms
2026-04-05 02:48:20.385 +07:00 [INF] HTTP GET /images/tours/kr2.jpg responded 404 in 9.8925 ms
2026-04-05 02:48:20.402 +07:00 [INF] HTTP GET /images/tours/kr3.jpg responded 404 in 0.6322 ms
2026-04-05 02:48:21.379 +07:00 [INF] HTTP GET /images/tours/kr4.jpg responded 404 in 0.6260 ms
2026-04-05 02:48:21.388 +07:00 [INF] HTTP GET /images/tours/jp5.jpg responded 404 in 0.5831 ms
2026-04-05 02:48:21.416 +07:00 [INF] HTTP GET /images/tours/kr5.jpg responded 404 in 0.6456 ms
2026-04-05 02:48:21.492 +07:00 [INF] HTTP GET /images/tours/sg1.jpg responded 404 in 0.6180 ms
2026-04-05 02:48:21.512 +07:00 [INF] HTTP GET /images/tours/sg2.jpg responded 404 in 1.0495 ms
2026-04-05 02:48:21.659 +07:00 [INF] HTTP GET /images/tours/sg3.jpg responded 404 in 0.9058 ms
2026-04-05 02:48:21.712 +07:00 [INF] HTTP GET /images/tours/sg4.jpg responded 404 in 0.6089 ms
2026-04-05 02:48:21.741 +07:00 [INF] HTTP GET /images/tours/sg5.jpg responded 404 in 0.6765 ms
2026-04-05 02:48:21.762 +07:00 [INF] HTTP GET /images/tours/fr1.jpg responded 404 in 0.7534 ms
2026-04-05 02:48:21.812 +07:00 [INF] HTTP GET /images/tours/fr2.jpg responded 404 in 0.7853 ms
2026-04-05 02:48:21.832 +07:00 [INF] HTTP GET /images/tours/fr3.jpg responded 404 in 0.7167 ms
2026-04-05 02:48:21.864 +07:00 [INF] HTTP GET /images/tours/fr4.jpg responded 404 in 0.6770 ms
2026-04-05 02:48:21.878 +07:00 [INF] HTTP GET /images/tours/fr5.jpg responded 404 in 0.6484 ms
2026-04-05 02:48:21.895 +07:00 [INF] HTTP GET /images/tours/pq1.jpg responded 304 in 1.5716 ms
2026-04-05 02:48:21.907 +07:00 [INF] HTTP GET /images/tours/pq2.jpg responded 404 in 5.4682 ms
2026-04-05 02:48:21.912 +07:00 [INF] HTTP GET /images/tours/pq3.jpg responded 404 in 0.6429 ms
2026-04-05 02:48:21.928 +07:00 [INF] HTTP GET /images/tours/pq4.jpg responded 404 in 0.8042 ms
2026-04-05 02:48:21.970 +07:00 [INF] HTTP GET /images/tours/pq5.jpg responded 404 in 3.0198 ms
2026-04-05 02:48:21.984 +07:00 [INF] HTTP GET /images/tours/dn1.jpg responded 304 in 1.3279 ms
2026-04-05 02:48:22.004 +07:00 [INF] HTTP GET /images/tours/dn2.jpg responded 404 in 0.6416 ms
2026-04-05 02:48:22.013 +07:00 [INF] HTTP GET /images/tours/dn3.jpg responded 404 in 0.6895 ms
2026-04-05 02:48:22.027 +07:00 [INF] HTTP GET /images/tours/dn4.jpg responded 404 in 0.6514 ms
2026-04-05 02:48:22.041 +07:00 [INF] HTTP GET /images/tours/dn5.jpg responded 404 in 1.2501 ms
2026-04-05 02:48:22.066 +07:00 [INF] HTTP GET /images/tours/dl1.jpg responded 304 in 0.7600 ms
2026-04-05 02:48:22.100 +07:00 [INF] HTTP GET /images/tours/dl2.jpg responded 404 in 1.2379 ms
2026-04-05 02:48:22.101 +07:00 [INF] HTTP GET /images/tours/dl3.jpg responded 404 in 0.5339 ms
2026-04-05 02:48:22.122 +07:00 [INF] HTTP GET /images/tours/dl4.jpg responded 404 in 0.6090 ms
2026-04-05 02:48:22.142 +07:00 [INF] HTTP GET /images/tours/dl5.jpg responded 404 in 5.2895 ms
2026-04-05 02:48:22.168 +07:00 [INF] HTTP GET /images/tours/sp1.jpg responded 304 in 4.2830 ms
2026-04-05 02:48:22.235 +07:00 [INF] HTTP GET /images/tours/sp2.jpg responded 404 in 0.5897 ms
2026-04-05 02:48:23.327 +07:00 [INF] HTTP GET /images/tours/sp3.jpg responded 404 in 0.7437 ms
2026-04-05 02:48:23.424 +07:00 [INF] HTTP GET /images/tours/sp4.jpg responded 404 in 0.8033 ms
2026-04-05 02:48:23.433 +07:00 [INF] HTTP GET /images/tours/sp5.jpg responded 404 in 0.7795 ms
2026-04-05 02:48:23.522 +07:00 [INF] HTTP GET /images/tours/qn1.jpg responded 304 in 0.7555 ms
2026-04-05 02:48:23.571 +07:00 [INF] HTTP GET /images/tours/qn2.jpg responded 404 in 0.7109 ms
2026-04-05 02:48:23.610 +07:00 [INF] HTTP GET /images/tours/qn3.jpg responded 404 in 0.9083 ms
2026-04-05 02:48:23.661 +07:00 [INF] HTTP GET /images/tours/qn4.jpg responded 404 in 0.6873 ms
2026-04-05 02:48:23.687 +07:00 [INF] HTTP GET /images/tours/qn5.jpg responded 404 in 0.5580 ms
2026-04-05 02:48:23.722 +07:00 [INF] HTTP GET /images/tours/nb1.jpg responded 304 in 2.2752 ms
2026-04-05 02:48:23.751 +07:00 [INF] HTTP GET /images/tours/nb2.jpg responded 404 in 0.6120 ms
2026-04-05 02:48:23.766 +07:00 [INF] HTTP GET /images/tours/nb3.jpg responded 404 in 0.6056 ms
2026-04-05 02:48:23.767 +07:00 [INF] HTTP GET /images/tours/nb4.jpg responded 404 in 0.4784 ms
2026-04-05 02:48:23.780 +07:00 [INF] HTTP GET /images/tours/nb5.jpg responded 404 in 0.7332 ms
2026-04-05 02:48:23.905 +07:00 [INF] HTTP GET /images/tours/hue1.jpg responded 404 in 2.4382 ms
2026-04-05 02:48:24.057 +07:00 [INF] HTTP GET /images/tours/hue2.jpg responded 404 in 0.5907 ms
2026-04-05 02:48:24.076 +07:00 [INF] HTTP GET /images/tours/hue3.jpg responded 404 in 0.5974 ms
2026-04-05 02:48:24.198 +07:00 [INF] HTTP GET /images/tours/hue4.jpg responded 404 in 5.0720 ms
2026-04-05 02:48:24.223 +07:00 [INF] HTTP GET /images/tours/hue5.jpg responded 404 in 0.5423 ms
2026-04-05 02:48:24.224 +07:00 [INF] HTTP GET /images/tours/ha1.jpg responded 404 in 0.3980 ms
2026-04-05 02:48:24.232 +07:00 [INF] HTTP GET /images/tours/ha2.jpg responded 404 in 0.5535 ms
2026-04-05 02:48:24.375 +07:00 [INF] HTTP GET /images/tours/ha3.jpg responded 404 in 0.6566 ms
2026-04-05 02:48:24.376 +07:00 [INF] HTTP GET /images/tours/ha4.jpg responded 404 in 0.5553 ms
2026-04-05 02:48:24.397 +07:00 [INF] HTTP GET /images/tours/ha5.jpg responded 404 in 0.6048 ms
2026-04-05 02:48:24.414 +07:00 [INF] HTTP GET /images/tours/nt1.jpg responded 304 in 1.0562 ms
2026-04-05 02:48:24.419 +07:00 [INF] HTTP GET /images/tours/nt2.jpg responded 404 in 0.5185 ms
2026-04-05 02:48:24.431 +07:00 [INF] HTTP GET /images/tours/nt3.jpg responded 404 in 0.5987 ms
2026-04-05 02:48:24.450 +07:00 [INF] HTTP GET /images/tours/nt4.jpg responded 404 in 0.9593 ms
2026-04-05 02:48:24.473 +07:00 [INF] HTTP GET /images/tours/nt5.jpg responded 404 in 0.5837 ms
2026-04-05 02:48:24.488 +07:00 [INF] HTTP GET /images/tours/mn1.jpg responded 304 in 1.0209 ms
2026-04-05 02:48:24.505 +07:00 [INF] HTTP GET /images/tours/mn2.jpg responded 404 in 0.9773 ms
2026-04-05 02:48:24.518 +07:00 [INF] HTTP GET /images/tours/mn3.jpg responded 404 in 0.5487 ms
2026-04-05 02:48:24.544 +07:00 [INF] HTTP GET /images/tours/mn4.jpg responded 404 in 1.2835 ms
2026-04-05 02:48:24.544 +07:00 [INF] HTTP GET /images/tours/mn5.jpg responded 404 in 0.7902 ms
2026-04-05 02:48:24.556 +07:00 [INF] HTTP GET /images/tours/hcm1.jpg responded 404 in 2.5523 ms
2026-04-05 02:48:24.562 +07:00 [INF] HTTP GET /images/tours/hcm2.jpg responded 404 in 0.5678 ms
2026-04-05 02:48:24.568 +07:00 [INF] HTTP GET /images/tours/hcm3.jpg responded 404 in 0.5675 ms
2026-04-05 02:48:24.591 +07:00 [INF] HTTP GET /images/tours/hcm4.jpg responded 404 in 1.2832 ms
2026-04-05 02:48:24.600 +07:00 [INF] HTTP GET /images/tours/hcm5.jpg responded 404 in 0.5532 ms
2026-04-05 02:48:24.616 +07:00 [INF] HTTP GET /images/tours/vt1.jpg responded 404 in 0.8630 ms
2026-04-05 02:48:24.634 +07:00 [INF] HTTP GET /images/tours/vt2.jpg responded 404 in 0.9447 ms
2026-04-05 02:48:24.679 +07:00 [INF] HTTP GET /images/tours/vt3.jpg responded 404 in 1.0115 ms
2026-04-05 02:48:24.841 +07:00 [INF] HTTP GET /images/tours/vt4.jpg responded 404 in 0.6088 ms
2026-04-05 02:48:24.842 +07:00 [INF] HTTP GET /images/tours/vt5.jpg responded 404 in 0.4765 ms
2026-04-05 02:48:24.974 +07:00 [INF] HTTP GET /images/tours/ct1.jpg responded 404 in 0.6466 ms
2026-04-05 02:48:24.974 +07:00 [INF] HTTP GET /images/tours/ct2.jpg responded 404 in 0.5188 ms
2026-04-05 02:48:24.982 +07:00 [INF] HTTP GET /images/tours/ct3.jpg responded 404 in 1.0357 ms
2026-04-05 02:48:25.043 +07:00 [INF] HTTP GET /images/tours/ct4.jpg responded 404 in 0.6858 ms
2026-04-05 02:48:25.047 +07:00 [INF] HTTP GET /images/tours/ct5.jpg responded 404 in 0.7012 ms
2026-04-05 02:48:25.061 +07:00 [INF] HTTP GET /images/tours/ag1.jpg responded 404 in 4.0814 ms
2026-04-05 02:48:25.069 +07:00 [INF] HTTP GET /images/tours/ag2.jpg responded 404 in 0.6155 ms
2026-04-05 02:48:25.083 +07:00 [INF] HTTP GET /images/tours/ag3.jpg responded 404 in 0.6593 ms
2026-04-05 02:48:25.135 +07:00 [INF] HTTP GET /images/tours/ag4.jpg responded 404 in 3.3090 ms
2026-04-05 02:48:25.159 +07:00 [INF] HTTP GET /images/tours/ag5.jpg responded 404 in 1.2867 ms
2026-04-05 02:48:25.163 +07:00 [INF] HTTP GET /images/tours/ht1.jpg responded 404 in 0.5855 ms
2026-04-05 02:48:25.189 +07:00 [INF] HTTP GET /images/tours/ht2.jpg responded 404 in 0.8307 ms
2026-04-05 02:48:25.232 +07:00 [INF] HTTP GET /images/tours/ht3.jpg responded 404 in 0.8258 ms
2026-04-05 02:48:25.233 +07:00 [INF] HTTP GET /images/tours/ht4.jpg responded 404 in 0.5066 ms
2026-04-05 02:48:25.280 +07:00 [INF] HTTP GET /images/tours/ht5.jpg responded 404 in 0.7024 ms
2026-04-05 02:49:11.780 +07:00 [INF] HTTP GET /Admin responded 200 in 96.1438 ms
2026-04-05 02:49:11.802 +07:00 [INF] HTTP GET /css/site.css responded 200 in 2.2433 ms
2026-04-05 02:49:11.841 +07:00 [INF] HTTP GET /lib/bootstrap/dist/css/bootstrap.min.css responded 200 in 41.5032 ms
2026-04-05 02:49:11.841 +07:00 [INF] HTTP GET /lib/jquery/dist/jquery.min.js responded 200 in 40.2242 ms
2026-04-05 02:49:11.842 +07:00 [INF] HTTP GET /js/site.js responded 200 in 35.8777 ms
2026-04-05 02:49:11.842 +07:00 [INF] HTTP GET /lib/bootstrap/dist/js/bootstrap.bundle.min.js responded 200 in 37.3989 ms
2026-04-05 02:49:13.258 +07:00 [INF] HTTP GET / responded 200 in 156.8784 ms
2026-04-05 02:49:13.278 +07:00 [INF] HTTP GET /images/tours/tl1.jpg responded 404 in 0.3631 ms
2026-04-05 02:49:13.281 +07:00 [INF] HTTP GET /images/tours/tl3.jpg responded 404 in 0.5689 ms
2026-04-05 02:49:13.285 +07:00 [INF] HTTP GET /images/tours/jp1.jpg responded 404 in 0.4936 ms
2026-04-05 02:49:13.285 +07:00 [INF] HTTP GET /lib/bootstrap/dist/css/bootstrap.min.css responded 200 in 8.0959 ms
2026-04-05 02:49:13.287 +07:00 [INF] HTTP GET /css/site.css responded 200 in 3.4525 ms
2026-04-05 02:49:13.441 +07:00 [INF] HTTP GET /images/hinh-nen-viet-nam-4k25.jpg responded 304 in 1.1132 ms
2026-04-05 02:49:13.445 +07:00 [INF] HTTP GET /images/categories/quoc-te.jpg responded 304 in 0.7143 ms
2026-04-05 02:49:13.451 +07:00 [INF] HTTP GET /images/categories/nghi-duong.jpg responded 304 in 0.8065 ms
2026-04-05 02:49:13.468 +07:00 [INF] HTTP GET /images/categories/team-building.jpg responded 304 in 0.8169 ms
2026-04-05 02:49:13.475 +07:00 [INF] HTTP GET /images/tours/jp3.jpg responded 404 in 0.7972 ms
2026-04-05 02:49:13.483 +07:00 [INF] HTTP GET /images/tours/kr1.jpg responded 404 in 3.7292 ms
2026-04-05 02:49:13.505 +07:00 [INF] HTTP GET /images/categories/am-thuc.jpg responded 304 in 1.5834 ms
2026-04-05 02:49:13.515 +07:00 [INF] HTTP GET /images/categories/mao-hiem.jpg responded 304 in 1.4552 ms
2026-04-05 02:49:13.545 +07:00 [INF] HTTP GET /lib/jquery/dist/jquery.min.js responded 200 in 9.0931 ms
2026-04-05 02:49:13.595 +07:00 [INF] HTTP GET /js/site.js responded 200 in 2.6571 ms
2026-04-05 02:49:13.662 +07:00 [INF] HTTP GET /lib/bootstrap/dist/js/bootstrap.bundle.min.js responded 200 in 12.8874 ms
2026-04-05 02:49:13.682 +07:00 [INF] HTTP GET /images/tours/kr3.jpg responded 404 in 1.2073 ms
2026-04-05 02:49:14.640 +07:00 [INF] Tìm kiếm tour với keyword: null, CategoryId: null
2026-04-05 02:49:14.800 +07:00 [INF] Tìm thấy 100 tour phù hợp
2026-04-05 02:49:14.826 +07:00 [INF] HTTP GET /Tour responded 200 in 256.3330 ms
2026-04-05 02:49:14.844 +07:00 [INF] HTTP GET /images/tours/tl1.jpg responded 404 in 0.5692 ms
2026-04-05 02:49:14.844 +07:00 [INF] HTTP GET /css/site.css responded 200 in 2.2120 ms
2026-04-05 02:49:14.846 +07:00 [INF] HTTP GET /images/tours/tl3.jpg responded 404 in 1.8209 ms
2026-04-05 02:49:14.855 +07:00 [INF] HTTP GET /images/tours/jp1.jpg responded 404 in 2.1849 ms
2026-04-05 02:49:14.856 +07:00 [INF] HTTP GET /lib/bootstrap/dist/css/bootstrap.min.css responded 200 in 14.9721 ms
2026-04-05 02:49:14.876 +07:00 [INF] HTTP GET /lib/jquery/dist/jquery.min.js responded 200 in 5.1212 ms
2026-04-05 02:49:14.898 +07:00 [INF] HTTP GET /images/tours/jp3.jpg responded 404 in 3.5480 ms
2026-04-05 02:49:14.901 +07:00 [INF] HTTP GET /js/site.js responded 200 in 2.8109 ms
2026-04-05 02:49:14.916 +07:00 [INF] HTTP GET /images/tours/sg1.jpg responded 404 in 0.6188 ms
2026-04-05 02:49:14.926 +07:00 [INF] HTTP GET /images/tours/sg3.jpg responded 404 in 3.0805 ms
2026-04-05 02:49:14.933 +07:00 [INF] HTTP GET /images/tours/kr1.jpg responded 404 in 0.6134 ms
2026-04-05 02:49:14.943 +07:00 [INF] HTTP GET /lib/bootstrap/dist/js/bootstrap.bundle.min.js responded 200 in 4.0981 ms
2026-04-05 02:49:14.969 +07:00 [INF] HTTP GET /images/tours/kr3.jpg responded 404 in 0.6263 ms
2026-04-05 02:49:15.004 +07:00 [INF] HTTP GET /images/tours/fr1.jpg responded 404 in 1.4275 ms
2026-04-05 02:49:22.690 +07:00 [INF] HTTP GET /Tour/Details/76 responded 200 in 2025.4754 ms
2026-04-05 02:49:22.710 +07:00 [INF] HTTP GET /images/tours/tl1.jpg responded 404 in 2.0952 ms
2026-04-05 02:49:22.714 +07:00 [INF] HTTP GET /images/tours/tl3.jpg responded 404 in 0.9147 ms
2026-04-05 02:49:22.714 +07:00 [INF] HTTP GET /css/site.css responded 200 in 7.3545 ms
2026-04-05 02:49:22.719 +07:00 [INF] HTTP GET /images/tours/tl4.jpg responded 404 in 4.1325 ms
2026-04-05 02:49:22.719 +07:00 [INF] HTTP GET /images/tours/tl2.jpg responded 404 in 0.4759 ms
2026-04-05 02:49:22.720 +07:00 [INF] HTTP GET /lib/bootstrap/dist/css/bootstrap.min.css responded 200 in 13.3415 ms
2026-04-05 02:49:22.741 +07:00 [INF] HTTP GET /lib/bootstrap/dist/js/bootstrap.bundle.min.js responded 200 in 8.5723 ms
2026-04-05 02:49:22.769 +07:00 [INF] HTTP GET /images/tours/tl5.jpg responded 404 in 0.6289 ms
2026-04-05 02:49:22.831 +07:00 [INF] HTTP GET /lib/jquery/dist/jquery.min.js responded 200 in 12.1067 ms
2026-04-05 02:49:22.874 +07:00 [INF] HTTP GET /js/site.js responded 200 in 14.4983 ms
2026-04-05 02:53:05.542 +07:00 [INF] HTTP GET /Tour/Details/76 responded 200 in 456.8516 ms
2026-04-05 02:53:05.575 +07:00 [INF] HTTP GET /css/site.css responded 200 in 11.5573 ms
2026-04-05 02:53:05.577 +07:00 [INF] HTTP GET /images/tours/tl3.jpg responded 404 in 0.6848 ms
2026-04-05 02:53:05.577 +07:00 [INF] HTTP GET /images/tours/tl1.jpg responded 404 in 0.5191 ms
2026-04-05 02:53:05.585 +07:00 [INF] HTTP GET /images/tours/tl4.jpg responded 404 in 0.9141 ms
2026-04-05 02:53:05.610 +07:00 [INF] HTTP GET /images/tours/tl2.jpg responded 404 in 8.2150 ms
2026-04-05 02:53:05.617 +07:00 [INF] HTTP GET /lib/bootstrap/dist/css/bootstrap.min.css responded 200 in 53.2652 ms
2026-04-05 02:53:05.752 +07:00 [INF] HTTP GET /images/tours/tl5.jpg responded 404 in 0.6192 ms
2026-04-05 02:53:05.818 +07:00 [INF] HTTP GET /lib/bootstrap/dist/js/bootstrap.bundle.min.js responded 200 in 18.3382 ms
2026-04-05 02:53:05.831 +07:00 [INF] HTTP GET /js/site.js responded 200 in 19.7295 ms
2026-04-05 02:53:06.154 +07:00 [INF] HTTP GET /lib/jquery/dist/jquery.min.js responded 200 in 13.2675 ms
2026-04-05 02:53:06.224 +07:00 [INF] HTTP GET /favicon.ico responded 200 in 2.4006 ms
2026-04-05 02:53:47.038 +07:00 [INF] Seed dữ liệu ban đầu thành công
2026-04-05 02:53:47.652 +07:00 [INF] Ứng dụng Tour Du Lịch khởi chạy
2026-04-05 02:54:06.944 +07:00 [WRN] Failed to determine the https port for redirect.
2026-04-05 02:54:11.020 +07:00 [INF] HTTP GET /Tour/Details/76 responded 200 in 3649.8056 ms
2026-04-05 02:54:11.105 +07:00 [INF] HTTP GET /images/tours/tl1.jpg responded 404 in 57.2643 ms
2026-04-05 02:54:11.111 +07:00 [INF] HTTP GET /images/tours/tl4.jpg responded 404 in 61.2428 ms
2026-04-05 02:54:11.113 +07:00 [INF] HTTP GET /images/tours/tl3.jpg responded 404 in 64.4141 ms
2026-04-05 02:54:11.232 +07:00 [INF] HTTP GET /css/site.css responded 200 in 178.0719 ms
2026-04-05 02:54:11.249 +07:00 [INF] HTTP GET /lib/bootstrap/dist/css/bootstrap.min.css responded 200 in 197.4304 ms
2026-04-05 02:54:11.493 +07:00 [INF] HTTP GET /images/tours/tl2.jpg responded 404 in 261.3701 ms
2026-04-05 02:54:11.495 +07:00 [INF] HTTP GET /js/site.js responded 200 in 20.4094 ms
2026-04-05 02:54:11.578 +07:00 [INF] HTTP GET /lib/bootstrap/dist/js/bootstrap.bundle.min.js responded 200 in 116.6241 ms
2026-04-05 02:54:11.599 +07:00 [INF] HTTP GET /images/tours/tl5.jpg responded 404 in 2.5220 ms
2026-04-05 02:54:11.633 +07:00 [INF] HTTP GET /lib/jquery/dist/jquery.min.js responded 200 in 23.6493 ms
2026-04-05 02:54:11.700 +07:00 [INF] HTTP GET /favicon.ico responded 200 in 4.2949 ms
2026-04-05 02:57:14.557 +07:00 [INF] HTTP GET /Tour/Details/76 responded 200 in 211.6532 ms
2026-04-05 02:57:14.586 +07:00 [INF] HTTP GET /images/tours/tl1.jpg responded 404 in 3.4831 ms
2026-04-05 02:57:14.593 +07:00 [INF] HTTP GET /images/tours/tl3.jpg responded 404 in 1.7612 ms
2026-04-05 02:57:14.602 +07:00 [INF] HTTP GET /css/site.css responded 200 in 14.0361 ms
2026-04-05 02:57:14.620 +07:00 [INF] HTTP GET /images/tours/tl2.jpg responded 404 in 2.3072 ms
2026-04-05 02:57:14.622 +07:00 [INF] HTTP GET /lib/bootstrap/dist/css/bootstrap.min.css responded 200 in 13.3165 ms
2026-04-05 02:57:14.637 +07:00 [INF] HTTP GET /images/tours/tl4.jpg responded 404 in 6.0259 ms
2026-04-05 02:57:14.730 +07:00 [INF] HTTP GET /js/site.js responded 200 in 39.7138 ms
2026-04-05 02:57:14.734 +07:00 [INF] HTTP GET /images/tours/tl5.jpg responded 404 in 2.0373 ms
2026-04-05 02:57:15.537 +07:00 [INF] HTTP GET /lib/bootstrap/dist/js/bootstrap.bundle.min.js responded 200 in 17.7330 ms
2026-04-05 02:57:15.932 +07:00 [INF] HTTP GET /lib/jquery/dist/jquery.min.js responded 200 in 13.6401 ms
2026-04-05 02:57:16.024 +07:00 [INF] HTTP GET /favicon.ico responded 200 in 13.5405 ms
2026-04-05 02:57:18.773 +07:00 [INF] HTTP GET / responded 200 in 387.0943 ms
2026-04-05 02:57:18.800 +07:00 [INF] HTTP GET /images/tours/tl1.jpg responded 404 in 1.1762 ms
2026-04-05 02:57:18.801 +07:00 [INF] HTTP GET /images/tours/tl3.jpg responded 404 in 1.9630 ms
2026-04-05 02:57:18.803 +07:00 [INF] HTTP GET /css/site.css responded 200 in 5.0707 ms
2026-04-05 02:57:18.807 +07:00 [INF] HTTP GET /lib/bootstrap/dist/css/bootstrap.min.css responded 200 in 8.2858 ms
2026-04-05 02:57:18.815 +07:00 [INF] HTTP GET /images/tours/jp1.jpg responded 404 in 2.1345 ms
2026-04-05 02:57:18.816 +07:00 [INF] HTTP GET /images/tours/jp3.jpg responded 404 in 2.3620 ms
2026-04-05 02:57:18.849 +07:00 [INF] HTTP GET /lib/jquery/dist/jquery.min.js responded 200 in 17.3906 ms
2026-04-05 02:57:18.873 +07:00 [INF] HTTP GET /images/tours/kr3.jpg responded 404 in 4.1674 ms
2026-04-05 02:57:18.886 +07:00 [INF] HTTP GET /images/tours/kr1.jpg responded 404 in 2.4718 ms
2026-04-05 02:57:18.897 +07:00 [INF] HTTP GET /lib/bootstrap/dist/js/bootstrap.bundle.min.js responded 200 in 6.2560 ms
2026-04-05 02:57:18.913 +07:00 [INF] HTTP GET /images/hinh-nen-viet-nam-4k25.jpg responded 304 in 5.5310 ms
2026-04-05 02:57:18.917 +07:00 [INF] HTTP GET /images/categories/mao-hiem.jpg responded 304 in 2.1734 ms
2026-04-05 02:57:18.956 +07:00 [INF] HTTP GET /js/site.js responded 200 in 9.0961 ms
2026-04-05 02:57:18.990 +07:00 [INF] HTTP GET /images/categories/nghi-duong.jpg responded 304 in 4.6589 ms
2026-04-05 02:57:19.029 +07:00 [INF] HTTP GET /images/categories/team-building.jpg responded 304 in 9.0799 ms
2026-04-05 02:57:19.075 +07:00 [INF] HTTP GET /images/categories/quoc-te.jpg responded 304 in 42.7063 ms
2026-04-05 02:57:19.444 +07:00 [INF] HTTP GET /images/categories/am-thuc.jpg responded 304 in 1.7553 ms
2026-04-05 02:57:21.829 +07:00 [INF] Tìm kiếm tour với keyword: null, CategoryId: 1
2026-04-05 02:57:22.024 +07:00 [INF] Tìm thấy 29 tour phù hợp
2026-04-05 02:57:22.232 +07:00 [INF] HTTP GET /Tour responded 200 in 572.9371 ms
2026-04-05 02:57:22.251 +07:00 [INF] HTTP GET /images/tours/pq1.jpg responded 304 in 0.9924 ms
2026-04-05 02:57:22.254 +07:00 [INF] HTTP GET /images/tours/pq3.jpg responded 404 in 1.9887 ms
2026-04-05 02:57:22.257 +07:00 [INF] HTTP GET /css/site.css responded 200 in 7.5216 ms
2026-04-05 02:57:22.258 +07:00 [INF] HTTP GET /images/tours/dn1.jpg responded 304 in 1.3490 ms
2026-04-05 02:57:22.258 +07:00 [INF] HTTP GET /images/tours/dn3.jpg responded 404 in 1.3039 ms
2026-04-05 02:57:22.260 +07:00 [INF] HTTP GET /lib/bootstrap/dist/css/bootstrap.min.css responded 200 in 11.0954 ms
2026-04-05 02:57:22.283 +07:00 [INF] HTTP GET /lib/jquery/dist/jquery.min.js responded 200 in 11.6240 ms
2026-04-05 02:57:22.285 +07:00 [INF] HTTP GET /js/site.js responded 200 in 7.4826 ms
2026-04-05 02:57:22.290 +07:00 [INF] HTTP GET /images/tours/dl1.jpg responded 304 in 2.1289 ms
2026-04-05 02:57:22.331 +07:00 [INF] HTTP GET /images/tours/qn2.jpg responded 404 in 0.6649 ms
2026-04-05 02:57:22.331 +07:00 [INF] HTTP GET /images/tours/nb1.jpg responded 304 in 1.4480 ms
2026-04-05 02:57:22.365 +07:00 [INF] HTTP GET /lib/bootstrap/dist/js/bootstrap.bundle.min.js responded 200 in 10.7827 ms
2026-04-05 02:57:22.366 +07:00 [INF] HTTP GET /images/tours/dl3.jpg responded 404 in 1.0095 ms
2026-04-05 02:57:22.377 +07:00 [INF] HTTP GET /images/tours/sp3.jpg responded 404 in 3.1607 ms
2026-04-05 02:57:26.034 +07:00 [INF] HTTP GET /Tour/Details/1 responded 200 in 54.7744 ms
2026-04-05 02:57:26.072 +07:00 [INF] HTTP GET /images/tours/pq3.jpg responded 404 in 1.1729 ms
2026-04-05 02:57:26.077 +07:00 [INF] HTTP GET /css/site.css responded 200 in 18.0601 ms
2026-04-05 02:57:26.079 +07:00 [INF] HTTP GET /images/tours/sp3.jpg responded 404 in 1.2330 ms
2026-04-05 02:57:26.097 +07:00 [INF] HTTP GET /images/tours/pq1.jpg responded 304 in 31.0420 ms
2026-04-05 02:57:26.124 +07:00 [INF] HTTP GET /lib/bootstrap/dist/css/bootstrap.min.css responded 200 in 66.5570 ms
2026-04-05 02:57:26.582 +07:00 [INF] HTTP GET /lib/jquery/dist/jquery.min.js responded 200 in 9.4965 ms
2026-04-05 02:57:26.604 +07:00 [INF] HTTP GET /js/site.js responded 200 in 9.0767 ms
2026-04-05 02:57:26.612 +07:00 [INF] HTTP GET /images/tours/nt1.jpg responded 304 in 2.7718 ms
2026-04-05 02:57:26.651 +07:00 [INF] HTTP GET /images/tours/ha3.jpg responded 404 in 4.9427 ms
2026-04-05 02:57:26.670 +07:00 [INF] HTTP GET /lib/bootstrap/dist/js/bootstrap.bundle.min.js responded 200 in 7.5880 ms
2026-04-05 02:59:25.776 +07:00 [INF] HTTP GET /Tour/Details/1 responded 200 in 260.8100 ms
2026-04-05 02:59:25.800 +07:00 [INF] HTTP GET /css/site.css responded 200 in 5.4842 ms
2026-04-05 02:59:25.804 +07:00 [INF] HTTP GET /images/tours/pq3.jpg responded 404 in 0.7466 ms
2026-04-05 02:59:25.806 +07:00 [INF] HTTP GET /images/tours/pq1.jpg responded 304 in 0.6928 ms
2026-04-05 02:59:25.815 +07:00 [INF] HTTP GET /images/tours/sp3.jpg responded 404 in 0.7211 ms
2026-04-05 02:59:25.820 +07:00 [INF] HTTP GET /lib/bootstrap/dist/css/bootstrap.min.css responded 200 in 26.4166 ms
2026-04-05 02:59:25.869 +07:00 [INF] HTTP GET /images/tours/nt1.jpg responded 304 in 1.5181 ms
2026-04-05 02:59:25.871 +07:00 [INF] HTTP GET /lib/jquery/dist/jquery.min.js responded 200 in 17.5895 ms
2026-04-05 02:59:25.882 +07:00 [INF] HTTP GET /js/site.js responded 200 in 2.3435 ms
2026-04-05 02:59:25.900 +07:00 [INF] HTTP GET /images/tours/ha3.jpg responded 404 in 1.3242 ms
2026-04-05 02:59:25.915 +07:00 [INF] HTTP GET /lib/bootstrap/dist/js/bootstrap.bundle.min.js responded 200 in 4.5739 ms
2026-04-05 02:59:25.950 +07:00 [INF] HTTP GET /favicon.ico responded 200 in 3.6206 ms
2026-04-05 02:59:46.784 +07:00 [INF] HTTP GET /Admin responded 200 in 826.7375 ms
2026-04-05 02:59:46.806 +07:00 [INF] HTTP GET /css/site.css responded 200 in 6.2442 ms
2026-04-05 02:59:46.808 +07:00 [INF] HTTP GET /lib/jquery/dist/jquery.min.js responded 200 in 7.7829 ms
2026-04-05 02:59:46.809 +07:00 [INF] HTTP GET /lib/bootstrap/dist/css/bootstrap.min.css responded 200 in 9.4227 ms
2026-04-05 02:59:46.810 +07:00 [INF] HTTP GET /js/site.js responded 200 in 2.6330 ms
2026-04-05 02:59:46.811 +07:00 [INF] HTTP GET /lib/bootstrap/dist/js/bootstrap.bundle.min.js responded 200 in 5.2708 ms
2026-04-05 02:59:48.896 +07:00 [INF] HTTP GET /images/tours/tl1.jpg responded 404 in 0.5966 ms
2026-04-05 02:59:48.898 +07:00 [INF] HTTP GET /css/site.css responded 200 in 5.4523 ms
2026-04-05 02:59:48.900 +07:00 [INF] HTTP GET /images/tours/tl2.jpg responded 404 in 0.8332 ms
2026-04-05 02:59:48.901 +07:00 [INF] HTTP GET /lib/bootstrap/dist/css/bootstrap.min.css responded 200 in 11.5332 ms
2026-04-05 02:59:48.904 +07:00 [INF] HTTP GET /images/tours/tl3.jpg responded 404 in 1.3847 ms
2026-04-05 02:59:48.909 +07:00 [INF] HTTP GET /Admin/Tour responded 200 in 579.3112 ms
2026-04-05 02:59:48.919 +07:00 [INF] HTTP GET /images/tours/tl5.jpg responded 404 in 1.3844 ms
2026-04-05 02:59:48.935 +07:00 [INF] HTTP GET /images/tours/tl4.jpg responded 404 in 0.9503 ms
2026-04-05 02:59:48.966 +07:00 [INF] HTTP GET /lib/bootstrap/dist/js/bootstrap.bundle.min.js responded 200 in 11.6474 ms
2026-04-05 02:59:48.979 +07:00 [INF] HTTP GET /lib/jquery/dist/jquery.min.js responded 200 in 8.9282 ms
2026-04-05 02:59:48.998 +07:00 [INF] HTTP GET /images/tours/jp2.jpg responded 404 in 10.9334 ms
2026-04-05 02:59:49.024 +07:00 [INF] HTTP GET /images/tours/dn1.jpg responded 304 in 1.7080 ms
2026-04-05 02:59:49.043 +07:00 [INF] HTTP GET /images/tours/dl1.jpg responded 304 in 1.5835 ms
2026-04-05 02:59:49.058 +07:00 [INF] HTTP GET /images/tours/pq1.jpg responded 304 in 1.7749 ms
2026-04-05 02:59:49.073 +07:00 [INF] HTTP GET /js/site.js responded 200 in 6.3237 ms
2026-04-05 02:59:49.105 +07:00 [INF] HTTP GET /images/tours/jp1.jpg responded 404 in 1.1153 ms
2026-04-05 02:59:49.123 +07:00 [INF] HTTP GET /images/tours/jp4.jpg responded 404 in 1.0509 ms
2026-04-05 02:59:49.132 +07:00 [INF] HTTP GET /images/tours/jp5.jpg responded 404 in 0.8719 ms
2026-04-05 02:59:49.137 +07:00 [INF] HTTP GET /images/tours/kr1.jpg responded 404 in 0.7227 ms
2026-04-05 02:59:49.158 +07:00 [INF] HTTP GET /images/tours/kr2.jpg responded 404 in 4.1220 ms
2026-04-05 02:59:49.166 +07:00 [INF] HTTP GET /images/tours/jp3.jpg responded 404 in 1.1571 ms
2026-04-05 02:59:49.179 +07:00 [INF] HTTP GET /images/tours/kr3.jpg responded 404 in 0.7377 ms
2026-04-05 02:59:49.186 +07:00 [INF] HTTP GET /images/tours/kr4.jpg responded 404 in 0.7444 ms
2026-04-05 02:59:49.194 +07:00 [INF] HTTP GET /images/tours/kr5.jpg responded 404 in 1.0007 ms
2026-04-05 02:59:49.208 +07:00 [INF] HTTP GET /images/tours/sg1.jpg responded 404 in 0.7580 ms
2026-04-05 02:59:49.217 +07:00 [INF] HTTP GET /images/tours/sg2.jpg responded 404 in 1.7846 ms
2026-04-05 02:59:49.239 +07:00 [INF] HTTP GET /images/tours/sg3.jpg responded 404 in 1.6659 ms
2026-04-05 02:59:49.263 +07:00 [INF] HTTP GET /images/tours/sg4.jpg responded 404 in 1.3272 ms
2026-04-05 02:59:49.273 +07:00 [INF] HTTP GET /images/tours/sg5.jpg responded 404 in 1.7222 ms
2026-04-05 02:59:49.276 +07:00 [INF] HTTP GET /images/tours/fr1.jpg responded 404 in 0.6555 ms
2026-04-05 02:59:49.294 +07:00 [INF] HTTP GET /images/tours/fr2.jpg responded 404 in 1.6239 ms
2026-04-05 02:59:49.295 +07:00 [INF] HTTP GET /images/tours/fr3.jpg responded 404 in 0.5729 ms
2026-04-05 02:59:49.308 +07:00 [INF] HTTP GET /images/tours/fr4.jpg responded 404 in 4.2528 ms
2026-04-05 02:59:49.360 +07:00 [INF] HTTP GET /images/tours/pq5.jpg responded 404 in 0.8890 ms
2026-04-05 02:59:49.331 +07:00 [INF] HTTP GET /images/tours/pq2.jpg responded 404 in 0.6860 ms
2026-04-05 02:59:49.339 +07:00 [INF] HTTP GET /images/tours/pq3.jpg responded 404 in 4.8371 ms
2026-04-05 02:59:49.352 +07:00 [INF] HTTP GET /images/tours/pq4.jpg responded 404 in 0.9776 ms
2026-04-05 02:59:49.323 +07:00 [INF] HTTP GET /images/tours/fr5.jpg responded 404 in 0.9426 ms
2026-04-05 02:59:49.367 +07:00 [INF] HTTP GET /images/tours/dn2.jpg responded 404 in 1.4561 ms
2026-04-05 02:59:49.381 +07:00 [INF] HTTP GET /images/tours/dn3.jpg responded 404 in 0.7815 ms
2026-04-05 02:59:49.387 +07:00 [INF] HTTP GET /images/tours/dn4.jpg responded 404 in 0.7133 ms
2026-04-05 02:59:49.394 +07:00 [INF] HTTP GET /images/tours/dn5.jpg responded 404 in 0.8066 ms
2026-04-05 02:59:49.402 +07:00 [INF] HTTP GET /images/tours/dl2.jpg responded 404 in 0.7057 ms
2026-04-05 02:59:49.414 +07:00 [INF] HTTP GET /images/tours/dl3.jpg responded 404 in 0.8858 ms
2026-04-05 02:59:49.422 +07:00 [INF] HTTP GET /images/tours/dl4.jpg responded 404 in 0.6504 ms
2026-04-05 02:59:49.428 +07:00 [INF] HTTP GET /images/tours/dl5.jpg responded 404 in 1.2719 ms
2026-04-05 02:59:49.436 +07:00 [INF] HTTP GET /images/tours/sp1.jpg responded 304 in 1.1198 ms
2026-04-05 02:59:49.442 +07:00 [INF] HTTP GET /images/tours/sp2.jpg responded 404 in 1.7389 ms
2026-04-05 02:59:49.452 +07:00 [INF] HTTP GET /images/tours/sp3.jpg responded 404 in 1.3035 ms
2026-04-05 02:59:49.467 +07:00 [INF] HTTP GET /images/tours/sp4.jpg responded 404 in 0.7381 ms
2026-04-05 02:59:49.477 +07:00 [INF] HTTP GET /images/tours/sp5.jpg responded 404 in 0.8019 ms
2026-04-05 02:59:49.485 +07:00 [INF] HTTP GET /images/tours/qn1.jpg responded 304 in 1.2032 ms
2026-04-05 02:59:49.492 +07:00 [INF] HTTP GET /images/tours/qn2.jpg responded 404 in 0.9646 ms
2026-04-05 02:59:49.500 +07:00 [INF] HTTP GET /images/tours/nb1.jpg responded 304 in 0.9862 ms
2026-04-05 02:59:49.501 +07:00 [INF] HTTP GET /images/tours/qn3.jpg responded 404 in 0.6005 ms
2026-04-05 02:59:49.507 +07:00 [INF] HTTP GET /images/tours/qn4.jpg responded 404 in 0.6267 ms
2026-04-05 02:59:49.518 +07:00 [INF] HTTP GET /images/tours/qn5.jpg responded 404 in 1.4468 ms
2026-04-05 02:59:49.532 +07:00 [INF] HTTP GET /images/tours/nb2.jpg responded 404 in 0.7169 ms
2026-04-05 02:59:49.538 +07:00 [INF] HTTP GET /images/tours/nb3.jpg responded 404 in 1.2145 ms
2026-04-05 02:59:49.540 +07:00 [INF] HTTP GET /images/tours/nb4.jpg responded 404 in 0.9533 ms
2026-04-05 02:59:49.547 +07:00 [INF] HTTP GET /images/tours/nt1.jpg responded 304 in 4.7335 ms
2026-04-05 02:59:49.555 +07:00 [INF] HTTP GET /images/tours/nb5.jpg responded 404 in 0.6529 ms
2026-04-05 02:59:49.562 +07:00 [INF] HTTP GET /images/tours/hue1.jpg responded 404 in 0.9974 ms
2026-04-05 02:59:49.569 +07:00 [INF] HTTP GET /images/tours/hue2.jpg responded 404 in 0.7182 ms
2026-04-05 02:59:49.575 +07:00 [INF] HTTP GET /images/tours/hue3.jpg responded 404 in 0.7017 ms
2026-04-05 02:59:49.583 +07:00 [INF] HTTP GET /images/tours/hue4.jpg responded 404 in 0.8860 ms
2026-04-05 02:59:49.591 +07:00 [INF] HTTP GET /images/tours/hue5.jpg responded 404 in 0.7452 ms
2026-04-05 02:59:49.597 +07:00 [INF] HTTP GET /images/tours/ha1.jpg responded 404 in 0.7306 ms
2026-04-05 02:59:49.601 +07:00 [INF] HTTP GET /images/tours/ha2.jpg responded 404 in 0.6555 ms
2026-04-05 02:59:49.605 +07:00 [INF] HTTP GET /images/tours/ha3.jpg responded 404 in 0.6287 ms
2026-04-05 02:59:49.613 +07:00 [INF] HTTP GET /images/tours/ha4.jpg responded 404 in 1.6274 ms
2026-04-05 02:59:49.622 +07:00 [INF] HTTP GET /images/tours/ha5.jpg responded 404 in 0.7330 ms
2026-04-05 02:59:49.628 +07:00 [INF] HTTP GET /images/tours/nt2.jpg responded 404 in 0.6723 ms
2026-04-05 02:59:49.633 +07:00 [INF] HTTP GET /images/tours/nt3.jpg responded 404 in 0.6034 ms
2026-04-05 02:59:49.643 +07:00 [INF] HTTP GET /images/tours/nt4.jpg responded 404 in 0.7024 ms
2026-04-05 02:59:49.653 +07:00 [INF] HTTP GET /images/tours/nt5.jpg responded 404 in 0.8251 ms
2026-04-05 02:59:49.661 +07:00 [INF] HTTP GET /images/tours/mn1.jpg responded 304 in 0.8608 ms
2026-04-05 02:59:49.668 +07:00 [INF] HTTP GET /images/tours/mn2.jpg responded 404 in 0.6468 ms
2026-04-05 02:59:49.675 +07:00 [INF] HTTP GET /images/tours/mn3.jpg responded 404 in 0.8141 ms
2026-04-05 02:59:49.679 +07:00 [INF] HTTP GET /images/tours/mn4.jpg responded 404 in 0.7560 ms
2026-04-05 02:59:49.685 +07:00 [INF] HTTP GET /images/tours/mn5.jpg responded 404 in 1.0583 ms
2026-04-05 02:59:49.691 +07:00 [INF] HTTP GET /images/tours/hcm1.jpg responded 404 in 1.5961 ms
2026-04-05 02:59:49.702 +07:00 [INF] HTTP GET /images/tours/hcm2.jpg responded 404 in 1.4259 ms
2026-04-05 02:59:49.706 +07:00 [INF] HTTP GET /images/tours/hcm3.jpg responded 404 in 0.8758 ms
2026-04-05 02:59:49.714 +07:00 [INF] HTTP GET /images/tours/hcm4.jpg responded 404 in 0.7307 ms
2026-04-05 02:59:49.719 +07:00 [INF] HTTP GET /images/tours/hcm5.jpg responded 404 in 1.0389 ms
2026-04-05 02:59:49.728 +07:00 [INF] HTTP GET /images/tours/vt1.jpg responded 404 in 0.7615 ms
2026-04-05 02:59:49.735 +07:00 [INF] HTTP GET /images/tours/vt2.jpg responded 404 in 0.6694 ms
2026-04-05 02:59:49.740 +07:00 [INF] HTTP GET /images/tours/vt3.jpg responded 404 in 1.6650 ms
2026-04-05 02:59:49.749 +07:00 [INF] HTTP GET /images/tours/vt4.jpg responded 404 in 5.5913 ms
2026-04-05 02:59:49.762 +07:00 [INF] HTTP GET /images/tours/vt5.jpg responded 404 in 2.9257 ms
2026-04-05 02:59:49.769 +07:00 [INF] HTTP GET /images/tours/ct1.jpg responded 404 in 0.7611 ms
2026-04-05 02:59:49.774 +07:00 [INF] HTTP GET /images/tours/ct2.jpg responded 404 in 1.4067 ms
2026-04-05 02:59:49.783 +07:00 [INF] HTTP GET /images/tours/ct3.jpg responded 404 in 0.8787 ms
2026-04-05 02:59:49.788 +07:00 [INF] HTTP GET /images/tours/ct4.jpg responded 404 in 1.0410 ms
2026-04-05 02:59:49.794 +07:00 [INF] HTTP GET /images/tours/ct5.jpg responded 404 in 0.7074 ms
2026-04-05 02:59:49.811 +07:00 [INF] HTTP GET /images/tours/ag1.jpg responded 404 in 0.7975 ms
2026-04-05 02:59:49.818 +07:00 [INF] HTTP GET /images/tours/ag2.jpg responded 404 in 0.6738 ms
2026-04-05 02:59:49.834 +07:00 [INF] HTTP GET /images/tours/ag3.jpg responded 404 in 1.5339 ms
2026-04-05 02:59:50.037 +07:00 [INF] HTTP GET /images/tours/ag4.jpg responded 404 in 0.7231 ms
2026-04-05 02:59:50.257 +07:00 [INF] HTTP GET /images/tours/ag5.jpg responded 404 in 2.3346 ms
2026-04-05 02:59:50.277 +07:00 [INF] HTTP GET /images/tours/ht1.jpg responded 404 in 0.7348 ms
2026-04-05 02:59:50.294 +07:00 [INF] HTTP GET /images/tours/ht2.jpg responded 404 in 0.6880 ms
2026-04-05 02:59:50.296 +07:00 [INF] HTTP GET /images/tours/ht3.jpg responded 404 in 0.5874 ms
2026-04-05 02:59:50.333 +07:00 [INF] HTTP GET /images/tours/ht4.jpg responded 404 in 0.9099 ms
2026-04-05 02:59:50.374 +07:00 [INF] HTTP GET /images/tours/ht5.jpg responded 404 in 0.8706 ms
2026-04-05 02:59:53.219 +07:00 [INF] HTTP GET /Admin/Tour/Schedules/76 responded 200 in 126.5665 ms
2026-04-05 02:59:53.238 +07:00 [INF] HTTP GET /lib/jquery/dist/jquery.min.js responded 200 in 3.9599 ms
2026-04-05 02:59:53.242 +07:00 [INF] HTTP GET /css/site.css responded 200 in 8.2105 ms
2026-04-05 02:59:53.242 +07:00 [INF] HTTP GET /js/site.js responded 200 in 5.3476 ms
2026-04-05 02:59:53.242 +07:00 [INF] HTTP GET /lib/bootstrap/dist/js/bootstrap.bundle.min.js responded 200 in 6.3271 ms
2026-04-05 02:59:53.248 +07:00 [INF] HTTP GET /lib/bootstrap/dist/css/bootstrap.min.css responded 200 in 14.2130 ms
2026-04-05 03:00:06.941 +07:00 [INF] HTTP GET /Admin/Tour/Schedules/76 responded 200 in 41.4725 ms
2026-04-05 03:00:06.983 +07:00 [INF] HTTP GET /lib/jquery/dist/jquery.min.js responded 200 in 16.2814 ms
2026-04-05 03:00:06.984 +07:00 [INF] HTTP GET /lib/bootstrap/dist/css/bootstrap.min.css responded 200 in 24.3382 ms
2026-04-05 03:00:06.988 +07:00 [INF] HTTP GET /js/site.js responded 200 in 10.9008 ms
2026-04-05 03:00:06.988 +07:00 [INF] HTTP GET /css/site.css responded 200 in 18.2397 ms
2026-04-05 03:00:06.988 +07:00 [INF] HTTP GET /lib/bootstrap/dist/js/bootstrap.bundle.min.js responded 200 in 16.7508 ms
2026-04-05 03:01:03.300 +07:00 [INF] Seed dữ liệu ban đầu thành công
2026-04-05 03:01:04.134 +07:00 [INF] Ứng dụng Tour Du Lịch khởi chạy
2026-04-05 03:01:20.964 +07:00 [WRN] Failed to determine the https port for redirect.
2026-04-05 03:01:23.079 +07:00 [INF] HTTP GET /Admin/Tour/Schedules/76 responded 200 in 1755.1286 ms
2026-04-05 03:01:23.227 +07:00 [INF] HTTP GET /js/site.js responded 200 in 104.1280 ms
2026-04-05 03:01:23.227 +07:00 [INF] HTTP GET /css/site.css responded 200 in 104.1278 ms
2026-04-05 03:01:23.231 +07:00 [INF] HTTP GET /lib/bootstrap/dist/css/bootstrap.min.css responded 200 in 107.3367 ms
2026-04-05 03:01:23.231 +07:00 [INF] HTTP GET /lib/jquery/dist/jquery.min.js responded 200 in 107.3173 ms
2026-04-05 03:01:23.231 +07:00 [INF] HTTP GET /lib/bootstrap/dist/js/bootstrap.bundle.min.js responded 200 in 107.3465 ms
2026-04-05 03:01:23.434 +07:00 [INF] HTTP GET /favicon.ico responded 200 in 53.4508 ms
2026-04-05 03:01:31.085 +07:00 [INF] HTTP GET / responded 200 in 712.8024 ms
2026-04-05 03:01:31.116 +07:00 [INF] HTTP GET /images/tours/tl3.jpg responded 404 in 7.0482 ms
2026-04-05 03:01:31.117 +07:00 [INF] HTTP GET /images/tours/tl1.jpg responded 404 in 8.0878 ms
2026-04-05 03:01:31.122 +07:00 [INF] HTTP GET /css/site.css responded 200 in 10.1953 ms
2026-04-05 03:01:31.178 +07:00 [INF] HTTP GET /images/tours/jp3.jpg responded 404 in 4.7068 ms
2026-04-05 03:01:31.178 +07:00 [INF] HTTP GET /images/hinh-nen-viet-nam-4k25.jpg responded 304 in 3.9322 ms
2026-04-05 03:01:31.184 +07:00 [INF] HTTP GET /images/tours/jp1.jpg responded 404 in 7.0045 ms
2026-04-05 03:01:31.188 +07:00 [INF] HTTP GET /lib/bootstrap/dist/css/bootstrap.min.css responded 200 in 64.3966 ms
2026-04-05 03:01:31.196 +07:00 [INF] HTTP GET /images/tours/kr1.jpg responded 404 in 2.2344 ms
2026-04-05 03:01:31.214 +07:00 [INF] HTTP GET /images/categories/mao-hiem.jpg responded 304 in 3.5197 ms
2026-04-05 03:01:31.239 +07:00 [INF] HTTP GET /images/categories/nghi-duong.jpg responded 304 in 3.3178 ms
2026-04-05 03:01:31.240 +07:00 [INF] HTTP GET /images/categories/quoc-te.jpg responded 304 in 3.0418 ms
2026-04-05 03:01:31.629 +07:00 [INF] HTTP GET /lib/jquery/dist/jquery.min.js responded 200 in 110.7284 ms
2026-04-05 03:01:31.794 +07:00 [INF] HTTP GET /images/categories/team-building.jpg responded 304 in 8.4454 ms
2026-04-05 03:01:31.816 +07:00 [INF] HTTP GET /js/site.js responded 200 in 6.7024 ms
2026-04-05 03:01:31.855 +07:00 [INF] HTTP GET /lib/bootstrap/dist/js/bootstrap.bundle.min.js responded 200 in 17.9904 ms
2026-04-05 03:01:31.870 +07:00 [INF] HTTP GET /images/categories/am-thuc.jpg responded 304 in 3.6112 ms
2026-04-05 03:01:31.893 +07:00 [INF] HTTP GET /images/tours/kr3.jpg responded 404 in 6.3865 ms
2026-04-05 03:01:33.200 +07:00 [INF] Tìm kiếm tour với keyword: null, CategoryId: null
2026-04-05 03:01:33.346 +07:00 [INF] Tìm thấy 100 tour phù hợp
2026-04-05 03:01:33.485 +07:00 [INF] HTTP GET /images/tours/tl3.jpg responded 404 in 2.0060 ms
2026-04-05 03:01:33.485 +07:00 [INF] HTTP GET /images/tours/tl1.jpg responded 404 in 4.0919 ms
2026-04-05 03:01:33.486 +07:00 [INF] HTTP GET /css/site.css responded 200 in 6.0768 ms
2026-04-05 03:01:33.490 +07:00 [INF] HTTP GET /lib/bootstrap/dist/css/bootstrap.min.css responded 200 in 9.8909 ms
2026-04-05 03:01:33.494 +07:00 [INF] HTTP GET /images/tours/jp1.jpg responded 404 in 1.8455 ms
2026-04-05 03:01:33.498 +07:00 [INF] HTTP GET /Tour responded 200 in 554.3819 ms
2026-04-05 03:01:33.510 +07:00 [INF] HTTP GET /images/tours/kr1.jpg responded 404 in 5.9550 ms
2026-04-05 03:01:33.525 +07:00 [INF] HTTP GET /lib/bootstrap/dist/js/bootstrap.bundle.min.js responded 200 in 6.0882 ms
2026-04-05 03:01:33.525 +07:00 [INF] HTTP GET /images/tours/jp3.jpg responded 404 in 1.6745 ms
2026-04-05 03:01:33.543 +07:00 [INF] HTTP GET /lib/jquery/dist/jquery.min.js responded 200 in 10.4009 ms
2026-04-05 03:01:33.555 +07:00 [INF] HTTP GET /images/tours/sg1.jpg responded 404 in 2.1423 ms
2026-04-05 03:01:33.561 +07:00 [INF] HTTP GET /images/tours/sg3.jpg responded 404 in 1.3419 ms
2026-04-05 03:01:33.567 +07:00 [INF] HTTP GET /images/tours/fr1.jpg responded 404 in 1.2497 ms
2026-04-05 03:01:33.573 +07:00 [INF] HTTP GET /js/site.js responded 200 in 3.2999 ms
2026-04-05 03:01:33.586 +07:00 [INF] HTTP GET /images/tours/kr3.jpg responded 404 in 1.8857 ms
2026-04-05 03:01:36.863 +07:00 [INF] HTTP GET /Tour/Details/76 responded 200 in 1573.2921 ms
2026-04-05 03:01:36.895 +07:00 [INF] HTTP GET /images/tours/tl1.jpg responded 404 in 3.9137 ms
2026-04-05 03:01:36.903 +07:00 [INF] HTTP GET /images/tours/tl3.jpg responded 404 in 7.3139 ms
2026-04-05 03:01:36.903 +07:00 [INF] HTTP GET /css/site.css responded 200 in 14.3052 ms
2026-04-05 03:01:36.906 +07:00 [INF] HTTP GET /images/tours/tl4.jpg responded 404 in 8.9136 ms
2026-04-05 03:01:36.906 +07:00 [INF] HTTP GET /lib/bootstrap/dist/css/bootstrap.min.css responded 200 in 20.2977 ms
2026-04-05 03:01:36.908 +07:00 [INF] HTTP GET /images/tours/tl2.jpg responded 404 in 5.3878 ms
2026-04-05 03:01:37.453 +07:00 [INF] HTTP GET /lib/bootstrap/dist/js/bootstrap.bundle.min.js responded 200 in 11.7096 ms
2026-04-05 03:01:37.454 +07:00 [INF] HTTP GET /js/site.js responded 200 in 3.9856 ms
2026-04-05 03:01:37.473 +07:00 [INF] HTTP GET /images/tours/tl5.jpg responded 404 in 1.6068 ms
2026-04-05 03:01:37.508 +07:00 [INF] HTTP GET /lib/jquery/dist/jquery.min.js responded 200 in 10.5773 ms
2026-04-05 03:01:56.800 +07:00 [INF] HTTP GET /Tour/Book/76 responded 200 in 387.7387 ms
2026-04-05 03:01:56.824 +07:00 [INF] HTTP GET /images/tours/tl1.jpg responded 404 in 3.4560 ms
2026-04-05 03:01:56.828 +07:00 [INF] HTTP GET /css/site.css responded 200 in 9.1111 ms
2026-04-05 03:01:56.842 +07:00 [INF] HTTP GET /js/site.js responded 200 in 12.9859 ms
2026-04-05 03:01:56.844 +07:00 [INF] HTTP GET /lib/jquery/dist/jquery.min.js responded 200 in 19.3606 ms
2026-04-05 03:01:56.845 +07:00 [INF] HTTP GET /lib/bootstrap/dist/css/bootstrap.min.css responded 200 in 22.9958 ms
2026-04-05 03:01:56.845 +07:00 [INF] HTTP GET /lib/bootstrap/dist/js/bootstrap.bundle.min.js responded 200 in 18.2096 ms
2026-04-05 03:01:56.870 +07:00 [INF] HTTP GET /lib/jquery-validation/dist/jquery.validate.min.js responded 200 in 5.4236 ms
2026-04-05 03:01:56.876 +07:00 [INF] HTTP GET /lib/jquery-validation-unobtrusive/dist/jquery.validate.unobtrusive.min.js responded 200 in 4.5467 ms
2026-04-05 03:02:00.531 +07:00 [INF] HTTP GET /Tour/Book/76 responded 200 in 116.2458 ms
2026-04-05 03:02:00.561 +07:00 [INF] HTTP GET /images/tours/tl1.jpg responded 404 in 0.8168 ms
2026-04-05 03:02:00.562 +07:00 [INF] HTTP GET /css/site.css responded 200 in 6.7576 ms
2026-04-05 03:02:00.568 +07:00 [INF] HTTP GET /lib/bootstrap/dist/css/bootstrap.min.css responded 200 in 12.9776 ms
2026-04-05 03:02:00.569 +07:00 [INF] HTTP GET /lib/jquery/dist/jquery.min.js responded 200 in 7.2175 ms
2026-04-05 03:02:00.576 +07:00 [INF] HTTP GET /lib/bootstrap/dist/js/bootstrap.bundle.min.js responded 200 in 9.6678 ms
2026-04-05 03:02:00.604 +07:00 [INF] HTTP GET /js/site.js responded 200 in 2.6876 ms
2026-04-05 03:02:00.649 +07:00 [INF] HTTP GET /lib/jquery-validation-unobtrusive/dist/jquery.validate.unobtrusive.min.js responded 200 in 14.3252 ms
2026-04-05 03:02:00.666 +07:00 [INF] HTTP GET /lib/jquery-validation/dist/jquery.validate.min.js responded 200 in 3.1931 ms
2026-04-05 03:02:11.125 +07:00 [INF] Đơn hàng mới: DC936F00 - Tour: Thái Lan: Nghỉ dưỡng Pattaya biển xanh - Khách: Quản trị viên
2026-04-05 03:02:11.135 +07:00 [INF] HTTP POST /Tour/Book/76 responded 302 in 2047.3355 ms
2026-04-05 03:02:12.147 +07:00 [INF] HTTP GET /Tour/OrderConfirmation responded 200 in 994.9131 ms
2026-04-05 03:02:12.183 +07:00 [INF] HTTP GET /css/site.css responded 200 in 14.3244 ms
2026-04-05 03:02:12.190 +07:00 [INF] HTTP GET /lib/bootstrap/dist/css/bootstrap.min.css responded 200 in 20.4928 ms
2026-04-05 03:02:12.190 +07:00 [INF] HTTP GET /lib/jquery/dist/jquery.min.js responded 200 in 19.0286 ms
2026-04-05 03:02:12.192 +07:00 [INF] HTTP GET /lib/bootstrap/dist/js/bootstrap.bundle.min.js responded 200 in 15.4639 ms
2026-04-05 03:02:12.195 +07:00 [INF] HTTP GET /js/site.js responded 200 in 6.5974 ms
2026-04-05 03:02:16.799 +07:00 [INF] HTTP GET /Admin responded 200 in 712.1239 ms
2026-04-05 03:02:16.826 +07:00 [INF] HTTP GET /css/site.css responded 200 in 6.4370 ms
2026-04-05 03:02:16.831 +07:00 [INF] HTTP GET /lib/bootstrap/dist/css/bootstrap.min.css responded 200 in 11.5055 ms
2026-04-05 03:02:16.832 +07:00 [INF] HTTP GET /lib/bootstrap/dist/js/bootstrap.bundle.min.js responded 200 in 7.4674 ms
2026-04-05 03:02:16.833 +07:00 [INF] HTTP GET /js/site.js responded 200 in 4.2113 ms
2026-04-05 03:02:16.834 +07:00 [INF] HTTP GET /lib/jquery/dist/jquery.min.js responded 200 in 10.9857 ms
2026-04-05 03:02:18.373 +07:00 [INF] HTTP GET /Admin/Category responded 200 in 234.2171 ms
2026-04-05 03:02:18.406 +07:00 [INF] HTTP GET /css/site.css responded 200 in 5.2102 ms
2026-04-05 03:02:18.428 +07:00 [INF] HTTP GET /lib/bootstrap/dist/js/bootstrap.bundle.min.js responded 200 in 11.0347 ms
2026-04-05 03:02:18.428 +07:00 [INF] HTTP GET /lib/jquery/dist/jquery.min.js responded 200 in 19.5907 ms
2026-04-05 03:02:18.428 +07:00 [INF] HTTP GET /js/site.js responded 200 in 7.6010 ms
2026-04-05 03:02:18.467 +07:00 [INF] HTTP GET /lib/bootstrap/dist/css/bootstrap.min.css responded 200 in 71.2538 ms
2026-04-05 03:02:20.073 +07:00 [INF] HTTP GET /Admin/Tour responded 200 in 164.9506 ms
2026-04-05 03:02:20.090 +07:00 [INF] HTTP GET /images/tours/tl1.jpg responded 404 in 0.7521 ms
2026-04-05 03:02:20.092 +07:00 [INF] HTTP GET /css/site.css responded 200 in 2.2651 ms
2026-04-05 03:02:20.092 +07:00 [INF] HTTP GET /images/tours/tl2.jpg responded 404 in 1.4570 ms
2026-04-05 03:02:20.095 +07:00 [INF] HTTP GET /lib/bootstrap/dist/css/bootstrap.min.css responded 200 in 5.7645 ms
2026-04-05 03:02:20.122 +07:00 [INF] HTTP GET /images/tours/tl3.jpg responded 404 in 0.8010 ms
2026-04-05 03:02:20.125 +07:00 [INF] HTTP GET /images/tours/tl5.jpg responded 404 in 1.5689 ms
2026-04-05 03:02:20.139 +07:00 [INF] HTTP GET /lib/jquery/dist/jquery.min.js responded 200 in 17.6083 ms
2026-04-05 03:02:20.141 +07:00 [INF] HTTP GET /lib/bootstrap/dist/js/bootstrap.bundle.min.js responded 200 in 13.6768 ms
2026-04-05 03:02:20.154 +07:00 [INF] HTTP GET /js/site.js responded 200 in 14.9045 ms
2026-04-05 03:02:20.167 +07:00 [INF] HTTP GET /images/tours/tl4.jpg responded 404 in 1.2403 ms
2026-04-05 03:02:20.180 +07:00 [INF] HTTP GET /images/tours/jp4.jpg responded 404 in 0.8778 ms
2026-04-05 03:02:20.191 +07:00 [INF] HTTP GET /images/tours/jp5.jpg responded 404 in 0.6990 ms
2026-04-05 03:02:20.193 +07:00 [INF] HTTP GET /images/tours/jp2.jpg responded 404 in 0.7367 ms
2026-04-05 03:02:20.198 +07:00 [INF] HTTP GET /images/tours/jp1.jpg responded 404 in 0.7538 ms
2026-04-05 03:02:20.206 +07:00 [INF] HTTP GET /images/tours/jp3.jpg responded 404 in 3.3408 ms
2026-04-05 03:02:20.217 +07:00 [INF] HTTP GET /images/tours/kr1.jpg responded 404 in 0.7608 ms
2026-04-05 03:02:20.218 +07:00 [INF] HTTP GET /images/tours/kr2.jpg responded 404 in 0.5429 ms
2026-04-05 03:02:20.228 +07:00 [INF] HTTP GET /images/tours/kr3.jpg responded 404 in 0.9449 ms
2026-04-05 03:02:20.238 +07:00 [INF] HTTP GET /images/tours/kr4.jpg responded 404 in 1.1928 ms
2026-04-05 03:02:20.245 +07:00 [INF] HTTP GET /images/tours/kr5.jpg responded 404 in 0.7296 ms
2026-04-05 03:02:20.258 +07:00 [INF] HTTP GET /images/tours/sg1.jpg responded 404 in 1.7860 ms
2026-04-05 03:02:20.270 +07:00 [INF] HTTP GET /images/tours/sg2.jpg responded 404 in 0.7031 ms
2026-04-05 03:02:20.296 +07:00 [INF] HTTP GET /images/tours/sg3.jpg responded 404 in 0.7331 ms
2026-04-05 03:02:20.317 +07:00 [INF] HTTP GET /images/tours/sg4.jpg responded 404 in 0.6996 ms
2026-04-05 03:02:20.331 +07:00 [INF] HTTP GET /images/tours/sg5.jpg responded 404 in 0.7257 ms
2026-04-05 03:02:20.871 +07:00 [INF] HTTP GET /images/tours/fr1.jpg responded 404 in 0.8793 ms
2026-04-05 03:02:20.874 +07:00 [INF] HTTP GET /images/tours/fr2.jpg responded 404 in 1.7565 ms
2026-04-05 03:02:20.885 +07:00 [INF] HTTP GET /images/tours/fr3.jpg responded 404 in 1.0815 ms
2026-04-05 03:02:20.893 +07:00 [INF] HTTP GET /images/tours/fr4.jpg responded 404 in 0.9981 ms
2026-04-05 03:02:20.901 +07:00 [INF] HTTP GET /images/tours/fr5.jpg responded 404 in 0.8882 ms
2026-04-05 03:02:20.916 +07:00 [INF] HTTP GET /images/tours/pq1.jpg responded 304 in 7.8528 ms
2026-04-05 03:02:20.933 +07:00 [INF] HTTP GET /images/tours/pq2.jpg responded 404 in 1.5382 ms
2026-04-05 03:02:20.934 +07:00 [INF] HTTP GET /images/tours/pq3.jpg responded 404 in 0.5371 ms
2026-04-05 03:02:20.948 +07:00 [INF] HTTP GET /images/tours/pq4.jpg responded 404 in 0.8776 ms
2026-04-05 03:02:20.963 +07:00 [INF] HTTP GET /images/tours/pq5.jpg responded 404 in 0.7274 ms
2026-04-05 03:02:20.970 +07:00 [INF] HTTP GET /images/tours/dn1.jpg responded 304 in 1.1371 ms
2026-04-05 03:02:20.976 +07:00 [INF] HTTP GET /images/tours/dn2.jpg responded 404 in 0.6888 ms
2026-04-05 03:02:20.982 +07:00 [INF] HTTP GET /images/tours/dn3.jpg responded 404 in 2.1848 ms
2026-04-05 03:02:20.997 +07:00 [INF] HTTP GET /images/tours/dn4.jpg responded 404 in 0.7332 ms
2026-04-05 03:02:21.009 +07:00 [INF] HTTP GET /images/tours/dn5.jpg responded 404 in 0.9735 ms
2026-04-05 03:02:21.019 +07:00 [INF] HTTP GET /images/tours/dl1.jpg responded 304 in 0.8737 ms
2026-04-05 03:02:21.024 +07:00 [INF] HTTP GET /images/tours/dl2.jpg responded 404 in 0.8433 ms
2026-04-05 03:02:21.033 +07:00 [INF] HTTP GET /images/tours/dl3.jpg responded 404 in 0.9827 ms
2026-04-05 03:02:21.039 +07:00 [INF] HTTP GET /images/tours/dl4.jpg responded 404 in 1.0876 ms
2026-04-05 03:02:21.051 +07:00 [INF] HTTP GET /images/tours/dl5.jpg responded 404 in 5.5765 ms
2026-04-05 03:02:21.057 +07:00 [INF] HTTP GET /images/tours/sp1.jpg responded 304 in 0.9588 ms
2026-04-05 03:02:21.063 +07:00 [INF] HTTP GET /images/tours/sp2.jpg responded 404 in 1.8196 ms
2026-04-05 03:02:21.069 +07:00 [INF] HTTP GET /images/tours/sp3.jpg responded 404 in 1.1908 ms
2026-04-05 03:02:21.079 +07:00 [INF] HTTP GET /images/tours/sp4.jpg responded 404 in 0.6923 ms
2026-04-05 03:02:21.088 +07:00 [INF] HTTP GET /images/tours/sp5.jpg responded 404 in 1.0860 ms
2026-04-05 03:02:21.093 +07:00 [INF] HTTP GET /images/tours/qn1.jpg responded 304 in 0.8764 ms
2026-04-05 03:02:21.102 +07:00 [INF] HTTP GET /images/tours/qn2.jpg responded 404 in 1.0464 ms
2026-04-05 03:02:21.115 +07:00 [INF] HTTP GET /images/tours/qn3.jpg responded 404 in 0.7741 ms
2026-04-05 03:02:21.121 +07:00 [INF] HTTP GET /images/tours/qn4.jpg responded 404 in 1.5149 ms
2026-04-05 03:02:21.129 +07:00 [INF] HTTP GET /images/tours/qn5.jpg responded 404 in 0.8331 ms
2026-04-05 03:02:21.134 +07:00 [INF] HTTP GET /images/tours/nb1.jpg responded 304 in 1.2402 ms
2026-04-05 03:02:21.178 +07:00 [INF] HTTP GET /images/tours/hue1.jpg responded 404 in 1.0835 ms
2026-04-05 03:02:21.151 +07:00 [INF] HTTP GET /images/tours/nb3.jpg responded 404 in 0.7272 ms
2026-04-05 03:02:21.163 +07:00 [INF] HTTP GET /images/tours/nb4.jpg responded 404 in 0.9024 ms
2026-04-05 03:02:21.171 +07:00 [INF] HTTP GET /images/tours/nb5.jpg responded 404 in 1.1241 ms
2026-04-05 03:02:21.141 +07:00 [INF] HTTP GET /images/tours/nb2.jpg responded 404 in 1.0356 ms
2026-04-05 03:02:21.182 +07:00 [INF] HTTP GET /images/tours/hue2.jpg responded 404 in 0.7188 ms
2026-04-05 03:02:21.192 +07:00 [INF] HTTP GET /images/tours/hue3.jpg responded 404 in 0.6801 ms
2026-04-05 03:02:21.198 +07:00 [INF] HTTP GET /images/tours/hue4.jpg responded 404 in 1.9266 ms
2026-04-05 03:02:21.203 +07:00 [INF] HTTP GET /images/tours/hue5.jpg responded 404 in 0.8203 ms
2026-04-05 03:02:21.241 +07:00 [INF] HTTP GET /images/tours/ha5.jpg responded 404 in 0.7119 ms
2026-04-05 03:02:21.220 +07:00 [INF] HTTP GET /images/tours/ha2.jpg responded 404 in 0.6432 ms
2026-04-05 03:02:21.227 +07:00 [INF] HTTP GET /images/tours/ha3.jpg responded 404 in 1.0840 ms
2026-04-05 03:02:21.233 +07:00 [INF] HTTP GET /images/tours/ha4.jpg responded 404 in 1.1211 ms
2026-04-05 03:02:21.211 +07:00 [INF] HTTP GET /images/tours/ha1.jpg responded 404 in 0.6993 ms
2026-04-05 03:02:21.245 +07:00 [INF] HTTP GET /images/tours/nt1.jpg responded 304 in 1.2091 ms
2026-04-05 03:02:21.267 +07:00 [INF] HTTP GET /images/tours/nt2.jpg responded 404 in 0.7756 ms
2026-04-05 03:02:21.276 +07:00 [INF] HTTP GET /images/tours/nt3.jpg responded 404 in 2.6016 ms
2026-04-05 03:02:21.283 +07:00 [INF] HTTP GET /images/tours/nt4.jpg responded 404 in 0.7088 ms
2026-04-05 03:02:21.296 +07:00 [INF] HTTP GET /images/tours/nt5.jpg responded 404 in 1.2762 ms
2026-04-05 03:02:21.312 +07:00 [INF] HTTP GET /images/tours/mn1.jpg responded 304 in 0.9183 ms
2026-04-05 03:02:21.324 +07:00 [INF] HTTP GET /images/tours/mn2.jpg responded 404 in 1.4408 ms
2026-04-05 03:02:21.326 +07:00 [INF] HTTP GET /images/tours/mn3.jpg responded 404 in 0.7119 ms
2026-04-05 03:02:21.333 +07:00 [INF] HTTP GET /images/tours/mn4.jpg responded 404 in 0.8602 ms
2026-04-05 03:02:21.346 +07:00 [INF] HTTP GET /images/tours/mn5.jpg responded 404 in 0.9115 ms
2026-04-05 03:02:21.351 +07:00 [INF] HTTP GET /images/tours/hcm1.jpg responded 404 in 1.2556 ms
2026-04-05 03:02:21.360 +07:00 [INF] HTTP GET /images/tours/hcm2.jpg responded 404 in 0.7623 ms
2026-04-05 03:02:21.369 +07:00 [INF] HTTP GET /images/tours/hcm3.jpg responded 404 in 0.9391 ms
2026-04-05 03:02:21.378 +07:00 [INF] HTTP GET /images/tours/hcm4.jpg responded 404 in 0.7414 ms
2026-04-05 03:02:21.384 +07:00 [INF] HTTP GET /images/tours/hcm5.jpg responded 404 in 1.8026 ms
2026-04-05 03:02:21.391 +07:00 [INF] HTTP GET /images/tours/vt1.jpg responded 404 in 1.8983 ms
2026-04-05 03:02:21.398 +07:00 [INF] HTTP GET /images/tours/vt2.jpg responded 404 in 0.6841 ms
2026-04-05 03:02:21.406 +07:00 [INF] HTTP GET /images/tours/vt3.jpg responded 404 in 1.8950 ms
2026-04-05 03:02:21.411 +07:00 [INF] HTTP GET /images/tours/vt4.jpg responded 404 in 0.8155 ms
2026-04-05 03:02:21.416 +07:00 [INF] HTTP GET /images/tours/vt5.jpg responded 404 in 0.8225 ms
2026-04-05 03:02:21.422 +07:00 [INF] HTTP GET /images/tours/ct1.jpg responded 404 in 0.6162 ms
2026-04-05 03:02:21.429 +07:00 [INF] HTTP GET /images/tours/ct2.jpg responded 404 in 0.7888 ms
2026-04-05 03:02:21.437 +07:00 [INF] HTTP GET /images/tours/ct3.jpg responded 404 in 1.0098 ms
2026-04-05 03:02:21.449 +07:00 [INF] HTTP GET /images/tours/ct4.jpg responded 404 in 0.8758 ms
2026-04-05 03:02:21.456 +07:00 [INF] HTTP GET /images/tours/ct5.jpg responded 404 in 0.9170 ms
2026-04-05 03:02:21.463 +07:00 [INF] HTTP GET /images/tours/ag1.jpg responded 404 in 1.0237 ms
2026-04-05 03:02:21.476 +07:00 [INF] HTTP GET /images/tours/ag2.jpg responded 404 in 1.0451 ms
2026-04-05 03:02:21.486 +07:00 [INF] HTTP GET /images/tours/ag3.jpg responded 404 in 0.8930 ms
2026-04-05 03:02:21.493 +07:00 [INF] HTTP GET /images/tours/ag4.jpg responded 404 in 0.8270 ms
2026-04-05 03:02:21.500 +07:00 [INF] HTTP GET /images/tours/ag5.jpg responded 404 in 0.9680 ms
2026-04-05 03:02:21.509 +07:00 [INF] HTTP GET /images/tours/ht1.jpg responded 404 in 0.8336 ms
2026-04-05 03:02:21.517 +07:00 [INF] HTTP GET /images/tours/ht2.jpg responded 404 in 0.8589 ms
2026-04-05 03:02:21.577 +07:00 [INF] HTTP GET /images/tours/ht3.jpg responded 404 in 51.4821 ms
2026-04-05 03:02:21.583 +07:00 [INF] HTTP GET /images/tours/ht4.jpg responded 404 in 1.1959 ms
2026-04-05 03:02:21.585 +07:00 [INF] HTTP GET /images/tours/ht5.jpg responded 404 in 0.5492 ms
2026-04-05 03:02:22.824 +07:00 [INF] HTTP GET /Admin/Tour/Schedules/76 responded 200 in 15.9586 ms
2026-04-05 03:02:22.852 +07:00 [INF] HTTP GET /css/site.css responded 200 in 12.0771 ms
2026-04-05 03:02:22.853 +07:00 [INF] HTTP GET /lib/jquery/dist/jquery.min.js responded 200 in 11.6608 ms
2026-04-05 03:02:22.853 +07:00 [INF] HTTP GET /lib/bootstrap/dist/js/bootstrap.bundle.min.js responded 200 in 11.2265 ms
2026-04-05 03:02:22.854 +07:00 [INF] HTTP GET /lib/bootstrap/dist/css/bootstrap.min.css responded 200 in 14.3651 ms
2026-04-05 03:02:22.855 +07:00 [INF] HTTP GET /js/site.js responded 200 in 5.7567 ms
2026-04-05 03:02:42.553 +07:00 [INF] HTTP GET /Admin/Tour responded 200 in 65.6560 ms
2026-04-05 03:02:42.586 +07:00 [INF] HTTP GET /images/tours/tl1.jpg responded 404 in 1.6881 ms
2026-04-05 03:02:42.590 +07:00 [INF] HTTP GET /images/tours/tl2.jpg responded 404 in 0.7505 ms
2026-04-05 03:02:42.610 +07:00 [INF] HTTP GET /css/site.css responded 200 in 29.5320 ms
2026-04-05 03:02:42.610 +07:00 [INF] HTTP GET /images/tours/tl3.jpg responded 404 in 0.8846 ms
2026-04-05 03:02:42.616 +07:00 [INF] HTTP GET /images/tours/tl4.jpg responded 404 in 0.8015 ms
2026-04-05 03:02:42.618 +07:00 [INF] HTTP GET /lib/bootstrap/dist/css/bootstrap.min.css responded 200 in 43.3990 ms
2026-04-05 03:02:43.308 +07:00 [INF] HTTP GET /images/tours/jp1.jpg responded 404 in 0.6514 ms
2026-04-05 03:02:43.325 +07:00 [INF] HTTP GET /lib/bootstrap/dist/js/bootstrap.bundle.min.js responded 200 in 8.0251 ms
2026-04-05 03:02:43.362 +07:00 [INF] HTTP GET /lib/jquery/dist/jquery.min.js responded 200 in 14.0879 ms
2026-04-05 03:02:43.974 +07:00 [INF] HTTP GET /images/tours/jp3.jpg responded 404 in 8.8720 ms
2026-04-05 03:02:44.079 +07:00 [INF] HTTP GET /images/tours/jp4.jpg responded 404 in 0.6591 ms
2026-04-05 03:02:44.131 +07:00 [INF] HTTP GET /images/tours/tl5.jpg responded 404 in 0.5605 ms
2026-04-05 03:02:44.143 +07:00 [INF] HTTP GET /images/tours/jp5.jpg responded 404 in 1.2605 ms
2026-04-05 03:02:44.149 +07:00 [INF] HTTP GET /js/site.js responded 200 in 2.8365 ms
2026-04-05 03:02:44.155 +07:00 [INF] HTTP GET /images/tours/jp2.jpg responded 404 in 2.8915 ms
2026-04-05 03:02:44.167 +07:00 [INF] HTTP GET /images/tours/kr2.jpg responded 404 in 1.2810 ms
2026-04-05 03:02:44.206 +07:00 [INF] HTTP GET /images/tours/kr3.jpg responded 404 in 3.5348 ms
2026-04-05 03:02:44.640 +07:00 [INF] HTTP GET /images/tours/kr4.jpg responded 404 in 0.5430 ms
2026-04-05 03:02:44.684 +07:00 [INF] HTTP GET /images/tours/kr5.jpg responded 404 in 1.6457 ms
2026-04-05 03:02:44.736 +07:00 [INF] HTTP GET /images/tours/kr1.jpg responded 404 in 22.1854 ms
2026-04-05 03:02:44.997 +07:00 [INF] HTTP GET /images/tours/sg1.jpg responded 404 in 0.6856 ms
2026-04-05 03:02:45.030 +07:00 [INF] HTTP GET /images/tours/sg2.jpg responded 404 in 1.2249 ms
2026-04-05 03:02:45.139 +07:00 [INF] HTTP GET /images/tours/sg3.jpg responded 404 in 1.3066 ms
2026-04-05 03:02:45.170 +07:00 [INF] HTTP GET /images/tours/sg4.jpg responded 404 in 0.6547 ms
2026-04-05 03:02:45.211 +07:00 [INF] HTTP GET /images/tours/sg5.jpg responded 404 in 2.1404 ms
2026-04-05 03:02:45.219 +07:00 [INF] HTTP GET /images/tours/fr1.jpg responded 404 in 0.5854 ms
2026-04-05 03:02:45.234 +07:00 [INF] HTTP GET /images/tours/fr2.jpg responded 404 in 0.6010 ms
2026-04-05 03:02:45.247 +07:00 [INF] HTTP GET /images/tours/fr3.jpg responded 404 in 0.6435 ms
2026-04-05 03:02:45.271 +07:00 [INF] HTTP GET /images/tours/fr4.jpg responded 404 in 0.5929 ms
2026-04-05 03:02:45.296 +07:00 [INF] HTTP GET /images/tours/fr5.jpg responded 404 in 0.6256 ms
2026-04-05 03:02:45.302 +07:00 [INF] HTTP GET /images/tours/pq1.jpg responded 304 in 0.7124 ms
2026-04-05 03:02:45.367 +07:00 [INF] HTTP GET /images/tours/pq2.jpg responded 404 in 0.5837 ms
2026-04-05 03:02:45.377 +07:00 [INF] HTTP GET /images/tours/pq3.jpg responded 404 in 0.6514 ms
2026-04-05 03:02:45.388 +07:00 [INF] HTTP GET /images/tours/pq4.jpg responded 404 in 0.6804 ms
2026-04-05 03:02:45.395 +07:00 [INF] HTTP GET /images/tours/pq5.jpg responded 404 in 0.5847 ms
2026-04-05 03:02:45.406 +07:00 [INF] HTTP GET /images/tours/dn1.jpg responded 304 in 0.7938 ms
2026-04-05 03:02:45.419 +07:00 [INF] HTTP GET /images/tours/dn2.jpg responded 404 in 0.7229 ms
2026-04-05 03:02:45.450 +07:00 [INF] HTTP GET /images/tours/dn3.jpg responded 404 in 0.6241 ms
2026-04-05 03:02:45.462 +07:00 [INF] HTTP GET /images/tours/dn4.jpg responded 404 in 0.6379 ms
2026-04-05 03:02:45.474 +07:00 [INF] HTTP GET /images/tours/dn5.jpg responded 404 in 0.9150 ms
2026-04-05 03:02:45.488 +07:00 [INF] HTTP GET /images/tours/dl1.jpg responded 304 in 0.8300 ms
2026-04-05 03:02:45.501 +07:00 [INF] HTTP GET /images/tours/dl2.jpg responded 404 in 0.5881 ms
2026-04-05 03:02:45.513 +07:00 [INF] HTTP GET /images/tours/dl3.jpg responded 404 in 0.6206 ms
2026-04-05 03:02:45.542 +07:00 [INF] HTTP GET /images/tours/dl4.jpg responded 404 in 0.6599 ms
2026-04-05 03:02:45.551 +07:00 [INF] HTTP GET /Admin/Order responded 200 in 468.9158 ms
2026-04-05 03:02:45.556 +07:00 [INF] HTTP GET /images/tours/dl5.jpg responded 404 in 1.2252 ms
2026-04-05 03:02:45.571 +07:00 [INF] HTTP GET /images/tours/sp1.jpg responded 304 in 2.6215 ms
2026-04-05 03:02:45.590 +07:00 [INF] HTTP GET /lib/bootstrap/dist/css/bootstrap.min.css responded 200 in 4.0954 ms
2026-04-05 03:02:45.602 +07:00 [INF] HTTP GET /css/site.css responded 200 in 2.5108 ms
2026-04-05 03:02:45.672 +07:00 [INF] HTTP GET /images/tours/sp2.jpg responded 404 in 0.6938 ms
2026-04-05 03:02:45.678 +07:00 [INF] HTTP GET /js/site.js responded 200 in 10.8869 ms
2026-04-05 03:02:45.700 +07:00 [INF] HTTP GET /images/tours/sp4.jpg responded 404 in 0.7047 ms
2026-04-05 03:02:46.216 +07:00 [INF] HTTP GET /images/tours/sp5.jpg responded 404 in 1.3853 ms
2026-04-05 03:02:46.227 +07:00 [INF] HTTP GET /lib/bootstrap/dist/js/bootstrap.bundle.min.js responded 200 in 6.3520 ms
2026-04-05 03:02:46.240 +07:00 [INF] HTTP GET /lib/jquery/dist/jquery.min.js responded 200 in 9.0823 ms
2026-04-05 03:02:46.297 +07:00 [INF] HTTP GET /images/tours/qn3.jpg responded 404 in 0.6326 ms
2026-04-05 03:02:46.307 +07:00 [INF] HTTP GET /images/tours/sp3.jpg responded 404 in 2.7321 ms
2026-04-05 03:02:46.320 +07:00 [INF] HTTP GET /images/tours/qn4.jpg responded 404 in 0.7280 ms
2026-04-05 03:02:46.325 +07:00 [INF] HTTP GET /images/tours/qn5.jpg responded 404 in 0.6728 ms
2026-04-05 03:02:46.330 +07:00 [INF] HTTP GET /images/tours/qn1.jpg responded 304 in 0.8954 ms
2026-04-05 03:02:46.343 +07:00 [INF] HTTP GET /images/tours/qn2.jpg responded 404 in 1.2449 ms
2026-04-05 03:02:46.363 +07:00 [INF] HTTP GET /images/tours/nb1.jpg responded 304 in 2.8381 ms
2026-04-05 03:02:46.372 +07:00 [INF] HTTP GET /images/tours/nb2.jpg responded 404 in 0.8567 ms
2026-04-05 03:02:46.387 +07:00 [INF] HTTP GET /images/tours/nb3.jpg responded 404 in 0.7297 ms
2026-04-05 03:02:46.407 +07:00 [INF] HTTP GET /images/tours/nb4.jpg responded 404 in 0.6541 ms
2026-04-05 03:02:46.419 +07:00 [INF] HTTP GET /images/tours/nb5.jpg responded 404 in 0.6771 ms
2026-04-05 03:02:46.442 +07:00 [INF] HTTP GET /images/tours/hue1.jpg responded 404 in 0.7394 ms
2026-04-05 03:02:46.470 +07:00 [INF] HTTP GET /images/tours/hue2.jpg responded 404 in 0.7032 ms
2026-04-05 03:02:46.481 +07:00 [INF] HTTP GET /images/tours/hue3.jpg responded 404 in 0.5983 ms
2026-04-05 03:02:46.502 +07:00 [INF] HTTP GET /images/tours/hue4.jpg responded 404 in 0.5855 ms
2026-04-05 03:02:46.600 +07:00 [INF] HTTP GET /images/tours/hue5.jpg responded 404 in 0.7491 ms
2026-04-05 03:02:46.614 +07:00 [INF] HTTP GET /images/tours/ha1.jpg responded 404 in 0.6722 ms
2026-04-05 03:02:46.628 +07:00 [INF] HTTP GET /images/tours/ha2.jpg responded 404 in 0.5963 ms
2026-04-05 03:02:46.643 +07:00 [INF] HTTP GET /images/tours/ha3.jpg responded 404 in 6.6964 ms
2026-04-05 03:02:46.678 +07:00 [INF] HTTP GET /images/tours/ha4.jpg responded 404 in 0.7426 ms
2026-04-05 03:02:46.690 +07:00 [INF] HTTP GET /images/tours/ha5.jpg responded 404 in 0.5932 ms
2026-04-05 03:02:46.700 +07:00 [INF] HTTP GET /images/tours/nt1.jpg responded 304 in 0.7583 ms
2026-04-05 03:02:46.712 +07:00 [INF] HTTP GET /images/tours/nt2.jpg responded 404 in 0.5992 ms
2026-04-05 03:02:46.719 +07:00 [INF] HTTP GET /images/tours/nt3.jpg responded 404 in 0.5840 ms
2026-04-05 03:02:46.733 +07:00 [INF] HTTP GET /images/tours/nt4.jpg responded 404 in 0.6008 ms
2026-04-05 03:02:46.750 +07:00 [INF] HTTP GET /images/tours/nt5.jpg responded 404 in 0.6255 ms
2026-04-05 03:02:46.759 +07:00 [INF] HTTP GET /images/tours/mn1.jpg responded 304 in 0.8391 ms
2026-04-05 03:02:46.768 +07:00 [INF] HTTP GET /images/tours/mn2.jpg responded 404 in 1.4366 ms
2026-04-05 03:02:46.777 +07:00 [INF] HTTP GET /images/tours/mn3.jpg responded 404 in 1.3752 ms
2026-04-05 03:02:46.784 +07:00 [INF] HTTP GET /images/tours/mn4.jpg responded 404 in 1.3945 ms
2026-04-05 03:02:46.790 +07:00 [INF] HTTP GET /images/tours/mn5.jpg responded 404 in 0.5715 ms
2026-04-05 03:02:46.799 +07:00 [INF] HTTP GET /images/tours/hcm1.jpg responded 404 in 0.6228 ms
2026-04-05 03:02:46.810 +07:00 [INF] HTTP GET /images/tours/hcm2.jpg responded 404 in 0.6200 ms
2026-04-05 03:02:46.823 +07:00 [INF] HTTP GET /images/tours/hcm3.jpg responded 404 in 0.6892 ms
2026-04-05 03:02:46.829 +07:00 [INF] HTTP GET /images/tours/hcm4.jpg responded 404 in 0.6691 ms
2026-04-05 03:02:46.844 +07:00 [INF] HTTP GET /images/tours/hcm5.jpg responded 404 in 0.6562 ms
2026-04-05 03:02:46.857 +07:00 [INF] HTTP GET /images/tours/vt1.jpg responded 404 in 1.0734 ms
2026-04-05 03:02:46.865 +07:00 [INF] HTTP GET /images/tours/vt2.jpg responded 404 in 0.8529 ms
2026-04-05 03:02:46.870 +07:00 [INF] HTTP GET /images/tours/vt3.jpg responded 404 in 0.6593 ms
2026-04-05 03:02:46.878 +07:00 [INF] HTTP GET /images/tours/vt4.jpg responded 404 in 1.2044 ms
2026-04-05 03:02:46.887 +07:00 [INF] HTTP GET /images/tours/vt5.jpg responded 404 in 0.6297 ms
2026-04-05 03:02:46.892 +07:00 [INF] HTTP GET /images/tours/ct1.jpg responded 404 in 0.5506 ms
2026-04-05 03:02:46.898 +07:00 [INF] HTTP GET /images/tours/ct2.jpg responded 404 in 0.5423 ms
2026-04-05 03:02:46.906 +07:00 [INF] HTTP GET /images/tours/ct3.jpg responded 404 in 0.6680 ms
2026-04-05 03:02:46.915 +07:00 [INF] HTTP GET /images/tours/ct4.jpg responded 404 in 0.5979 ms
2026-04-05 03:02:46.919 +07:00 [INF] HTTP GET /images/tours/ct5.jpg responded 404 in 0.9707 ms
2026-04-05 03:02:46.925 +07:00 [INF] HTTP GET /images/tours/ag1.jpg responded 404 in 0.5938 ms
2026-04-05 03:02:46.934 +07:00 [INF] HTTP GET /images/tours/ag2.jpg responded 404 in 1.5189 ms
2026-04-05 03:02:46.943 +07:00 [INF] HTTP GET /images/tours/ag3.jpg responded 404 in 0.6737 ms
2026-04-05 03:02:46.954 +07:00 [INF] HTTP GET /images/tours/ag4.jpg responded 404 in 0.5933 ms
2026-04-05 03:02:46.968 +07:00 [INF] HTTP GET /images/tours/ag5.jpg responded 404 in 0.5814 ms
2026-04-05 03:02:46.996 +07:00 [INF] HTTP GET /images/tours/ht1.jpg responded 404 in 0.9377 ms
2026-04-05 03:02:47.006 +07:00 [INF] HTTP GET /images/tours/ht2.jpg responded 404 in 1.6020 ms
2026-04-05 03:02:47.020 +07:00 [INF] HTTP GET /images/tours/ht3.jpg responded 404 in 1.4148 ms
2026-04-05 03:02:47.038 +07:00 [INF] HTTP GET /images/tours/ht4.jpg responded 404 in 0.5740 ms
2026-04-05 03:02:47.053 +07:00 [INF] HTTP GET /images/tours/ht5.jpg responded 404 in 0.7488 ms
2026-04-05 03:02:48.805 +07:00 [INF] HTTP GET /Admin/Order/Details/6 responded 200 in 320.9459 ms
2026-04-05 03:02:48.843 +07:00 [INF] HTTP GET /css/site.css responded 200 in 10.1837 ms
2026-04-05 03:02:48.845 +07:00 [INF] HTTP GET /js/site.js responded 200 in 1.9117 ms
2026-04-05 03:02:48.850 +07:00 [INF] HTTP GET /lib/bootstrap/dist/css/bootstrap.min.css responded 200 in 26.6659 ms
2026-04-05 03:02:48.853 +07:00 [INF] HTTP GET /lib/jquery/dist/jquery.min.js responded 200 in 15.4406 ms
2026-04-05 03:02:48.854 +07:00 [INF] HTTP GET /lib/bootstrap/dist/js/bootstrap.bundle.min.js responded 200 in 12.1865 ms
2026-04-05 03:03:02.238 +07:00 [INF] HTTP GET /Admin/Tour responded 200 in 29.9164 ms
2026-04-05 03:03:02.262 +07:00 [INF] HTTP GET /images/tours/tl2.jpg responded 404 in 0.7049 ms
2026-04-05 03:03:02.262 +07:00 [INF] HTTP GET /css/site.css responded 200 in 2.3361 ms
2026-04-05 03:03:02.262 +07:00 [INF] HTTP GET /images/tours/tl1.jpg responded 404 in 0.8491 ms
2026-04-05 03:03:02.264 +07:00 [INF] HTTP GET /lib/bootstrap/dist/css/bootstrap.min.css responded 200 in 5.3022 ms
2026-04-05 03:03:02.280 +07:00 [INF] HTTP GET /images/tours/tl3.jpg responded 404 in 0.7592 ms
2026-04-05 03:03:02.293 +07:00 [INF] HTTP GET /lib/jquery/dist/jquery.min.js responded 200 in 11.5706 ms
2026-04-05 03:03:02.297 +07:00 [INF] HTTP GET /lib/bootstrap/dist/js/bootstrap.bundle.min.js responded 200 in 14.5003 ms
2026-04-05 03:03:02.333 +07:00 [INF] HTTP GET /images/tours/tl5.jpg responded 404 in 0.8357 ms
2026-04-05 03:03:02.816 +07:00 [INF] HTTP GET /images/tours/jp2.jpg responded 404 in 0.5802 ms
2026-04-05 03:03:02.855 +07:00 [INF] HTTP GET /images/tours/tl4.jpg responded 404 in 0.5941 ms
2026-04-05 03:03:02.931 +07:00 [INF] HTTP GET /images/tours/jp3.jpg responded 404 in 0.5830 ms
2026-04-05 03:03:02.936 +07:00 [INF] HTTP GET /js/site.js responded 200 in 2.4305 ms
2026-04-05 03:03:02.949 +07:00 [INF] HTTP GET /images/tours/jp1.jpg responded 404 in 2.2491 ms
2026-04-05 03:03:02.962 +07:00 [INF] HTTP GET /images/tours/jp5.jpg responded 404 in 0.8882 ms
2026-04-05 03:03:02.979 +07:00 [INF] HTTP GET /images/tours/kr1.jpg responded 404 in 1.0367 ms
2026-04-05 03:03:02.988 +07:00 [INF] HTTP GET /images/tours/kr2.jpg responded 404 in 0.5810 ms
2026-04-05 03:03:03.003 +07:00 [INF] HTTP GET /images/tours/kr3.jpg responded 404 in 0.9262 ms
2026-04-05 03:03:03.010 +07:00 [INF] HTTP GET /images/tours/jp4.jpg responded 404 in 0.5695 ms
2026-04-05 03:03:03.027 +07:00 [INF] HTTP GET /images/tours/kr4.jpg responded 404 in 0.9105 ms
2026-04-05 03:03:03.035 +07:00 [INF] HTTP GET /images/tours/kr5.jpg responded 404 in 0.5747 ms
2026-04-05 03:03:03.047 +07:00 [INF] HTTP GET /images/tours/sg1.jpg responded 404 in 0.5898 ms
2026-04-05 03:03:03.052 +07:00 [INF] HTTP GET /images/tours/sg2.jpg responded 404 in 0.5905 ms
2026-04-05 03:03:03.057 +07:00 [INF] HTTP GET /images/tours/sg3.jpg responded 404 in 0.8375 ms
2026-04-05 03:03:03.064 +07:00 [INF] HTTP GET /images/tours/sg4.jpg responded 404 in 0.5456 ms
2026-04-05 03:03:03.068 +07:00 [INF] HTTP GET /images/tours/sg5.jpg responded 404 in 0.5176 ms
2026-04-05 03:03:03.072 +07:00 [INF] HTTP GET /images/tours/fr1.jpg responded 404 in 0.7013 ms
2026-04-05 03:03:03.077 +07:00 [INF] HTTP GET /images/tours/fr2.jpg responded 404 in 0.7249 ms
2026-04-05 03:03:03.085 +07:00 [INF] HTTP GET /images/tours/fr3.jpg responded 404 in 1.1445 ms
2026-04-05 03:03:03.089 +07:00 [INF] HTTP GET /images/tours/fr4.jpg responded 404 in 0.8373 ms
2026-04-05 03:03:03.096 +07:00 [INF] HTTP GET /images/tours/fr5.jpg responded 404 in 0.6009 ms
2026-04-05 03:03:03.104 +07:00 [INF] HTTP GET /images/tours/pq1.jpg responded 304 in 1.2207 ms
2026-04-05 03:03:03.110 +07:00 [INF] HTTP GET /images/tours/pq2.jpg responded 404 in 0.7617 ms
2026-04-05 03:03:03.117 +07:00 [INF] HTTP GET /images/tours/pq3.jpg responded 404 in 0.5409 ms
2026-04-05 03:03:03.121 +07:00 [INF] HTTP GET /images/tours/pq4.jpg responded 404 in 0.4539 ms
2026-04-05 03:03:03.124 +07:00 [INF] HTTP GET /images/tours/pq5.jpg responded 404 in 0.4418 ms
2026-04-05 03:03:03.131 +07:00 [INF] HTTP GET /images/tours/dn1.jpg responded 304 in 1.5802 ms
2026-04-05 03:03:03.137 +07:00 [INF] HTTP GET /images/tours/dn2.jpg responded 404 in 0.7019 ms
2026-04-05 03:03:03.143 +07:00 [INF] HTTP GET /images/tours/dn3.jpg responded 404 in 0.7930 ms
2026-04-05 03:03:03.146 +07:00 [INF] HTTP GET /images/tours/dn4.jpg responded 404 in 0.4461 ms
2026-04-05 03:03:03.154 +07:00 [INF] HTTP GET /images/tours/dn5.jpg responded 404 in 3.5376 ms
2026-04-05 03:03:03.159 +07:00 [INF] HTTP GET /images/tours/dl1.jpg responded 304 in 1.1336 ms
2026-04-05 03:03:03.168 +07:00 [INF] HTTP GET /images/tours/dl2.jpg responded 404 in 0.8391 ms
2026-04-05 03:03:03.174 +07:00 [INF] HTTP GET /images/tours/dl3.jpg responded 404 in 0.7302 ms
2026-04-05 03:03:03.180 +07:00 [INF] HTTP GET /images/tours/dl4.jpg responded 404 in 0.7739 ms
2026-04-05 03:03:03.183 +07:00 [INF] HTTP GET /images/tours/dl5.jpg responded 404 in 0.5011 ms
2026-04-05 03:03:03.187 +07:00 [INF] HTTP GET /images/tours/sp1.jpg responded 304 in 0.7631 ms
2026-04-05 03:03:03.214 +07:00 [INF] HTTP GET /images/tours/qn1.jpg responded 304 in 1.4305 ms
2026-04-05 03:03:03.198 +07:00 [INF] HTTP GET /images/tours/sp3.jpg responded 404 in 0.6178 ms
2026-04-05 03:03:03.203 +07:00 [INF] HTTP GET /images/tours/sp4.jpg responded 404 in 0.8696 ms
2026-04-05 03:03:03.209 +07:00 [INF] HTTP GET /images/tours/sp5.jpg responded 404 in 0.5233 ms
2026-04-05 03:03:03.194 +07:00 [INF] HTTP GET /images/tours/sp2.jpg responded 404 in 0.5880 ms
2026-04-05 03:03:03.218 +07:00 [INF] HTTP GET /images/tours/qn2.jpg responded 404 in 0.4978 ms
2026-04-05 03:03:03.228 +07:00 [INF] HTTP GET /images/tours/qn3.jpg responded 404 in 0.5437 ms
2026-04-05 03:03:03.235 +07:00 [INF] HTTP GET /images/tours/qn4.jpg responded 404 in 0.4874 ms
2026-04-05 03:03:03.235 +07:00 [INF] HTTP GET /images/tours/qn5.jpg responded 404 in 0.5557 ms
2026-04-05 03:03:03.241 +07:00 [INF] HTTP GET /images/tours/nb1.jpg responded 304 in 0.6882 ms
2026-04-05 03:03:03.245 +07:00 [INF] HTTP GET /images/tours/nb2.jpg responded 404 in 0.6361 ms
2026-04-05 03:03:03.249 +07:00 [INF] HTTP GET /images/tours/nb3.jpg responded 404 in 0.5244 ms
2026-04-05 03:03:03.265 +07:00 [INF] HTTP GET /images/tours/nb4.jpg responded 404 in 2.5402 ms
2026-04-05 03:03:03.275 +07:00 [INF] HTTP GET /images/tours/nb5.jpg responded 404 in 1.0844 ms
2026-04-05 03:03:03.282 +07:00 [INF] HTTP GET /images/tours/hue1.jpg responded 404 in 0.6582 ms
2026-04-05 03:03:03.308 +07:00 [INF] HTTP GET /images/tours/hue2.jpg responded 404 in 1.0590 ms
2026-04-05 03:03:03.311 +07:00 [INF] HTTP GET /images/tours/hue3.jpg responded 404 in 1.1121 ms
2026-04-05 03:03:03.314 +07:00 [INF] HTTP GET /images/tours/hue4.jpg responded 404 in 0.8734 ms
2026-04-05 03:03:03.325 +07:00 [INF] HTTP GET /images/tours/hue5.jpg responded 404 in 0.8295 ms
2026-04-05 03:03:03.335 +07:00 [INF] HTTP GET /images/tours/ha1.jpg responded 404 in 0.5862 ms
2026-04-05 03:03:03.343 +07:00 [INF] HTTP GET /images/tours/ha2.jpg responded 404 in 0.5483 ms
2026-04-05 03:03:03.348 +07:00 [INF] HTTP GET /images/tours/ha3.jpg responded 404 in 0.6045 ms
2026-04-05 03:03:03.355 +07:00 [INF] HTTP GET /images/tours/ha4.jpg responded 404 in 0.6216 ms
2026-04-05 03:03:03.363 +07:00 [INF] HTTP GET /images/tours/ha5.jpg responded 404 in 0.6084 ms
2026-04-05 03:03:03.368 +07:00 [INF] HTTP GET /images/tours/nt1.jpg responded 304 in 1.5262 ms
2026-04-05 03:03:03.373 +07:00 [INF] HTTP GET /images/tours/nt2.jpg responded 404 in 0.5784 ms
2026-04-05 03:03:03.382 +07:00 [INF] HTTP GET /images/tours/nt3.jpg responded 404 in 0.8188 ms
2026-04-05 03:03:03.387 +07:00 [INF] HTTP GET /images/tours/nt4.jpg responded 404 in 0.5376 ms
2026-04-05 03:03:03.391 +07:00 [INF] HTTP GET /images/tours/nt5.jpg responded 404 in 0.5320 ms
2026-04-05 03:03:03.397 +07:00 [INF] HTTP GET /images/tours/mn1.jpg responded 304 in 0.6569 ms
2026-04-05 03:03:03.411 +07:00 [INF] HTTP GET /images/tours/mn2.jpg responded 404 in 0.7156 ms
2026-04-05 03:03:03.415 +07:00 [INF] HTTP GET /images/tours/mn3.jpg responded 404 in 0.5858 ms
2026-04-05 03:03:03.421 +07:00 [INF] HTTP GET /images/tours/mn4.jpg responded 404 in 0.7818 ms
2026-04-05 03:03:03.445 +07:00 [INF] HTTP GET /images/tours/hcm4.jpg responded 404 in 0.5400 ms
2026-04-05 03:03:03.425 +07:00 [INF] HTTP GET /images/tours/hcm1.jpg responded 404 in 1.4072 ms
2026-04-05 03:03:03.439 +07:00 [INF] HTTP GET /images/tours/hcm2.jpg responded 404 in 0.5745 ms
2026-04-05 03:03:03.439 +07:00 [INF] HTTP GET /images/tours/hcm3.jpg responded 404 in 0.5847 ms
2026-04-05 03:03:03.423 +07:00 [INF] HTTP GET /images/tours/mn5.jpg responded 404 in 0.6011 ms
2026-04-05 03:03:03.448 +07:00 [INF] HTTP GET /images/tours/hcm5.jpg responded 404 in 0.8671 ms
2026-04-05 03:03:03.455 +07:00 [INF] HTTP GET /images/tours/vt1.jpg responded 404 in 1.3200 ms
2026-04-05 03:03:03.463 +07:00 [INF] HTTP GET /images/tours/vt2.jpg responded 404 in 2.2849 ms
2026-04-05 03:03:03.466 +07:00 [INF] HTTP GET /images/tours/vt3.jpg responded 404 in 0.5670 ms
2026-04-05 03:03:03.470 +07:00 [INF] HTTP GET /images/tours/vt4.jpg responded 404 in 0.7012 ms
2026-04-05 03:03:03.478 +07:00 [INF] HTTP GET /images/tours/vt5.jpg responded 404 in 0.5655 ms
2026-04-05 03:03:03.482 +07:00 [INF] HTTP GET /images/tours/ct1.jpg responded 404 in 0.5326 ms
2026-04-05 03:03:03.489 +07:00 [INF] HTTP GET /images/tours/ct2.jpg responded 404 in 0.5992 ms
2026-04-05 03:03:03.499 +07:00 [INF] HTTP GET /images/tours/ct3.jpg responded 404 in 1.0820 ms
2026-04-05 03:03:03.509 +07:00 [INF] HTTP GET /images/tours/ct4.jpg responded 404 in 0.5398 ms
2026-04-05 03:03:03.514 +07:00 [INF] HTTP GET /images/tours/ct5.jpg responded 404 in 0.6511 ms
2026-04-05 03:03:03.521 +07:00 [INF] HTTP GET /images/tours/ag1.jpg responded 404 in 0.7430 ms
2026-04-05 03:03:03.525 +07:00 [INF] HTTP GET /images/tours/ag2.jpg responded 404 in 0.5943 ms
2026-04-05 03:03:03.529 +07:00 [INF] HTTP GET /images/tours/ag3.jpg responded 404 in 0.6233 ms
2026-04-05 03:03:03.536 +07:00 [INF] HTTP GET /images/tours/ag4.jpg responded 404 in 0.5480 ms
2026-04-05 03:03:03.542 +07:00 [INF] HTTP GET /images/tours/ag5.jpg responded 404 in 0.8338 ms
2026-04-05 03:03:03.549 +07:00 [INF] HTTP GET /images/tours/ht1.jpg responded 404 in 0.5553 ms
2026-04-05 03:03:03.554 +07:00 [INF] HTTP GET /images/tours/ht2.jpg responded 404 in 0.6768 ms
2026-04-05 03:03:03.557 +07:00 [INF] HTTP GET /images/tours/ht3.jpg responded 404 in 0.7048 ms
2026-04-05 03:03:03.564 +07:00 [INF] HTTP GET /images/tours/ht4.jpg responded 404 in 0.5815 ms
2026-04-05 03:03:03.569 +07:00 [INF] HTTP GET /images/tours/ht5.jpg responded 404 in 1.0538 ms
2026-04-05 03:03:07.515 +07:00 [INF] HTTP GET /Admin/Tour/Schedules/76 responded 200 in 12.9254 ms
2026-04-05 03:03:07.553 +07:00 [INF] HTTP GET /lib/jquery/dist/jquery.min.js responded 200 in 11.5959 ms
2026-04-05 03:03:07.554 +07:00 [INF] HTTP GET /lib/bootstrap/dist/css/bootstrap.min.css responded 200 in 20.1148 ms
2026-04-05 03:03:07.554 +07:00 [INF] HTTP GET /lib/bootstrap/dist/js/bootstrap.bundle.min.js responded 200 in 9.9667 ms
2026-04-05 03:03:07.555 +07:00 [INF] HTTP GET /css/site.css responded 200 in 19.2018 ms
2026-04-05 03:03:07.555 +07:00 [INF] HTTP GET /js/site.js responded 200 in 6.4055 ms
2026-04-05 03:03:10.954 +07:00 [INF] HTTP GET /Admin/Tour responded 200 in 33.2523 ms
2026-04-05 03:03:10.980 +07:00 [INF] HTTP GET /images/tours/tl1.jpg responded 404 in 1.8184 ms
2026-04-05 03:03:10.983 +07:00 [INF] HTTP GET /css/site.css responded 200 in 11.5054 ms
2026-04-05 03:03:10.983 +07:00 [INF] HTTP GET /images/tours/tl2.jpg responded 404 in 0.5442 ms
2026-04-05 03:03:10.987 +07:00 [INF] HTTP GET /images/tours/tl3.jpg responded 404 in 0.5236 ms
2026-04-05 03:03:10.987 +07:00 [INF] HTTP GET /images/tours/tl4.jpg responded 404 in 1.0549 ms
2026-04-05 03:03:10.988 +07:00 [INF] HTTP GET /lib/bootstrap/dist/css/bootstrap.min.css responded 200 in 10.2257 ms
2026-04-05 03:03:11.679 +07:00 [INF] HTTP GET /images/tours/jp1.jpg responded 404 in 0.7206 ms
2026-04-05 03:03:11.732 +07:00 [INF] HTTP GET /images/tours/tl5.jpg responded 404 in 0.5628 ms
2026-04-05 03:03:11.750 +07:00 [INF] HTTP GET /lib/bootstrap/dist/js/bootstrap.bundle.min.js responded 200 in 3.3526 ms
2026-04-05 03:03:11.784 +07:00 [INF] HTTP GET /images/tours/jp2.jpg responded 404 in 1.6402 ms
2026-04-05 03:03:11.795 +07:00 [INF] HTTP GET /images/tours/jp3.jpg responded 404 in 0.6218 ms
2026-04-05 03:03:11.807 +07:00 [INF] HTTP GET /lib/jquery/dist/jquery.min.js responded 200 in 7.2739 ms
2026-04-05 03:03:11.815 +07:00 [INF] HTTP GET /images/tours/jp4.jpg responded 404 in 0.6454 ms
2026-04-05 03:03:11.825 +07:00 [INF] HTTP GET /images/tours/kr1.jpg responded 404 in 0.6654 ms
2026-04-05 03:03:11.827 +07:00 [INF] HTTP GET /js/site.js responded 200 in 1.6369 ms
2026-04-05 03:03:11.834 +07:00 [INF] HTTP GET /images/tours/kr3.jpg responded 404 in 0.5842 ms
2026-04-05 03:03:11.840 +07:00 [INF] HTTP GET /images/tours/kr4.jpg responded 404 in 0.8581 ms
2026-04-05 03:03:11.853 +07:00 [INF] HTTP GET /images/tours/jp5.jpg responded 404 in 5.8148 ms
2026-04-05 03:03:11.931 +07:00 [INF] HTTP GET /images/tours/kr5.jpg responded 404 in 0.6185 ms
2026-04-05 03:03:11.982 +07:00 [INF] HTTP GET /images/tours/sg1.jpg responded 404 in 0.5529 ms
2026-04-05 03:03:12.046 +07:00 [INF] HTTP GET /images/tours/kr2.jpg responded 404 in 2.6871 ms
2026-04-05 03:03:12.054 +07:00 [INF] HTTP GET /images/tours/sg2.jpg responded 404 in 0.5566 ms
2026-04-05 03:03:12.072 +07:00 [INF] HTTP GET /images/tours/sg3.jpg responded 404 in 0.5849 ms
2026-04-05 03:03:12.082 +07:00 [INF] HTTP GET /images/tours/sg4.jpg responded 404 in 1.4310 ms
2026-04-05 03:03:12.088 +07:00 [INF] HTTP GET /images/tours/sg5.jpg responded 404 in 0.5641 ms
2026-04-05 03:03:12.093 +07:00 [INF] HTTP GET /images/tours/fr1.jpg responded 404 in 0.5729 ms
2026-04-05 03:03:12.096 +07:00 [INF] HTTP GET /images/tours/fr2.jpg responded 404 in 0.8961 ms
2026-04-05 03:03:12.105 +07:00 [INF] HTTP GET /images/tours/fr3.jpg responded 404 in 1.1863 ms
2026-04-05 03:03:12.114 +07:00 [INF] HTTP GET /images/tours/fr4.jpg responded 404 in 0.5729 ms
2026-04-05 03:03:12.121 +07:00 [INF] HTTP GET /images/tours/fr5.jpg responded 404 in 0.5684 ms
2026-04-05 03:03:12.127 +07:00 [INF] HTTP GET /images/tours/pq1.jpg responded 304 in 1.7006 ms
2026-04-05 03:03:12.131 +07:00 [INF] HTTP GET /images/tours/pq2.jpg responded 404 in 0.6823 ms
2026-04-05 03:03:12.140 +07:00 [INF] HTTP GET /images/tours/pq3.jpg responded 404 in 2.5442 ms
2026-04-05 03:03:12.142 +07:00 [INF] HTTP GET /images/tours/pq4.jpg responded 404 in 0.6214 ms
2026-04-05 03:03:12.147 +07:00 [INF] HTTP GET /images/tours/pq5.jpg responded 404 in 0.5495 ms
2026-04-05 03:03:12.152 +07:00 [INF] HTTP GET /images/tours/dn1.jpg responded 304 in 0.8742 ms
2026-04-05 03:03:12.158 +07:00 [INF] HTTP GET /images/tours/dn2.jpg responded 404 in 0.5314 ms
2026-04-05 03:03:12.163 +07:00 [INF] HTTP GET /images/tours/dn3.jpg responded 404 in 1.0169 ms
2026-04-05 03:03:12.172 +07:00 [INF] HTTP GET /images/tours/dn4.jpg responded 404 in 0.5337 ms
2026-04-05 03:03:12.176 +07:00 [INF] HTTP GET /images/tours/dn5.jpg responded 404 in 0.7001 ms
2026-04-05 03:03:12.184 +07:00 [INF] HTTP GET /images/tours/dl1.jpg responded 304 in 0.7302 ms
2026-04-05 03:03:12.190 +07:00 [INF] HTTP GET /images/tours/dl2.jpg responded 404 in 0.7720 ms
2026-04-05 03:03:12.197 +07:00 [INF] HTTP GET /images/tours/dl3.jpg responded 404 in 0.7335 ms
2026-04-05 03:03:12.201 +07:00 [INF] HTTP GET /images/tours/dl4.jpg responded 404 in 0.5989 ms
2026-04-05 03:03:12.206 +07:00 [INF] HTTP GET /images/tours/dl5.jpg responded 404 in 0.5091 ms
2026-04-05 03:03:12.211 +07:00 [INF] HTTP GET /images/tours/sp1.jpg responded 304 in 0.7253 ms
2026-04-05 03:03:12.215 +07:00 [INF] HTTP GET /images/tours/sp2.jpg responded 404 in 0.7353 ms
2026-04-05 03:03:12.220 +07:00 [INF] HTTP GET /images/tours/sp3.jpg responded 404 in 0.4998 ms
2026-04-05 03:03:12.226 +07:00 [INF] HTTP GET /images/tours/sp4.jpg responded 404 in 0.6250 ms
2026-04-05 03:03:12.232 +07:00 [INF] HTTP GET /images/tours/sp5.jpg responded 404 in 1.2760 ms
2026-04-05 03:03:12.240 +07:00 [INF] HTTP GET /images/tours/qn1.jpg responded 304 in 0.8272 ms
2026-04-05 03:03:12.247 +07:00 [INF] HTTP GET /images/tours/qn2.jpg responded 404 in 0.5539 ms
2026-04-05 03:03:12.254 +07:00 [INF] HTTP GET /images/tours/qn3.jpg responded 404 in 0.5211 ms
2026-04-05 03:03:12.260 +07:00 [INF] HTTP GET /images/tours/qn4.jpg responded 404 in 1.0804 ms
2026-04-05 03:03:12.269 +07:00 [INF] HTTP GET /images/tours/qn5.jpg responded 404 in 0.6014 ms
2026-04-05 03:03:12.277 +07:00 [INF] HTTP GET /images/tours/nb1.jpg responded 304 in 1.0292 ms
2026-04-05 03:03:12.279 +07:00 [INF] HTTP GET /images/tours/nb2.jpg responded 404 in 0.8746 ms
2026-04-05 03:03:12.289 +07:00 [INF] HTTP GET /images/tours/nb3.jpg responded 404 in 0.6288 ms
2026-04-05 03:03:12.293 +07:00 [INF] HTTP GET /images/tours/nb4.jpg responded 404 in 0.5572 ms
2026-04-05 03:03:12.298 +07:00 [INF] HTTP GET /images/tours/nb5.jpg responded 404 in 0.5354 ms
2026-04-05 03:03:12.303 +07:00 [INF] HTTP GET /images/tours/hue1.jpg responded 404 in 1.6079 ms
2026-04-05 03:03:12.315 +07:00 [INF] HTTP GET /images/tours/hue2.jpg responded 404 in 1.5063 ms
2026-04-05 03:03:12.318 +07:00 [INF] HTTP GET /images/tours/hue3.jpg responded 404 in 0.8713 ms
2026-04-05 03:03:12.324 +07:00 [INF] HTTP GET /images/tours/hue4.jpg responded 404 in 0.5387 ms
2026-04-05 03:03:12.333 +07:00 [INF] HTTP GET /images/tours/hue5.jpg responded 404 in 0.7574 ms
2026-04-05 03:03:12.336 +07:00 [INF] HTTP GET /images/tours/ha1.jpg responded 404 in 0.5102 ms
2026-04-05 03:03:12.342 +07:00 [INF] HTTP GET /images/tours/ha2.jpg responded 404 in 0.6438 ms
2026-04-05 03:03:12.347 +07:00 [INF] HTTP GET /images/tours/ha3.jpg responded 404 in 0.7051 ms
2026-04-05 03:03:12.351 +07:00 [INF] HTTP GET /images/tours/ha4.jpg responded 404 in 0.5880 ms
2026-04-05 03:03:12.360 +07:00 [INF] HTTP GET /images/tours/ha5.jpg responded 404 in 0.7242 ms
2026-04-05 03:03:12.363 +07:00 [INF] HTTP GET /images/tours/nt1.jpg responded 304 in 0.8290 ms
2026-04-05 03:03:12.370 +07:00 [INF] HTTP GET /images/tours/nt2.jpg responded 404 in 0.6432 ms
2026-04-05 03:03:12.375 +07:00 [INF] HTTP GET /images/tours/nt3.jpg responded 404 in 0.9201 ms
2026-04-05 03:03:12.380 +07:00 [INF] HTTP GET /images/tours/nt4.jpg responded 404 in 0.5413 ms
2026-04-05 03:03:12.385 +07:00 [INF] HTTP GET /images/tours/nt5.jpg responded 404 in 1.7688 ms
2026-04-05 03:03:12.390 +07:00 [INF] HTTP GET /images/tours/mn1.jpg responded 304 in 1.0982 ms
2026-04-05 03:03:12.396 +07:00 [INF] HTTP GET /images/tours/mn2.jpg responded 404 in 1.0039 ms
2026-04-05 03:03:12.400 +07:00 [INF] HTTP GET /images/tours/mn3.jpg responded 404 in 0.5954 ms
2026-04-05 03:03:12.407 +07:00 [INF] HTTP GET /images/tours/mn4.jpg responded 404 in 0.5428 ms
2026-04-05 03:03:12.412 +07:00 [INF] HTTP GET /images/tours/mn5.jpg responded 404 in 0.5533 ms
2026-04-05 03:03:12.417 +07:00 [INF] HTTP GET /images/tours/hcm1.jpg responded 404 in 0.5667 ms
2026-04-05 03:03:12.421 +07:00 [INF] HTTP GET /images/tours/hcm2.jpg responded 404 in 0.6102 ms
2026-04-05 03:03:12.425 +07:00 [INF] HTTP GET /images/tours/hcm3.jpg responded 404 in 0.5298 ms
2026-04-05 03:03:12.435 +07:00 [INF] HTTP GET /images/tours/hcm4.jpg responded 404 in 0.8471 ms
2026-04-05 03:03:12.444 +07:00 [INF] HTTP GET /images/tours/hcm5.jpg responded 404 in 0.5763 ms
2026-04-05 03:03:12.450 +07:00 [INF] HTTP GET /images/tours/vt1.jpg responded 404 in 0.8371 ms
2026-04-05 03:03:12.468 +07:00 [INF] HTTP GET /images/tours/vt2.jpg responded 404 in 0.6045 ms
2026-04-05 03:03:12.477 +07:00 [INF] HTTP GET /images/tours/vt3.jpg responded 404 in 0.5787 ms
2026-04-05 03:03:12.482 +07:00 [INF] HTTP GET /images/tours/vt4.jpg responded 404 in 0.5168 ms
2026-04-05 03:03:12.490 +07:00 [INF] HTTP GET /images/tours/vt5.jpg responded 404 in 1.8158 ms
2026-04-05 03:03:12.501 +07:00 [INF] HTTP GET /images/tours/ct1.jpg responded 404 in 0.5831 ms
2026-04-05 03:03:12.518 +07:00 [INF] HTTP GET /images/tours/ct2.jpg responded 404 in 2.9462 ms
2026-04-05 03:03:12.569 +07:00 [INF] HTTP GET /images/tours/ct3.jpg responded 404 in 0.5739 ms
2026-04-05 03:03:12.581 +07:00 [INF] HTTP GET /images/tours/ct4.jpg responded 404 in 0.7289 ms
2026-04-05 03:03:12.652 +07:00 [INF] HTTP GET /images/tours/ct5.jpg responded 404 in 1.6111 ms
2026-04-05 03:03:12.904 +07:00 [INF] HTTP GET /images/tours/ag1.jpg responded 404 in 0.7044 ms
2026-04-05 03:03:12.911 +07:00 [INF] HTTP GET /images/tours/ag2.jpg responded 404 in 0.5730 ms
2026-04-05 03:03:12.919 +07:00 [INF] HTTP GET /images/tours/ag3.jpg responded 404 in 0.5790 ms
2026-04-05 03:03:12.925 +07:00 [INF] HTTP GET /images/tours/ag4.jpg responded 404 in 0.5764 ms
2026-04-05 03:03:12.933 +07:00 [INF] HTTP GET /images/tours/ag5.jpg responded 404 in 0.7808 ms
2026-04-05 03:03:12.945 +07:00 [INF] HTTP GET /images/tours/ht1.jpg responded 404 in 0.5932 ms
2026-04-05 03:03:12.953 +07:00 [INF] HTTP GET /images/tours/ht2.jpg responded 404 in 0.6957 ms
2026-04-05 03:03:12.959 +07:00 [INF] HTTP GET /images/tours/ht3.jpg responded 404 in 0.8918 ms
2026-04-05 03:03:12.968 +07:00 [INF] HTTP GET /images/tours/ht4.jpg responded 404 in 0.7092 ms
2026-04-05 03:03:12.975 +07:00 [INF] HTTP GET /images/tours/ht5.jpg responded 404 in 0.6393 ms
2026-04-05 03:03:59.363 +07:00 [INF] HTTP GET / responded 200 in 47.8642 ms
2026-04-05 03:03:59.380 +07:00 [INF] HTTP GET /images/tours/tl1.jpg responded 404 in 0.5770 ms
2026-04-05 03:03:59.381 +07:00 [INF] HTTP GET /images/tours/tl3.jpg responded 404 in 0.5631 ms
2026-04-05 03:03:59.381 +07:00 [INF] HTTP GET /css/site.css responded 200 in 2.5485 ms
2026-04-05 03:03:59.385 +07:00 [INF] HTTP GET /lib/bootstrap/dist/css/bootstrap.min.css responded 200 in 7.1220 ms
2026-04-05 03:03:59.391 +07:00 [INF] HTTP GET /images/tours/jp3.jpg responded 404 in 0.7247 ms
2026-04-05 03:03:59.391 +07:00 [INF] HTTP GET /images/tours/jp1.jpg responded 404 in 0.8587 ms
2026-04-05 03:03:59.405 +07:00 [INF] HTTP GET /lib/jquery/dist/jquery.min.js responded 200 in 6.2385 ms
2026-04-05 03:03:59.415 +07:00 [INF] HTTP GET /images/tours/kr1.jpg responded 404 in 2.4680 ms
2026-04-05 03:03:59.416 +07:00 [INF] HTTP GET /images/tours/kr3.jpg responded 404 in 0.9005 ms
2026-04-05 03:03:59.431 +07:00 [INF] HTTP GET /lib/bootstrap/dist/js/bootstrap.bundle.min.js responded 200 in 4.2447 ms
2026-04-05 03:03:59.442 +07:00 [INF] HTTP GET /images/hinh-nen-viet-nam-4k25.jpg responded 304 in 1.1956 ms
2026-04-05 03:03:59.457 +07:00 [INF] HTTP GET /images/categories/quoc-te.jpg responded 304 in 2.9098 ms
2026-04-05 03:03:59.467 +07:00 [INF] HTTP GET /js/site.js responded 200 in 3.6079 ms
2026-04-05 03:03:59.481 +07:00 [INF] HTTP GET /images/categories/mao-hiem.jpg responded 304 in 0.8073 ms
2026-04-05 03:03:59.505 +07:00 [INF] HTTP GET /images/categories/am-thuc.jpg responded 304 in 1.3468 ms
2026-04-05 03:03:59.530 +07:00 [INF] HTTP GET /images/categories/nghi-duong.jpg responded 304 in 5.3873 ms
2026-04-05 03:04:00.096 +07:00 [INF] HTTP GET /images/categories/team-building.jpg responded 304 in 0.9769 ms
2026-04-05 03:04:01.008 +07:00 [INF] Tìm kiếm tour với keyword: null, CategoryId: null
2026-04-05 03:04:01.041 +07:00 [INF] Tìm thấy 100 tour phù hợp
2026-04-05 03:04:01.073 +07:00 [INF] HTTP GET /Tour responded 200 in 66.7323 ms
2026-04-05 03:04:01.100 +07:00 [INF] HTTP GET /images/tours/tl1.jpg responded 404 in 0.7315 ms
2026-04-05 03:04:01.101 +07:00 [INF] HTTP GET /images/tours/tl3.jpg responded 404 in 0.6321 ms
2026-04-05 03:04:01.102 +07:00 [INF] HTTP GET /css/site.css responded 200 in 8.7241 ms
2026-04-05 03:04:01.106 +07:00 [INF] HTTP GET /images/tours/jp1.jpg responded 404 in 4.0949 ms
2026-04-05 03:04:01.108 +07:00 [INF] HTTP GET /images/tours/jp3.jpg responded 404 in 0.5985 ms
2026-04-05 03:04:01.111 +07:00 [INF] HTTP GET /lib/bootstrap/dist/css/bootstrap.min.css responded 200 in 18.3465 ms
2026-04-05 03:04:01.553 +07:00 [INF] HTTP GET /lib/bootstrap/dist/js/bootstrap.bundle.min.js responded 200 in 11.1772 ms
2026-04-05 03:04:01.599 +07:00 [INF] HTTP GET /images/tours/kr3.jpg responded 404 in 4.3075 ms
2026-04-05 03:04:01.606 +07:00 [INF] HTTP GET /images/tours/kr1.jpg responded 404 in 1.1081 ms
2026-04-05 03:04:01.613 +07:00 [INF] HTTP GET /images/tours/sg1.jpg responded 404 in 0.5654 ms
2026-04-05 03:04:01.618 +07:00 [INF] HTTP GET /images/tours/sg3.jpg responded 404 in 0.5456 ms
2026-04-05 03:04:01.626 +07:00 [INF] HTTP GET /lib/jquery/dist/jquery.min.js responded 200 in 7.6727 ms
2026-04-05 03:04:01.644 +07:00 [INF] HTTP GET /js/site.js responded 200 in 7.0981 ms
2026-04-05 03:04:01.691 +07:00 [INF] HTTP GET /images/tours/fr1.jpg responded 404 in 0.7778 ms
2026-04-05 03:04:03.006 +07:00 [INF] HTTP GET /Tour/Details/76 responded 200 in 42.1744 ms
2026-04-05 03:04:03.029 +07:00 [INF] HTTP GET /images/tours/tl1.jpg responded 404 in 0.7261 ms
2026-04-05 03:04:03.033 +07:00 [INF] HTTP GET /css/site.css responded 200 in 5.7229 ms
2026-04-05 03:04:03.036 +07:00 [INF] HTTP GET /lib/bootstrap/dist/css/bootstrap.min.css responded 200 in 10.0118 ms
2026-04-05 03:04:03.041 +07:00 [INF] HTTP GET /images/tours/tl4.jpg responded 404 in 0.7172 ms
2026-04-05 03:04:03.041 +07:00 [INF] HTTP GET /images/tours/tl3.jpg responded 404 in 0.4918 ms
2026-04-05 03:04:03.082 +07:00 [INF] HTTP GET /lib/jquery/dist/jquery.min.js responded 200 in 7.0691 ms
2026-04-05 03:04:03.104 +07:00 [INF] HTTP GET /lib/bootstrap/dist/js/bootstrap.bundle.min.js responded 200 in 5.6259 ms
2026-04-05 03:04:03.126 +07:00 [INF] HTTP GET /images/tours/tl2.jpg responded 404 in 0.7113 ms
2026-04-05 03:04:03.136 +07:00 [INF] HTTP GET /images/tours/tl5.jpg responded 404 in 0.7329 ms
2026-04-05 03:04:03.181 +07:00 [INF] HTTP GET /js/site.js responded 200 in 2.1889 ms
2026-04-05 03:05:25.405 +07:00 [INF] HTTP GET /Admin responded 200 in 80.7007 ms
2026-04-05 03:05:25.425 +07:00 [INF] HTTP GET /css/site.css responded 200 in 5.8042 ms
2026-04-05 03:05:25.432 +07:00 [INF] HTTP GET /js/site.js responded 200 in 4.3117 ms
2026-04-05 03:05:25.433 +07:00 [INF] HTTP GET /lib/bootstrap/dist/css/bootstrap.min.css responded 200 in 13.8039 ms
2026-04-05 03:05:25.434 +07:00 [INF] HTTP GET /lib/bootstrap/dist/js/bootstrap.bundle.min.js responded 200 in 7.7863 ms
2026-04-05 03:05:25.434 +07:00 [INF] HTTP GET /lib/jquery/dist/jquery.min.js responded 200 in 8.8794 ms
2026-04-05 03:05:26.996 +07:00 [INF] HTTP GET /Admin/Category responded 200 in 18.9236 ms
2026-04-05 03:05:27.022 +07:00 [INF] HTTP GET /css/site.css responded 200 in 7.6078 ms
2026-04-05 03:05:27.023 +07:00 [INF] HTTP GET /lib/bootstrap/dist/css/bootstrap.min.css responded 200 in 9.2905 ms
2026-04-05 03:05:27.024 +07:00 [INF] HTTP GET /lib/jquery/dist/jquery.min.js responded 200 in 5.4164 ms
2026-04-05 03:05:27.025 +07:00 [INF] HTTP GET /js/site.js responded 200 in 3.3017 ms
2026-04-05 03:05:27.026 +07:00 [INF] HTTP GET /lib/bootstrap/dist/js/bootstrap.bundle.min.js responded 200 in 4.8163 ms
2026-04-05 03:05:28.482 +07:00 [INF] HTTP GET /Admin/Tour responded 200 in 46.0467 ms
2026-04-05 03:05:28.599 +07:00 [INF] HTTP GET /images/tours/tl1.jpg responded 404 in 0.6970 ms
2026-04-05 03:05:28.602 +07:00 [INF] HTTP GET /images/tours/tl2.jpg responded 404 in 0.4957 ms
2026-04-05 03:05:28.605 +07:00 [INF] HTTP GET /images/tours/tl3.jpg responded 404 in 0.4930 ms
2026-04-05 03:05:28.605 +07:00 [INF] HTTP GET /css/site.css responded 200 in 24.7280 ms
2026-04-05 03:05:28.616 +07:00 [INF] HTTP GET /lib/bootstrap/dist/css/bootstrap.min.css responded 200 in 36.9613 ms
2026-04-05 03:05:29.010 +07:00 [INF] HTTP GET /images/tours/jp1.jpg responded 404 in 0.5244 ms
2026-04-05 03:05:29.017 +07:00 [INF] HTTP GET /images/tours/tl5.jpg responded 404 in 0.5748 ms
2026-04-05 03:05:29.035 +07:00 [INF] HTTP GET /lib/bootstrap/dist/js/bootstrap.bundle.min.js responded 200 in 13.3062 ms
2026-04-05 03:05:29.042 +07:00 [INF] HTTP GET /js/site.js responded 200 in 7.3930 ms
2026-04-05 03:05:29.057 +07:00 [INF] HTTP GET /lib/jquery/dist/jquery.min.js responded 200 in 6.4433 ms
2026-04-05 03:05:29.094 +07:00 [INF] HTTP GET /images/tours/tl4.jpg responded 404 in 0.5509 ms
2026-04-05 03:05:29.117 +07:00 [INF] HTTP GET /images/tours/jp5.jpg responded 404 in 3.8079 ms
2026-04-05 03:05:29.123 +07:00 [INF] HTTP GET /images/tours/kr1.jpg responded 404 in 1.1787 ms
2026-04-05 03:05:29.124 +07:00 [INF] HTTP GET /images/tours/jp2.jpg responded 404 in 0.4941 ms
2026-04-05 03:05:29.130 +07:00 [INF] HTTP GET /images/tours/jp3.jpg responded 404 in 0.9245 ms
2026-04-05 03:05:29.135 +07:00 [INF] HTTP GET /images/tours/jp4.jpg responded 404 in 0.5075 ms
2026-04-05 03:05:29.145 +07:00 [INF] HTTP GET /images/tours/kr2.jpg responded 404 in 0.5907 ms
2026-04-05 03:05:29.152 +07:00 [INF] HTTP GET /images/tours/kr3.jpg responded 404 in 0.5122 ms
2026-04-05 03:05:29.163 +07:00 [INF] HTTP GET /images/tours/kr4.jpg responded 404 in 4.1889 ms
2026-04-05 03:05:29.183 +07:00 [INF] HTTP GET /images/tours/kr5.jpg responded 404 in 17.5758 ms
2026-04-05 03:05:29.191 +07:00 [INF] HTTP GET /images/tours/sg1.jpg responded 404 in 0.7264 ms
2026-04-05 03:05:29.199 +07:00 [INF] HTTP GET /images/tours/sg2.jpg responded 404 in 0.5347 ms
2026-04-05 03:05:29.205 +07:00 [INF] HTTP GET /images/tours/sg3.jpg responded 404 in 0.5255 ms
2026-04-05 03:05:29.212 +07:00 [INF] HTTP GET /images/tours/sg4.jpg responded 404 in 0.8021 ms
2026-04-05 03:05:29.219 +07:00 [INF] HTTP GET /images/tours/sg5.jpg responded 404 in 0.7506 ms
2026-04-05 03:05:29.225 +07:00 [INF] HTTP GET /images/tours/fr1.jpg responded 404 in 0.5205 ms
2026-04-05 03:05:29.231 +07:00 [INF] HTTP GET /images/tours/fr2.jpg responded 404 in 1.4396 ms
2026-04-05 03:05:29.237 +07:00 [INF] HTTP GET /images/tours/fr3.jpg responded 404 in 0.9685 ms
2026-04-05 03:05:29.251 +07:00 [INF] HTTP GET /images/tours/fr4.jpg responded 404 in 1.2165 ms
2026-04-05 03:05:29.257 +07:00 [INF] HTTP GET /images/tours/fr5.jpg responded 404 in 0.8008 ms
2026-04-05 03:05:29.265 +07:00 [INF] HTTP GET /images/tours/pq1.jpg responded 304 in 0.9240 ms
2026-04-05 03:05:29.271 +07:00 [INF] HTTP GET /images/tours/pq2.jpg responded 404 in 0.5431 ms
2026-04-05 03:05:29.279 +07:00 [INF] HTTP GET /images/tours/pq3.jpg responded 404 in 1.6048 ms
2026-04-05 03:05:29.285 +07:00 [INF] HTTP GET /images/tours/pq4.jpg responded 404 in 1.0309 ms
2026-04-05 03:05:29.294 +07:00 [INF] HTTP GET /images/tours/pq5.jpg responded 404 in 0.5550 ms
2026-04-05 03:05:29.298 +07:00 [INF] HTTP GET /images/tours/dn1.jpg responded 304 in 0.6747 ms
2026-04-05 03:05:29.303 +07:00 [INF] HTTP GET /images/tours/dn2.jpg responded 404 in 0.8186 ms
2026-04-05 03:05:29.341 +07:00 [INF] HTTP GET /images/tours/dl2.jpg responded 404 in 0.6532 ms
2026-04-05 03:05:29.316 +07:00 [INF] HTTP GET /images/tours/dn4.jpg responded 404 in 0.4460 ms
2026-04-05 03:05:29.325 +07:00 [INF] HTTP GET /images/tours/dn5.jpg responded 404 in 2.2921 ms
2026-04-05 03:05:29.327 +07:00 [INF] HTTP GET /images/tours/dl1.jpg responded 304 in 1.8754 ms
2026-04-05 03:05:29.314 +07:00 [INF] HTTP GET /images/tours/dn3.jpg responded 404 in 0.6022 ms
2026-04-05 03:05:29.342 +07:00 [INF] HTTP GET /images/tours/dl3.jpg responded 404 in 0.4205 ms
2026-04-05 03:05:29.357 +07:00 [INF] HTTP GET /images/tours/dl4.jpg responded 404 in 0.5514 ms
2026-04-05 03:05:29.360 +07:00 [INF] HTTP GET /images/tours/dl5.jpg responded 404 in 0.5397 ms
2026-04-05 03:05:29.365 +07:00 [INF] HTTP GET /images/tours/sp1.jpg responded 304 in 0.6306 ms
2026-04-05 03:05:29.370 +07:00 [INF] HTTP GET /images/tours/sp2.jpg responded 404 in 0.7132 ms
2026-04-05 03:05:29.377 +07:00 [INF] HTTP GET /images/tours/sp3.jpg responded 404 in 0.7665 ms
2026-04-05 03:05:29.385 +07:00 [INF] HTTP GET /images/tours/sp4.jpg responded 404 in 1.0996 ms
2026-04-05 03:05:29.391 +07:00 [INF] HTTP GET /images/tours/sp5.jpg responded 404 in 0.5017 ms
2026-04-05 03:05:29.398 +07:00 [INF] HTTP GET /images/tours/qn1.jpg responded 304 in 0.6979 ms
2026-04-05 03:05:29.402 +07:00 [INF] HTTP GET /images/tours/qn2.jpg responded 404 in 0.5390 ms
2026-04-05 03:05:29.406 +07:00 [INF] HTTP GET /images/tours/qn3.jpg responded 404 in 0.5321 ms
2026-04-05 03:05:29.412 +07:00 [INF] HTTP GET /images/tours/qn4.jpg responded 404 in 1.2198 ms
2026-04-05 03:05:29.417 +07:00 [INF] HTTP GET /images/tours/qn5.jpg responded 404 in 0.8324 ms
2026-04-05 03:05:29.421 +07:00 [INF] HTTP GET /images/tours/nb1.jpg responded 304 in 0.6930 ms
2026-04-05 03:05:29.425 +07:00 [INF] HTTP GET /images/tours/nb2.jpg responded 404 in 0.6347 ms
2026-04-05 03:05:29.429 +07:00 [INF] HTTP GET /images/tours/nb3.jpg responded 404 in 0.5250 ms
2026-04-05 03:05:29.438 +07:00 [INF] HTTP GET /images/tours/nb4.jpg responded 404 in 0.6747 ms
2026-04-05 03:05:29.447 +07:00 [INF] HTTP GET /images/tours/nb5.jpg responded 404 in 0.9880 ms
2026-04-05 03:05:29.452 +07:00 [INF] HTTP GET /images/tours/hue1.jpg responded 404 in 0.8713 ms
2026-04-05 03:05:29.457 +07:00 [INF] HTTP GET /images/tours/hue2.jpg responded 404 in 0.5690 ms
2026-04-05 03:05:29.462 +07:00 [INF] HTTP GET /images/tours/hue3.jpg responded 404 in 0.5578 ms
2026-04-05 03:05:29.467 +07:00 [INF] HTTP GET /images/tours/hue4.jpg responded 404 in 0.8330 ms
2026-04-05 03:05:29.471 +07:00 [INF] HTTP GET /images/tours/hue5.jpg responded 404 in 0.5454 ms
2026-04-05 03:05:29.475 +07:00 [INF] HTTP GET /images/tours/ha1.jpg responded 404 in 0.5076 ms
2026-04-05 03:05:29.481 +07:00 [INF] HTTP GET /images/tours/ha2.jpg responded 404 in 0.5636 ms
2026-04-05 03:05:29.485 +07:00 [INF] HTTP GET /images/tours/ha3.jpg responded 404 in 0.5219 ms
2026-04-05 03:05:29.490 +07:00 [INF] HTTP GET /images/tours/ha4.jpg responded 404 in 0.5508 ms
2026-04-05 03:05:29.495 +07:00 [INF] HTTP GET /images/tours/ha5.jpg responded 404 in 0.7792 ms
2026-04-05 03:05:29.500 +07:00 [INF] HTTP GET /images/tours/nt1.jpg responded 304 in 0.6477 ms
2026-04-05 03:05:29.505 +07:00 [INF] HTTP GET /images/tours/nt2.jpg responded 404 in 0.6782 ms
2026-04-05 03:05:29.509 +07:00 [INF] HTTP GET /images/tours/nt3.jpg responded 404 in 0.5545 ms
2026-04-05 03:05:29.514 +07:00 [INF] HTTP GET /images/tours/nt4.jpg responded 404 in 0.7689 ms
2026-04-05 03:05:29.519 +07:00 [INF] HTTP GET /images/tours/nt5.jpg responded 404 in 0.7594 ms
2026-04-05 03:05:29.524 +07:00 [INF] HTTP GET /images/tours/mn1.jpg responded 304 in 0.9449 ms
2026-04-05 03:05:29.529 +07:00 [INF] HTTP GET /images/tours/mn2.jpg responded 404 in 0.7484 ms
2026-04-05 03:05:29.533 +07:00 [INF] HTTP GET /images/tours/mn3.jpg responded 404 in 0.6189 ms
2026-04-05 03:05:29.538 +07:00 [INF] HTTP GET /images/tours/mn4.jpg responded 404 in 0.6014 ms
2026-04-05 03:05:29.545 +07:00 [INF] HTTP GET /images/tours/mn5.jpg responded 404 in 1.0782 ms
2026-04-05 03:05:29.552 +07:00 [INF] HTTP GET /images/tours/hcm1.jpg responded 404 in 0.5678 ms
2026-04-05 03:05:29.560 +07:00 [INF] HTTP GET /images/tours/hcm2.jpg responded 404 in 0.8865 ms
2026-04-05 03:05:29.566 +07:00 [INF] HTTP GET /images/tours/hcm3.jpg responded 404 in 1.4481 ms
2026-04-05 03:05:29.577 +07:00 [INF] HTTP GET /images/tours/hcm4.jpg responded 404 in 0.6263 ms
2026-04-05 03:05:29.583 +07:00 [INF] HTTP GET /images/tours/hcm5.jpg responded 404 in 0.8806 ms
2026-04-05 03:05:29.591 +07:00 [INF] HTTP GET /images/tours/vt1.jpg responded 404 in 0.9140 ms
2026-04-05 03:05:29.596 +07:00 [INF] HTTP GET /images/tours/vt2.jpg responded 404 in 0.5809 ms
2026-04-05 03:05:29.603 +07:00 [INF] HTTP GET /images/tours/vt3.jpg responded 404 in 0.5268 ms
2026-04-05 03:05:29.612 +07:00 [INF] HTTP GET /images/tours/vt4.jpg responded 404 in 1.6297 ms
2026-04-05 03:05:29.619 +07:00 [INF] HTTP GET /images/tours/vt5.jpg responded 404 in 0.5719 ms
2026-04-05 03:05:29.623 +07:00 [INF] HTTP GET /images/tours/ct1.jpg responded 404 in 0.6648 ms
2026-04-05 03:05:29.628 +07:00 [INF] HTTP GET /images/tours/ct2.jpg responded 404 in 0.5106 ms
2026-04-05 03:05:29.633 +07:00 [INF] HTTP GET /images/tours/ct3.jpg responded 404 in 0.6019 ms
2026-04-05 03:05:29.639 +07:00 [INF] HTTP GET /images/tours/ct4.jpg responded 404 in 0.9413 ms
2026-04-05 03:05:29.648 +07:00 [INF] HTTP GET /images/tours/ct5.jpg responded 404 in 1.0543 ms
2026-04-05 03:05:29.655 +07:00 [INF] HTTP GET /images/tours/ag1.jpg responded 404 in 0.5477 ms
2026-04-05 03:05:29.662 +07:00 [INF] HTTP GET /images/tours/ag2.jpg responded 404 in 0.5767 ms
2026-04-05 03:05:29.667 +07:00 [INF] HTTP GET /images/tours/ag3.jpg responded 404 in 0.5698 ms
2026-04-05 03:05:29.672 +07:00 [INF] HTTP GET /images/tours/ag4.jpg responded 404 in 1.0254 ms
2026-04-05 03:05:29.678 +07:00 [INF] HTTP GET /images/tours/ag5.jpg responded 404 in 0.5175 ms
2026-04-05 03:05:29.682 +07:00 [INF] HTTP GET /images/tours/ht1.jpg responded 404 in 0.6897 ms
2026-04-05 03:05:29.688 +07:00 [INF] HTTP GET /images/tours/ht2.jpg responded 404 in 0.8573 ms
2026-04-05 03:05:29.693 +07:00 [INF] HTTP GET /images/tours/ht3.jpg responded 404 in 0.5301 ms
2026-04-05 03:05:29.697 +07:00 [INF] HTTP GET /images/tours/ht4.jpg responded 404 in 0.5365 ms
2026-04-05 03:05:29.701 +07:00 [INF] HTTP GET /images/tours/ht5.jpg responded 404 in 0.5054 ms
2026-04-05 03:05:29.957 +07:00 [INF] HTTP GET /Admin/Tour responded 200 in 36.7303 ms
2026-04-05 03:05:29.992 +07:00 [INF] HTTP GET /images/tours/tl1.jpg responded 404 in 1.2182 ms
2026-04-05 03:05:29.992 +07:00 [INF] HTTP GET /images/tours/tl2.jpg responded 404 in 1.0917 ms
2026-04-05 03:05:29.992 +07:00 [INF] HTTP GET /css/site.css responded 200 in 5.3831 ms
2026-04-05 03:05:30.001 +07:00 [INF] HTTP GET /images/tours/tl3.jpg responded 404 in 0.6915 ms
2026-04-05 03:05:30.002 +07:00 [INF] HTTP GET /images/tours/tl4.jpg responded 404 in 0.6411 ms
2026-04-05 03:05:30.005 +07:00 [INF] HTTP GET /lib/bootstrap/dist/css/bootstrap.min.css responded 200 in 22.7963 ms
2026-04-05 03:05:30.429 +07:00 [INF] HTTP GET /images/tours/jp1.jpg responded 404 in 0.5924 ms
2026-04-05 03:05:30.439 +07:00 [INF] HTTP GET /images/tours/tl5.jpg responded 404 in 0.6256 ms
2026-04-05 03:05:30.441 +07:00 [INF] HTTP GET /lib/bootstrap/dist/js/bootstrap.bundle.min.js responded 200 in 5.9526 ms
2026-04-05 03:05:30.460 +07:00 [INF] HTTP GET /images/tours/jp2.jpg responded 404 in 0.5523 ms
2026-04-05 03:05:30.467 +07:00 [INF] HTTP GET /images/tours/jp3.jpg responded 404 in 3.7663 ms
2026-04-05 03:05:30.477 +07:00 [INF] HTTP GET /lib/jquery/dist/jquery.min.js responded 200 in 4.5920 ms
2026-04-05 03:05:30.489 +07:00 [INF] HTTP GET /images/tours/jp4.jpg responded 404 in 0.5858 ms
2026-04-05 03:05:30.491 +07:00 [INF] HTTP GET /images/tours/jp5.jpg responded 404 in 0.4753 ms
2026-04-05 03:05:30.494 +07:00 [INF] HTTP GET /js/site.js responded 200 in 1.6649 ms
2026-04-05 03:05:30.507 +07:00 [INF] HTTP GET /images/tours/kr3.jpg responded 404 in 1.3850 ms
2026-04-05 03:05:30.515 +07:00 [INF] HTTP GET /images/tours/kr4.jpg responded 404 in 0.5713 ms
2026-04-05 03:05:30.517 +07:00 [INF] HTTP GET /images/tours/kr2.jpg responded 404 in 0.6763 ms
2026-04-05 03:05:30.529 +07:00 [INF] HTTP GET /images/tours/kr5.jpg responded 404 in 0.5931 ms
2026-04-05 03:05:30.540 +07:00 [INF] HTTP GET /images/tours/sg1.jpg responded 404 in 0.4615 ms
2026-04-05 03:05:30.540 +07:00 [INF] HTTP GET /images/tours/kr1.jpg responded 404 in 0.5480 ms
2026-04-05 03:05:30.556 +07:00 [INF] HTTP GET /images/tours/sg2.jpg responded 404 in 0.5802 ms
2026-04-05 03:05:30.567 +07:00 [INF] HTTP GET /images/tours/sg3.jpg responded 404 in 1.0277 ms
2026-04-05 03:05:30.575 +07:00 [INF] HTTP GET /images/tours/sg4.jpg responded 404 in 0.8032 ms
2026-04-05 03:05:30.582 +07:00 [INF] HTTP GET /images/tours/sg5.jpg responded 404 in 0.5878 ms
2026-04-05 03:05:30.598 +07:00 [INF] HTTP GET /images/tours/fr1.jpg responded 404 in 0.5830 ms
2026-04-05 03:05:30.606 +07:00 [INF] HTTP GET /images/tours/fr2.jpg responded 404 in 0.5608 ms
2026-04-05 03:05:30.610 +07:00 [INF] HTTP GET /images/tours/fr3.jpg responded 404 in 0.7961 ms
2026-04-05 03:05:30.625 +07:00 [INF] HTTP GET /images/tours/fr5.jpg responded 404 in 0.6094 ms
2026-04-05 03:05:30.628 +07:00 [INF] HTTP GET /images/tours/fr4.jpg responded 404 in 2.3809 ms
2026-04-05 03:05:30.642 +07:00 [INF] HTTP GET /images/tours/pq1.jpg responded 304 in 0.7207 ms
2026-04-05 03:05:30.649 +07:00 [INF] HTTP GET /images/tours/pq2.jpg responded 404 in 1.0205 ms
2026-04-05 03:05:30.665 +07:00 [INF] HTTP GET /images/tours/pq3.jpg responded 404 in 0.9946 ms
2026-04-05 03:05:30.671 +07:00 [INF] HTTP GET /images/tours/pq4.jpg responded 404 in 1.3955 ms
2026-04-05 03:05:30.682 +07:00 [INF] HTTP GET /images/tours/pq5.jpg responded 404 in 0.5962 ms
2026-04-05 03:05:30.689 +07:00 [INF] HTTP GET /images/tours/dn1.jpg responded 304 in 0.9193 ms
2026-04-05 03:05:30.696 +07:00 [INF] HTTP GET /images/tours/dn2.jpg responded 404 in 0.7365 ms
2026-04-05 03:05:30.702 +07:00 [INF] HTTP GET /images/tours/dn3.jpg responded 404 in 0.5464 ms
2026-04-05 03:05:30.711 +07:00 [INF] HTTP GET /images/tours/dn4.jpg responded 404 in 0.5913 ms
2026-04-05 03:05:30.724 +07:00 [INF] HTTP GET /images/tours/dn5.jpg responded 404 in 0.9920 ms
2026-04-05 03:05:30.733 +07:00 [INF] HTTP GET /images/tours/dl1.jpg responded 304 in 1.6930 ms
2026-04-05 03:05:30.749 +07:00 [INF] HTTP GET /images/tours/dl2.jpg responded 404 in 0.5771 ms
2026-04-05 03:05:30.758 +07:00 [INF] HTTP GET /images/tours/dl3.jpg responded 404 in 0.8547 ms
2026-04-05 03:05:30.773 +07:00 [INF] HTTP GET /images/tours/dl4.jpg responded 404 in 0.8051 ms
2026-04-05 03:05:30.782 +07:00 [INF] HTTP GET /images/tours/dl5.jpg responded 404 in 0.5972 ms
2026-04-05 03:05:30.793 +07:00 [INF] HTTP GET /images/tours/sp1.jpg responded 304 in 0.8495 ms
2026-04-05 03:05:30.807 +07:00 [INF] HTTP GET /images/tours/sp2.jpg responded 404 in 1.1229 ms
2026-04-05 03:05:30.820 +07:00 [INF] HTTP GET /images/tours/sp3.jpg responded 404 in 0.7704 ms
2026-04-05 03:05:30.827 +07:00 [INF] HTTP GET /images/tours/sp4.jpg responded 404 in 0.6144 ms
2026-04-05 03:05:30.835 +07:00 [INF] HTTP GET /images/tours/sp5.jpg responded 404 in 0.8666 ms
2026-04-05 03:05:30.845 +07:00 [INF] HTTP GET /images/tours/qn1.jpg responded 304 in 1.9009 ms
2026-04-05 03:05:30.852 +07:00 [INF] HTTP GET /images/tours/qn2.jpg responded 404 in 0.5882 ms
2026-04-05 03:05:30.860 +07:00 [INF] HTTP GET /images/tours/qn3.jpg responded 404 in 0.5542 ms
2026-04-05 03:05:30.867 +07:00 [INF] HTTP GET /images/tours/qn4.jpg responded 404 in 0.7848 ms
2026-04-05 03:05:30.882 +07:00 [INF] HTTP GET /images/tours/qn5.jpg responded 404 in 0.5773 ms
2026-04-05 03:05:30.897 +07:00 [INF] HTTP GET /images/tours/nb1.jpg responded 304 in 3.5134 ms
2026-04-05 03:05:30.903 +07:00 [INF] HTTP GET /images/tours/nb2.jpg responded 404 in 1.2196 ms
2026-04-05 03:05:30.912 +07:00 [INF] HTTP GET /images/tours/nb3.jpg responded 404 in 0.6038 ms
2026-04-05 03:05:30.916 +07:00 [INF] HTTP GET /images/tours/nb4.jpg responded 404 in 0.5231 ms
2026-04-05 03:05:30.926 +07:00 [INF] HTTP GET /images/tours/nb5.jpg responded 404 in 1.2729 ms
2026-04-05 03:05:30.935 +07:00 [INF] HTTP GET /images/tours/hue1.jpg responded 404 in 0.5735 ms
2026-04-05 03:05:30.939 +07:00 [INF] HTTP GET /images/tours/hue2.jpg responded 404 in 0.8280 ms
2026-04-05 03:05:30.954 +07:00 [INF] HTTP GET /images/tours/hue3.jpg responded 404 in 0.5956 ms
2026-04-05 03:05:30.959 +07:00 [INF] HTTP GET /images/tours/hue4.jpg responded 404 in 0.5658 ms
2026-04-05 03:05:30.968 +07:00 [INF] HTTP GET /images/tours/hue5.jpg responded 404 in 4.1422 ms
2026-04-05 03:05:30.974 +07:00 [INF] HTTP GET /images/tours/ha1.jpg responded 404 in 0.5914 ms
2026-04-05 03:05:30.984 +07:00 [INF] HTTP GET /images/tours/ha2.jpg responded 404 in 2.4512 ms
2026-04-05 03:05:30.994 +07:00 [INF] HTTP GET /images/tours/ha3.jpg responded 404 in 0.8130 ms
2026-04-05 03:05:31.001 +07:00 [INF] HTTP GET /images/tours/ha4.jpg responded 404 in 0.7904 ms
2026-04-05 03:05:31.007 +07:00 [INF] HTTP GET /images/tours/ha5.jpg responded 404 in 0.7175 ms
2026-04-05 03:05:31.015 +07:00 [INF] HTTP GET /images/tours/nt1.jpg responded 304 in 0.7534 ms
2026-04-05 03:05:31.024 +07:00 [INF] HTTP GET /images/tours/nt2.jpg responded 404 in 0.5537 ms
2026-04-05 03:05:31.032 +07:00 [INF] HTTP GET /images/tours/nt3.jpg responded 404 in 0.7442 ms
2026-04-05 03:05:31.036 +07:00 [INF] HTTP GET /images/tours/nt4.jpg responded 404 in 0.5372 ms
2026-04-05 03:05:31.047 +07:00 [INF] HTTP GET /images/tours/nt5.jpg responded 404 in 1.8924 ms
2026-04-05 03:05:31.058 +07:00 [INF] HTTP GET /images/tours/mn1.jpg responded 304 in 0.8708 ms
2026-04-05 03:05:31.063 +07:00 [INF] HTTP GET /images/tours/mn2.jpg responded 404 in 0.5767 ms
2026-04-05 03:05:31.071 +07:00 [INF] HTTP GET /images/tours/mn3.jpg responded 404 in 1.0680 ms
2026-04-05 03:05:31.079 +07:00 [INF] HTTP GET /images/tours/mn4.jpg responded 404 in 0.5515 ms
2026-04-05 03:05:31.087 +07:00 [INF] HTTP GET /images/tours/mn5.jpg responded 404 in 0.6758 ms
2026-04-05 03:05:31.092 +07:00 [INF] HTTP GET /images/tours/hcm1.jpg responded 404 in 0.5692 ms
2026-04-05 03:05:31.097 +07:00 [INF] HTTP GET /images/tours/hcm2.jpg responded 404 in 0.5452 ms
2026-04-05 03:05:31.102 +07:00 [INF] HTTP GET /images/tours/hcm3.jpg responded 404 in 0.7064 ms
2026-04-05 03:05:31.107 +07:00 [INF] HTTP GET /images/tours/hcm4.jpg responded 404 in 0.5553 ms
2026-04-05 03:05:31.118 +07:00 [INF] HTTP GET /images/tours/hcm5.jpg responded 404 in 1.3640 ms
2026-04-05 03:05:31.124 +07:00 [INF] HTTP GET /images/tours/vt1.jpg responded 404 in 0.8147 ms
2026-04-05 03:05:31.130 +07:00 [INF] HTTP GET /images/tours/vt2.jpg responded 404 in 0.7895 ms
2026-04-05 03:05:31.135 +07:00 [INF] HTTP GET /images/tours/vt3.jpg responded 404 in 0.6100 ms
2026-04-05 03:05:31.143 +07:00 [INF] HTTP GET /images/tours/vt4.jpg responded 404 in 0.7906 ms
2026-04-05 03:05:31.151 +07:00 [INF] HTTP GET /images/tours/vt5.jpg responded 404 in 1.1594 ms
2026-04-05 03:05:31.157 +07:00 [INF] HTTP GET /images/tours/ct1.jpg responded 404 in 0.7052 ms
2026-04-05 03:05:31.161 +07:00 [INF] HTTP GET /images/tours/ct2.jpg responded 404 in 0.5296 ms
2026-04-05 03:05:31.166 +07:00 [INF] HTTP GET /images/tours/ct3.jpg responded 404 in 1.0149 ms
2026-04-05 03:05:31.174 +07:00 [INF] HTTP GET /images/tours/ct4.jpg responded 404 in 0.6062 ms
2026-04-05 03:05:31.180 +07:00 [INF] HTTP GET /images/tours/ct5.jpg responded 404 in 1.7722 ms
2026-04-05 03:05:31.184 +07:00 [INF] HTTP GET /images/tours/ag1.jpg responded 404 in 0.6650 ms
2026-04-05 03:05:31.188 +07:00 [INF] HTTP GET /images/tours/ag2.jpg responded 404 in 0.5009 ms
2026-04-05 03:05:31.192 +07:00 [INF] HTTP GET /images/tours/ag3.jpg responded 404 in 0.7742 ms
2026-04-05 03:05:31.197 +07:00 [INF] HTTP GET /images/tours/ag4.jpg responded 404 in 0.5007 ms
2026-04-05 03:05:31.204 +07:00 [INF] HTTP GET /images/tours/ag5.jpg responded 404 in 0.7168 ms
2026-04-05 03:05:31.208 +07:00 [INF] HTTP GET /images/tours/ht1.jpg responded 404 in 0.9797 ms
2026-04-05 03:05:31.212 +07:00 [INF] HTTP GET /images/tours/ht2.jpg responded 404 in 0.5793 ms
2026-04-05 03:05:31.217 +07:00 [INF] HTTP GET /images/tours/ht3.jpg responded 404 in 0.5788 ms
2026-04-05 03:05:31.222 +07:00 [INF] HTTP GET /images/tours/ht4.jpg responded 404 in 0.7393 ms
2026-04-05 03:05:31.228 +07:00 [INF] HTTP GET /images/tours/ht5.jpg responded 404 in 0.8066 ms
2026-04-05 03:05:31.321 +07:00 [INF] HTTP GET /favicon.ico responded 200 in 1.8849 ms
2026-04-05 03:05:49.458 +07:00 [INF] Seed dữ liệu ban đầu thành công
2026-04-05 03:05:49.755 +07:00 [INF] Ứng dụng Tour Du Lịch khởi chạy
2026-04-05 03:06:01.128 +07:00 [WRN] Failed to determine the https port for redirect.
2026-04-05 03:06:02.772 +07:00 [INF] HTTP GET /Admin/Tour responded 200 in 1269.0319 ms
2026-04-05 03:06:02.847 +07:00 [INF] HTTP GET /images/tours/tl1.jpg responded 404 in 17.3799 ms
2026-04-05 03:06:02.847 +07:00 [INF] HTTP GET /images/tours/tl2.jpg responded 404 in 17.4750 ms
2026-04-05 03:06:02.942 +07:00 [INF] HTTP GET /css/site.css responded 200 in 112.7494 ms
2026-04-05 03:06:02.952 +07:00 [INF] HTTP GET /lib/bootstrap/dist/css/bootstrap.min.css responded 200 in 120.9021 ms
2026-04-05 03:06:03.292 +07:00 [INF] HTTP GET /images/tours/tl3.jpg responded 404 in 9.2572 ms
2026-04-05 03:06:03.293 +07:00 [INF] HTTP GET /images/tours/tl4.jpg responded 404 in 1.0065 ms
2026-04-05 03:06:03.295 +07:00 [INF] HTTP GET /lib/jquery/dist/jquery.min.js responded 200 in 38.1691 ms
2026-04-05 03:06:03.369 +07:00 [INF] HTTP GET /images/tours/tl5.jpg responded 404 in 1.3853 ms
2026-04-05 03:06:03.413 +07:00 [INF] HTTP GET /js/site.js responded 200 in 2.4543 ms
2026-04-05 03:06:03.416 +07:00 [INF] HTTP GET /images/tours/jp1.jpg responded 404 in 1.0018 ms
2026-04-05 03:06:03.417 +07:00 [INF] HTTP GET /lib/bootstrap/dist/js/bootstrap.bundle.min.js responded 200 in 3.2832 ms
2026-04-05 03:06:03.454 +07:00 [INF] HTTP GET /images/tours/jp2.jpg responded 404 in 1.2536 ms
2026-04-05 03:06:03.464 +07:00 [INF] HTTP GET /images/tours/jp3.jpg responded 404 in 1.0479 ms
2026-04-05 03:06:03.487 +07:00 [INF] HTTP GET /images/tours/jp4.jpg responded 404 in 1.9580 ms
2026-04-05 03:06:03.705 +07:00 [INF] HTTP GET /images/tours/jp5.jpg responded 404 in 1.0591 ms
2026-04-05 03:06:03.723 +07:00 [INF] HTTP GET /images/tours/kr1.jpg responded 404 in 1.0595 ms
2026-04-05 03:06:03.727 +07:00 [INF] HTTP GET /images/tours/kr2.jpg responded 404 in 0.9403 ms
2026-04-05 03:06:03.771 +07:00 [INF] HTTP GET /images/tours/kr3.jpg responded 404 in 1.7678 ms
2026-04-05 03:06:03.843 +07:00 [INF] HTTP GET /images/tours/kr4.jpg responded 404 in 1.0821 ms
2026-04-05 03:06:03.856 +07:00 [INF] HTTP GET /images/tours/kr5.jpg responded 404 in 0.9781 ms
2026-04-05 03:06:03.866 +07:00 [INF] HTTP GET /images/tours/sg1.jpg responded 404 in 1.1433 ms
2026-04-05 03:06:03.877 +07:00 [INF] HTTP GET /images/tours/sg2.jpg responded 404 in 1.1709 ms
2026-04-05 03:06:03.899 +07:00 [INF] HTTP GET /images/tours/sg3.jpg responded 404 in 1.3766 ms
2026-04-05 03:06:03.914 +07:00 [INF] HTTP GET /images/tours/sg4.jpg responded 404 in 1.2513 ms
2026-04-05 03:06:03.915 +07:00 [INF] HTTP GET /images/tours/sg5.jpg responded 404 in 1.3916 ms
2026-04-05 03:06:03.916 +07:00 [INF] HTTP GET /images/tours/fr1.jpg responded 404 in 1.0009 ms
2026-04-05 03:06:03.929 +07:00 [INF] HTTP GET /images/tours/fr2.jpg responded 404 in 1.3345 ms
2026-04-05 03:06:03.929 +07:00 [INF] HTTP GET /images/tours/fr3.jpg responded 404 in 1.1398 ms
2026-04-05 03:06:03.933 +07:00 [INF] HTTP GET /images/tours/fr4.jpg responded 404 in 1.7406 ms
2026-04-05 03:06:03.952 +07:00 [INF] HTTP GET /images/tours/fr5.jpg responded 404 in 1.6170 ms
2026-04-05 03:06:03.956 +07:00 [INF] HTTP GET /images/tours/pq1.jpg responded 304 in 1.2619 ms
2026-04-05 03:06:03.962 +07:00 [INF] HTTP GET /images/tours/pq2.jpg responded 404 in 1.0061 ms
2026-04-05 03:06:03.984 +07:00 [INF] HTTP GET /images/tours/pq3.jpg responded 404 in 1.1330 ms
2026-04-05 03:06:03.986 +07:00 [INF] HTTP GET /images/tours/pq4.jpg responded 404 in 1.1146 ms
2026-04-05 03:06:03.988 +07:00 [INF] HTTP GET /images/tours/pq5.jpg responded 404 in 1.2385 ms
2026-04-05 03:06:03.997 +07:00 [INF] HTTP GET /images/tours/dn1.jpg responded 304 in 1.3057 ms
2026-04-05 03:06:04.003 +07:00 [INF] HTTP GET /images/tours/dn2.jpg responded 404 in 1.0327 ms
2026-04-05 03:06:04.004 +07:00 [INF] HTTP GET /images/tours/dn3.jpg responded 404 in 1.0463 ms
2026-04-05 03:06:04.008 +07:00 [INF] HTTP GET /images/tours/dn4.jpg responded 404 in 1.2499 ms
2026-04-05 03:06:04.018 +07:00 [INF] HTTP GET /images/tours/dn5.jpg responded 404 in 1.1349 ms
2026-04-05 03:06:04.028 +07:00 [INF] HTTP GET /images/tours/dl1.jpg responded 304 in 1.4619 ms
2026-04-05 03:06:04.040 +07:00 [INF] HTTP GET /images/tours/dl2.jpg responded 404 in 1.2231 ms
2026-04-05 03:06:04.055 +07:00 [INF] HTTP GET /images/tours/dl3.jpg responded 404 in 1.6450 ms
2026-04-05 03:06:04.057 +07:00 [INF] HTTP GET /images/tours/dl4.jpg responded 404 in 0.9635 ms
2026-04-05 03:06:04.063 +07:00 [INF] HTTP GET /images/tours/dl5.jpg responded 404 in 1.7234 ms
2026-04-05 03:06:04.076 +07:00 [INF] HTTP GET /images/tours/sp1.jpg responded 304 in 1.3634 ms
2026-04-05 03:06:04.079 +07:00 [INF] HTTP GET /images/tours/sp2.jpg responded 404 in 1.0184 ms
2026-04-05 03:06:04.081 +07:00 [INF] HTTP GET /images/tours/sp3.jpg responded 404 in 0.9309 ms
2026-04-05 03:06:04.093 +07:00 [INF] HTTP GET /images/tours/sp4.jpg responded 404 in 1.0893 ms
2026-04-05 03:06:04.096 +07:00 [INF] HTTP GET /images/tours/sp5.jpg responded 404 in 1.6370 ms
2026-04-05 03:06:04.097 +07:00 [INF] HTTP GET /images/tours/qn1.jpg responded 304 in 1.6424 ms
2026-04-05 03:06:04.109 +07:00 [INF] HTTP GET /images/tours/qn2.jpg responded 404 in 1.1103 ms
2026-04-05 03:06:04.112 +07:00 [INF] HTTP GET /images/tours/qn3.jpg responded 404 in 1.0711 ms
2026-04-05 03:06:04.112 +07:00 [INF] HTTP GET /images/tours/qn4.jpg responded 404 in 0.9717 ms
2026-04-05 03:06:04.124 +07:00 [INF] HTTP GET /images/tours/qn5.jpg responded 404 in 1.1048 ms
2026-04-05 03:06:04.128 +07:00 [INF] HTTP GET /images/tours/nb1.jpg responded 304 in 1.5041 ms
2026-04-05 03:06:04.133 +07:00 [INF] HTTP GET /images/tours/nb2.jpg responded 404 in 1.1993 ms
2026-04-05 03:06:04.136 +07:00 [INF] HTTP GET /images/tours/nb3.jpg responded 404 in 0.9975 ms
2026-04-05 03:06:04.138 +07:00 [INF] HTTP GET /images/tours/nb4.jpg responded 404 in 1.0774 ms
2026-04-05 03:06:04.147 +07:00 [INF] HTTP GET /images/tours/nb5.jpg responded 404 in 1.5284 ms
2026-04-05 03:06:04.151 +07:00 [INF] HTTP GET /images/tours/hue1.jpg responded 404 in 1.0568 ms
2026-04-05 03:06:04.154 +07:00 [INF] HTTP GET /images/tours/hue2.jpg responded 404 in 1.0320 ms
2026-04-05 03:06:04.170 +07:00 [INF] HTTP GET /images/tours/hue3.jpg responded 404 in 1.6039 ms
2026-04-05 03:06:04.170 +07:00 [INF] HTTP GET /images/tours/hue4.jpg responded 404 in 2.0262 ms
2026-04-05 03:06:04.171 +07:00 [INF] HTTP GET /images/tours/hue5.jpg responded 404 in 2.0291 ms
2026-04-05 03:06:04.181 +07:00 [INF] HTTP GET /images/tours/ha1.jpg responded 404 in 1.1870 ms
2026-04-05 03:06:04.183 +07:00 [INF] HTTP GET /images/tours/ha2.jpg responded 404 in 0.9341 ms
2026-04-05 03:06:04.188 +07:00 [INF] HTTP GET /images/tours/ha3.jpg responded 404 in 1.0570 ms
2026-04-05 03:06:04.196 +07:00 [INF] HTTP GET /images/tours/ha4.jpg responded 404 in 1.0744 ms
2026-04-05 03:06:04.197 +07:00 [INF] HTTP GET /images/tours/ha5.jpg responded 404 in 0.9917 ms
2026-04-05 03:06:04.199 +07:00 [INF] HTTP GET /images/tours/nt1.jpg responded 304 in 1.0670 ms
2026-04-05 03:06:04.209 +07:00 [INF] HTTP GET /images/tours/nt2.jpg responded 404 in 1.4718 ms
2026-04-05 03:06:04.212 +07:00 [INF] HTTP GET /images/tours/nt3.jpg responded 404 in 1.0187 ms
2026-04-05 03:06:04.213 +07:00 [INF] HTTP GET /images/tours/nt4.jpg responded 404 in 0.7946 ms
2026-04-05 03:06:04.219 +07:00 [INF] HTTP GET /images/tours/nt5.jpg responded 404 in 1.0082 ms
2026-04-05 03:06:04.222 +07:00 [INF] HTTP GET /images/tours/mn1.jpg responded 304 in 1.2973 ms
2026-04-05 03:06:04.225 +07:00 [INF] HTTP GET /images/tours/mn2.jpg responded 404 in 1.1866 ms
2026-04-05 03:06:04.228 +07:00 [INF] HTTP GET /images/tours/mn3.jpg responded 404 in 1.0751 ms
2026-04-05 03:06:04.231 +07:00 [INF] HTTP GET /images/tours/mn4.jpg responded 404 in 1.0997 ms
2026-04-05 03:06:04.234 +07:00 [INF] HTTP GET /images/tours/mn5.jpg responded 404 in 0.9508 ms
2026-04-05 03:06:04.239 +07:00 [INF] HTTP GET /images/tours/hcm1.jpg responded 404 in 1.3164 ms
2026-04-05 03:06:04.242 +07:00 [INF] HTTP GET /images/tours/hcm2.jpg responded 404 in 0.9635 ms
2026-04-05 03:06:04.243 +07:00 [INF] HTTP GET /images/tours/hcm3.jpg responded 404 in 0.8797 ms
2026-04-05 03:06:04.248 +07:00 [INF] HTTP GET /images/tours/hcm4.jpg responded 404 in 0.9811 ms
2026-04-05 03:06:04.255 +07:00 [INF] HTTP GET /images/tours/hcm5.jpg responded 404 in 1.0365 ms
2026-04-05 03:06:04.256 +07:00 [INF] HTTP GET /images/tours/vt1.jpg responded 404 in 0.9684 ms
2026-04-05 03:06:04.258 +07:00 [INF] HTTP GET /images/tours/vt2.jpg responded 404 in 0.9563 ms
2026-04-05 03:06:04.271 +07:00 [INF] HTTP GET /images/tours/vt3.jpg responded 404 in 1.0937 ms
2026-04-05 03:06:04.279 +07:00 [INF] HTTP GET /images/tours/vt4.jpg responded 404 in 1.6621 ms
2026-04-05 03:06:04.279 +07:00 [INF] HTTP GET /images/tours/vt5.jpg responded 404 in 1.3512 ms
2026-04-05 03:06:04.284 +07:00 [INF] HTTP GET /images/tours/ct1.jpg responded 404 in 1.2868 ms
2026-04-05 03:06:04.293 +07:00 [INF] HTTP GET /images/tours/ct2.jpg responded 404 in 1.0811 ms
2026-04-05 03:06:04.305 +07:00 [INF] HTTP GET /images/tours/ct3.jpg responded 404 in 1.1056 ms
2026-04-05 03:06:04.305 +07:00 [INF] HTTP GET /images/tours/ct4.jpg responded 404 in 1.0129 ms
2026-04-05 03:06:04.308 +07:00 [INF] HTTP GET /images/tours/ct5.jpg responded 404 in 1.2253 ms
2026-04-05 03:06:04.319 +07:00 [INF] HTTP GET /images/tours/ag1.jpg responded 404 in 1.0590 ms
2026-04-05 03:06:04.321 +07:00 [INF] HTTP GET /images/tours/ag2.jpg responded 404 in 0.8062 ms
2026-04-05 03:06:04.321 +07:00 [INF] HTTP GET /images/tours/ag3.jpg responded 404 in 0.9689 ms
2026-04-05 03:06:04.337 +07:00 [INF] HTTP GET /images/tours/ag4.jpg responded 404 in 1.0623 ms
2026-04-05 03:06:04.339 +07:00 [INF] HTTP GET /images/tours/ag5.jpg responded 404 in 1.2658 ms
2026-04-05 03:06:04.350 +07:00 [INF] HTTP GET /images/tours/ht1.jpg responded 404 in 1.1306 ms
2026-04-05 03:06:04.355 +07:00 [INF] HTTP GET /images/tours/ht2.jpg responded 404 in 1.1151 ms
2026-04-05 03:06:04.956 +07:00 [INF] HTTP GET /images/tours/ht3.jpg responded 404 in 1.0764 ms
2026-04-05 03:06:04.959 +07:00 [INF] HTTP GET /images/tours/ht4.jpg responded 404 in 1.0281 ms
2026-04-05 03:06:04.959 +07:00 [INF] HTTP GET /images/tours/ht5.jpg responded 404 in 0.9836 ms
2026-04-05 03:07:19.529 +07:00 [INF] HTTP GET /Admin/Tour responded 200 in 360.9351 ms
2026-04-05 03:07:19.549 +07:00 [INF] HTTP GET /images/tours/tl1.jpg responded 404 in 1.0887 ms
2026-04-05 03:07:19.550 +07:00 [INF] HTTP GET /images/tours/tl2.jpg responded 404 in 0.8719 ms
2026-04-05 03:07:19.557 +07:00 [INF] HTTP GET /lib/bootstrap/dist/css/bootstrap.min.css responded 200 in 11.0942 ms
2026-04-05 03:07:19.559 +07:00 [INF] HTTP GET /css/site.css responded 200 in 3.6068 ms
2026-04-05 03:07:19.564 +07:00 [INF] HTTP GET /images/tours/tl3.jpg responded 404 in 1.1238 ms
2026-04-05 03:07:19.565 +07:00 [INF] HTTP GET /images/tours/tl4.jpg responded 404 in 0.8019 ms
2026-04-05 03:07:19.609 +07:00 [INF] HTTP GET /js/site.js responded 200 in 2.8457 ms
2026-04-05 03:07:19.642 +07:00 [INF] HTTP GET /images/tours/tl5.jpg responded 404 in 2.8644 ms
2026-04-05 03:07:19.670 +07:00 [INF] HTTP GET /images/tours/jp2.jpg responded 404 in 1.1256 ms
2026-04-05 03:07:19.692 +07:00 [INF] HTTP GET /images/tours/jp3.jpg responded 404 in 3.2297 ms
2026-04-05 03:07:19.693 +07:00 [INF] HTTP GET /lib/jquery/dist/jquery.min.js responded 200 in 9.9581 ms
2026-04-05 03:07:19.708 +07:00 [INF] HTTP GET /images/tours/jp1.jpg responded 404 in 2.7477 ms
2026-04-05 03:07:19.718 +07:00 [INF] HTTP GET /images/tours/jp5.jpg responded 404 in 1.1856 ms
2026-04-05 03:07:19.722 +07:00 [INF] HTTP GET /images/tours/kr1.jpg responded 404 in 0.9487 ms
2026-04-05 03:07:19.727 +07:00 [INF] HTTP GET /images/tours/kr2.jpg responded 404 in 1.1048 ms
2026-04-05 03:07:19.731 +07:00 [INF] HTTP GET /images/tours/jp4.jpg responded 404 in 1.6257 ms
2026-04-05 03:07:19.738 +07:00 [INF] HTTP GET /images/tours/kr3.jpg responded 404 in 0.9864 ms
2026-04-05 03:07:19.743 +07:00 [INF] HTTP GET /images/tours/kr4.jpg responded 404 in 1.1455 ms
2026-04-05 03:07:19.750 +07:00 [INF] HTTP GET /images/tours/kr5.jpg responded 404 in 1.0467 ms
2026-04-05 03:07:19.756 +07:00 [INF] HTTP GET /images/tours/sg1.jpg responded 404 in 1.3957 ms
2026-04-05 03:07:19.762 +07:00 [INF] HTTP GET /images/tours/sg2.jpg responded 404 in 1.1223 ms
2026-04-05 03:07:19.790 +07:00 [INF] HTTP GET /images/tours/sg4.jpg responded 404 in 1.6396 ms
2026-04-05 03:07:19.801 +07:00 [INF] HTTP GET /images/tours/sg3.jpg responded 404 in 25.7872 ms
2026-04-05 03:07:19.808 +07:00 [INF] HTTP GET /images/tours/sg5.jpg responded 404 in 1.1419 ms
2026-04-05 03:07:19.818 +07:00 [INF] HTTP GET /images/tours/fr1.jpg responded 404 in 1.3615 ms
2026-04-05 03:07:19.825 +07:00 [INF] HTTP GET /lib/bootstrap/dist/js/bootstrap.bundle.min.js responded 200 in 6.7165 ms
2026-04-05 03:07:19.832 +07:00 [INF] HTTP GET /images/tours/fr2.jpg responded 404 in 1.5092 ms
2026-04-05 03:07:19.844 +07:00 [INF] HTTP GET /images/tours/fr4.jpg responded 404 in 5.7933 ms
2026-04-05 03:07:19.854 +07:00 [INF] HTTP GET /images/tours/fr5.jpg responded 404 in 2.5601 ms
2026-04-05 03:07:19.862 +07:00 [INF] HTTP GET /images/tours/pq1.jpg responded 304 in 1.2098 ms
2026-04-05 03:07:19.869 +07:00 [INF] HTTP GET /images/tours/pq2.jpg responded 404 in 0.9836 ms
2026-04-05 03:07:19.871 +07:00 [INF] HTTP GET /images/tours/fr3.jpg responded 404 in 0.8005 ms
2026-04-05 03:07:19.882 +07:00 [INF] HTTP GET /images/tours/pq3.jpg responded 404 in 1.1000 ms
2026-04-05 03:07:19.889 +07:00 [INF] HTTP GET /images/tours/pq4.jpg responded 404 in 0.9957 ms
2026-04-05 03:07:19.893 +07:00 [INF] HTTP GET /images/tours/pq5.jpg responded 404 in 0.9109 ms
2026-04-05 03:07:19.900 +07:00 [INF] HTTP GET /images/tours/dn1.jpg responded 304 in 1.2074 ms
2026-04-05 03:07:19.907 +07:00 [INF] HTTP GET /images/tours/dn2.jpg responded 404 in 0.9570 ms
2026-04-05 03:07:19.911 +07:00 [INF] HTTP GET /images/tours/dn3.jpg responded 404 in 0.9007 ms
2026-04-05 03:07:19.917 +07:00 [INF] HTTP GET /images/tours/dn4.jpg responded 404 in 1.2949 ms
2026-04-05 03:07:19.932 +07:00 [INF] HTTP GET /images/tours/dn5.jpg responded 404 in 5.7986 ms
2026-04-05 03:07:19.968 +07:00 [INF] HTTP GET /images/tours/dl5.jpg responded 404 in 1.1850 ms
2026-04-05 03:07:19.947 +07:00 [INF] HTTP GET /images/tours/dl2.jpg responded 404 in 0.9638 ms
2026-04-05 03:07:19.957 +07:00 [INF] HTTP GET /images/tours/dl3.jpg responded 404 in 1.4457 ms
2026-04-05 03:07:19.962 +07:00 [INF] HTTP GET /images/tours/dl4.jpg responded 404 in 0.9299 ms
2026-04-05 03:07:19.941 +07:00 [INF] HTTP GET /images/tours/dl1.jpg responded 304 in 1.3035 ms
2026-04-05 03:07:19.971 +07:00 [INF] HTTP GET /images/tours/sp1.jpg responded 304 in 1.0712 ms
2026-04-05 03:07:19.980 +07:00 [INF] HTTP GET /images/tours/sp2.jpg responded 404 in 0.8547 ms
2026-04-05 03:07:19.984 +07:00 [INF] HTTP GET /images/tours/sp3.jpg responded 404 in 1.0858 ms
2026-04-05 03:07:19.990 +07:00 [INF] HTTP GET /images/tours/sp4.jpg responded 404 in 0.9743 ms
2026-04-05 03:07:19.996 +07:00 [INF] HTTP GET /images/tours/sp5.jpg responded 404 in 1.3784 ms
2026-04-05 03:07:19.999 +07:00 [INF] HTTP GET /images/tours/qn1.jpg responded 304 in 1.3526 ms
2026-04-05 03:07:20.002 +07:00 [INF] HTTP GET /images/tours/qn2.jpg responded 404 in 0.6727 ms
2026-04-05 03:07:20.007 +07:00 [INF] HTTP GET /images/tours/qn3.jpg responded 404 in 0.8791 ms
2026-04-05 03:07:20.012 +07:00 [INF] HTTP GET /images/tours/qn4.jpg responded 404 in 0.9193 ms
2026-04-05 03:07:20.016 +07:00 [INF] HTTP GET /images/tours/qn5.jpg responded 404 in 0.7813 ms
2026-04-05 03:07:20.019 +07:00 [INF] HTTP GET /images/tours/nb1.jpg responded 304 in 1.1987 ms
2026-04-05 03:07:20.023 +07:00 [INF] HTTP GET /images/tours/nb2.jpg responded 404 in 0.7785 ms
2026-04-05 03:07:20.028 +07:00 [INF] HTTP GET /images/tours/nb3.jpg responded 404 in 0.7654 ms
2026-04-05 03:07:20.033 +07:00 [INF] HTTP GET /images/tours/nb4.jpg responded 404 in 1.0255 ms
2026-04-05 03:07:20.037 +07:00 [INF] HTTP GET /images/tours/nb5.jpg responded 404 in 0.7431 ms
2026-04-05 03:07:20.043 +07:00 [INF] HTTP GET /images/tours/hue1.jpg responded 404 in 1.1179 ms
2026-04-05 03:07:20.050 +07:00 [INF] HTTP GET /images/tours/hue2.jpg responded 404 in 0.7766 ms
2026-04-05 03:07:20.053 +07:00 [INF] HTTP GET /images/tours/hue3.jpg responded 404 in 0.7543 ms
2026-04-05 03:07:20.058 +07:00 [INF] HTTP GET /images/tours/hue4.jpg responded 404 in 0.7420 ms
2026-04-05 03:07:20.063 +07:00 [INF] HTTP GET /images/tours/hue5.jpg responded 404 in 0.9507 ms
2026-04-05 03:07:20.072 +07:00 [INF] HTTP GET /images/tours/ha1.jpg responded 404 in 0.8937 ms
2026-04-05 03:07:20.094 +07:00 [INF] HTTP GET /images/tours/nt1.jpg responded 304 in 1.0435 ms
2026-04-05 03:07:20.082 +07:00 [INF] HTTP GET /images/tours/ha3.jpg responded 404 in 1.0964 ms
2026-04-05 03:07:20.086 +07:00 [INF] HTTP GET /images/tours/ha4.jpg responded 404 in 0.8097 ms
2026-04-05 03:07:20.089 +07:00 [INF] HTTP GET /images/tours/ha5.jpg responded 404 in 0.7228 ms
2026-04-05 03:07:20.077 +07:00 [INF] HTTP GET /images/tours/ha2.jpg responded 404 in 0.7664 ms
2026-04-05 03:07:20.115 +07:00 [INF] HTTP GET /images/tours/mn1.jpg responded 304 in 1.1446 ms
2026-04-05 03:07:20.103 +07:00 [INF] HTTP GET /images/tours/nt3.jpg responded 404 in 0.9312 ms
2026-04-05 03:07:20.107 +07:00 [INF] HTTP GET /images/tours/nt4.jpg responded 404 in 0.8254 ms
2026-04-05 03:07:20.110 +07:00 [INF] HTTP GET /images/tours/nt5.jpg responded 404 in 0.7127 ms
2026-04-05 03:07:20.098 +07:00 [INF] HTTP GET /images/tours/nt2.jpg responded 404 in 0.7645 ms
2026-04-05 03:07:20.119 +07:00 [INF] HTTP GET /images/tours/mn2.jpg responded 404 in 0.7278 ms
2026-04-05 03:07:20.122 +07:00 [INF] HTTP GET /images/tours/mn3.jpg responded 404 in 0.7906 ms
2026-04-05 03:07:20.127 +07:00 [INF] HTTP GET /images/tours/mn4.jpg responded 404 in 0.7832 ms
2026-04-05 03:07:20.132 +07:00 [INF] HTTP GET /images/tours/mn5.jpg responded 404 in 0.8879 ms
2026-04-05 03:07:20.138 +07:00 [INF] HTTP GET /images/tours/hcm1.jpg responded 404 in 0.8178 ms
2026-04-05 03:07:20.141 +07:00 [INF] HTTP GET /images/tours/hcm2.jpg responded 404 in 0.7003 ms
2026-04-05 03:07:20.148 +07:00 [INF] HTTP GET /images/tours/hcm3.jpg responded 404 in 1.2706 ms
2026-04-05 03:07:20.156 +07:00 [INF] HTTP GET /images/tours/hcm4.jpg responded 404 in 0.7992 ms
2026-04-05 03:07:20.162 +07:00 [INF] HTTP GET /images/tours/hcm5.jpg responded 404 in 0.8123 ms
2026-04-05 03:07:20.168 +07:00 [INF] HTTP GET /images/tours/vt1.jpg responded 404 in 0.9204 ms
2026-04-05 03:07:20.171 +07:00 [INF] HTTP GET /images/tours/vt2.jpg responded 404 in 0.7219 ms
2026-04-05 03:07:20.176 +07:00 [INF] HTTP GET /images/tours/vt3.jpg responded 404 in 0.8159 ms
2026-04-05 03:07:20.190 +07:00 [INF] HTTP GET /images/tours/vt4.jpg responded 404 in 0.8602 ms
2026-04-05 03:07:20.195 +07:00 [INF] HTTP GET /images/tours/vt5.jpg responded 404 in 1.0772 ms
2026-04-05 03:07:20.201 +07:00 [INF] HTTP GET /images/tours/ct1.jpg responded 404 in 0.7931 ms
2026-04-05 03:07:20.204 +07:00 [INF] HTTP GET /images/tours/ct2.jpg responded 404 in 0.7450 ms
2026-04-05 03:07:20.210 +07:00 [INF] HTTP GET /images/tours/ct3.jpg responded 404 in 1.0087 ms
2026-04-05 03:07:20.237 +07:00 [INF] HTTP GET /images/tours/ct4.jpg responded 404 in 0.9153 ms
2026-04-05 03:07:20.252 +07:00 [INF] HTTP GET /images/tours/ct5.jpg responded 404 in 0.9549 ms
2026-04-05 03:07:20.259 +07:00 [INF] HTTP GET /images/tours/ag1.jpg responded 404 in 0.8354 ms
2026-04-05 03:07:20.265 +07:00 [INF] HTTP GET /images/tours/ag2.jpg responded 404 in 2.8117 ms
2026-04-05 03:07:20.272 +07:00 [INF] HTTP GET /images/tours/ag3.jpg responded 404 in 0.9948 ms
2026-04-05 03:07:20.300 +07:00 [INF] HTTP GET /images/tours/ag4.jpg responded 404 in 1.1939 ms
2026-04-05 03:07:20.329 +07:00 [INF] HTTP GET /images/tours/ag5.jpg responded 404 in 2.8484 ms
2026-04-05 03:07:20.594 +07:00 [INF] HTTP GET /images/tours/ht1.jpg responded 404 in 1.0092 ms
2026-04-05 03:07:21.271 +07:00 [INF] HTTP GET /images/tours/ht2.jpg responded 404 in 1.0178 ms
2026-04-05 03:07:21.362 +07:00 [INF] HTTP GET /images/tours/ht3.jpg responded 404 in 0.9209 ms
2026-04-05 03:07:21.373 +07:00 [INF] HTTP GET /images/tours/ht4.jpg responded 404 in 1.1625 ms
2026-04-05 03:07:21.537 +07:00 [INF] HTTP GET /images/tours/ht5.jpg responded 404 in 0.7924 ms
2026-04-05 03:07:21.994 +07:00 [INF] HTTP GET /favicon.ico responded 200 in 11.8040 ms
2026-04-05 03:07:40.838 +07:00 [INF] Seed dữ liệu ban đầu thành công
2026-04-05 03:07:41.164 +07:00 [INF] Ứng dụng Tour Du Lịch khởi chạy
2026-04-05 03:07:43.022 +07:00 [WRN] Failed to determine the https port for redirect.
2026-04-05 03:07:46.082 +07:00 [INF] HTTP GET /images/tours/tl3.jpg responded 404 in 45.5617 ms
2026-04-05 03:07:46.081 +07:00 [INF] HTTP GET /images/tours/tl2.jpg responded 404 in 41.5737 ms
2026-04-05 03:07:46.082 +07:00 [INF] HTTP GET /images/tours/tl1.jpg responded 404 in 41.5974 ms
2026-04-05 03:07:46.087 +07:00 [INF] HTTP GET /Admin/Tour responded 200 in 2764.8233 ms
2026-04-05 03:07:46.169 +07:00 [INF] HTTP GET /css/site.css responded 200 in 127.0301 ms
2026-04-05 03:07:46.189 +07:00 [INF] HTTP GET /lib/bootstrap/dist/css/bootstrap.min.css responded 200 in 147.3044 ms
2026-04-05 03:07:46.674 +07:00 [INF] HTTP GET /images/tours/jp1.jpg responded 404 in 179.3296 ms
2026-04-05 03:07:46.674 +07:00 [INF] HTTP GET /images/tours/tl5.jpg responded 404 in 179.2083 ms
2026-04-05 03:07:46.711 +07:00 [INF] HTTP GET /lib/bootstrap/dist/js/bootstrap.bundle.min.js responded 200 in 425.8477 ms
2026-04-05 03:07:46.901 +07:00 [INF] HTTP GET /images/tours/jp2.jpg responded 404 in 2.3572 ms
2026-04-05 03:07:46.961 +07:00 [INF] HTTP GET /lib/jquery/dist/jquery.min.js responded 200 in 31.8607 ms
2026-04-05 03:07:47.008 +07:00 [INF] HTTP GET /images/tours/tl4.jpg responded 404 in 20.7075 ms
2026-04-05 03:07:47.127 +07:00 [INF] HTTP GET /images/tours/jp5.jpg responded 404 in 17.6527 ms
2026-04-05 03:07:47.131 +07:00 [INF] HTTP GET /images/tours/jp4.jpg responded 404 in 26.3758 ms
2026-04-05 03:07:47.167 +07:00 [INF] HTTP GET /js/site.js responded 200 in 12.9201 ms
2026-04-05 03:07:47.264 +07:00 [INF] HTTP GET /images/tours/kr2.jpg responded 404 in 2.0181 ms
2026-04-05 03:07:47.431 +07:00 [INF] HTTP GET /images/tours/jp3.jpg responded 404 in 6.5052 ms
2026-04-05 03:07:47.825 +07:00 [INF] HTTP GET /images/tours/kr3.jpg responded 404 in 4.8673 ms
2026-04-05 03:07:48.737 +07:00 [INF] HTTP GET /images/tours/kr4.jpg responded 404 in 5.4790 ms
2026-04-05 03:07:48.749 +07:00 [INF] HTTP GET /images/tours/kr1.jpg responded 404 in 6.1169 ms
2026-04-05 03:07:48.770 +07:00 [INF] HTTP GET /images/tours/kr5.jpg responded 404 in 6.6352 ms
2026-04-05 03:07:48.786 +07:00 [INF] HTTP GET /images/tours/sg1.jpg responded 404 in 3.3556 ms
2026-04-05 03:07:48.812 +07:00 [INF] HTTP GET /images/tours/sg2.jpg responded 404 in 6.1788 ms
2026-04-05 03:07:48.830 +07:00 [INF] HTTP GET /images/tours/sg3.jpg responded 404 in 2.0640 ms
2026-04-05 03:07:48.849 +07:00 [INF] HTTP GET /images/tours/sg4.jpg responded 404 in 12.3460 ms
2026-04-05 03:07:48.857 +07:00 [INF] HTTP GET /images/tours/sg5.jpg responded 404 in 2.4180 ms
2026-04-05 03:07:48.870 +07:00 [INF] HTTP GET /images/tours/fr1.jpg responded 404 in 2.0575 ms
2026-04-05 03:07:48.884 +07:00 [INF] HTTP GET /images/tours/fr2.jpg responded 404 in 2.1778 ms
2026-04-05 03:07:48.897 +07:00 [INF] HTTP GET /images/tours/fr3.jpg responded 404 in 2.4810 ms
2026-04-05 03:07:48.911 +07:00 [INF] HTTP GET /images/tours/pq1.jpg responded 304 in 2.8265 ms
2026-04-05 03:07:48.927 +07:00 [INF] HTTP GET /images/tours/dn1.jpg responded 304 in 3.1414 ms
2026-04-05 03:07:48.936 +07:00 [INF] HTTP GET /images/tours/dl1.jpg responded 304 in 3.2275 ms
2026-04-05 03:07:48.954 +07:00 [INF] HTTP GET /images/tours/sp1.jpg responded 304 in 4.8590 ms
2026-04-05 03:07:48.965 +07:00 [INF] HTTP GET /images/tours/fr4.jpg responded 404 in 6.0229 ms
2026-04-05 03:07:48.986 +07:00 [INF] HTTP GET /images/tours/fr5.jpg responded 404 in 9.6796 ms
2026-04-05 03:07:49.007 +07:00 [INF] HTTP GET /images/tours/pq2.jpg responded 404 in 1.8149 ms
2026-04-05 03:07:49.022 +07:00 [INF] HTTP GET /images/tours/pq3.jpg responded 404 in 2.0717 ms
2026-04-05 03:07:49.063 +07:00 [INF] HTTP GET /images/tours/pq4.jpg responded 404 in 9.4750 ms
2026-04-05 03:07:49.084 +07:00 [INF] HTTP GET /images/tours/pq5.jpg responded 404 in 1.7669 ms
2026-04-05 03:07:49.111 +07:00 [INF] HTTP GET /images/tours/dn2.jpg responded 404 in 6.0533 ms
2026-04-05 03:07:49.264 +07:00 [INF] HTTP GET /images/tours/dn3.jpg responded 404 in 33.6459 ms
2026-04-05 03:07:49.504 +07:00 [INF] HTTP GET /images/tours/dn4.jpg responded 404 in 2.6498 ms
2026-04-05 03:07:49.991 +07:00 [INF] HTTP GET /images/tours/dn5.jpg responded 404 in 1.4568 ms
2026-04-05 03:07:50.003 +07:00 [INF] HTTP GET /images/tours/dl2.jpg responded 404 in 4.4596 ms
2026-04-05 03:07:50.021 +07:00 [INF] HTTP GET /images/tours/dl3.jpg responded 404 in 1.7356 ms
2026-04-05 03:07:50.032 +07:00 [INF] HTTP GET /images/tours/dl4.jpg responded 404 in 1.4567 ms
2026-04-05 03:07:50.050 +07:00 [INF] HTTP GET /images/tours/dl5.jpg responded 404 in 11.3464 ms
2026-04-05 03:07:50.080 +07:00 [INF] HTTP GET /images/tours/qn1.jpg responded 304 in 3.4967 ms
2026-04-05 03:07:50.094 +07:00 [INF] HTTP GET /images/tours/nb1.jpg responded 304 in 2.5640 ms
2026-04-05 03:07:50.105 +07:00 [INF] HTTP GET /images/tours/sp2.jpg responded 404 in 1.6103 ms
2026-04-05 03:07:50.120 +07:00 [INF] HTTP GET /images/tours/sp3.jpg responded 404 in 7.9956 ms
2026-04-05 03:07:50.127 +07:00 [INF] HTTP GET /images/tours/sp4.jpg responded 404 in 2.0964 ms
2026-04-05 03:07:50.140 +07:00 [INF] HTTP GET /images/tours/sp5.jpg responded 404 in 6.8171 ms
2026-04-05 03:07:50.160 +07:00 [INF] HTTP GET /images/tours/qn2.jpg responded 404 in 13.5466 ms
2026-04-05 03:07:50.178 +07:00 [INF] HTTP GET /Admin/Tour responded 200 in 1615.2300 ms
2026-04-05 03:07:50.198 +07:00 [INF] HTTP GET /lib/bootstrap/dist/css/bootstrap.min.css responded 200 in 15.0373 ms
2026-04-05 03:07:50.207 +07:00 [INF] HTTP GET /css/site.css responded 200 in 4.6858 ms
2026-04-05 03:07:50.222 +07:00 [INF] HTTP GET /images/tours/tl3.jpg responded 404 in 1.5106 ms
2026-04-05 03:07:50.243 +07:00 [INF] HTTP GET /images/tours/tl4.jpg responded 404 in 3.5330 ms
2026-04-05 03:07:50.256 +07:00 [INF] HTTP GET /images/tours/tl5.jpg responded 404 in 1.4837 ms
2026-04-05 03:07:50.258 +07:00 [INF] HTTP GET /images/tours/tl2.jpg responded 404 in 1.9111 ms
2026-04-05 03:07:50.265 +07:00 [INF] HTTP GET /images/tours/tl1.jpg responded 404 in 1.6339 ms
2026-04-05 03:07:50.265 +07:00 [INF] HTTP GET /lib/jquery/dist/jquery.min.js responded 200 in 4.2884 ms
2026-04-05 03:07:50.275 +07:00 [INF] HTTP GET /images/tours/qn4.jpg responded 404 in 1.5775 ms
2026-04-05 03:07:50.293 +07:00 [INF] HTTP GET /images/tours/jp1.jpg responded 404 in 5.9849 ms
2026-04-05 03:07:50.335 +07:00 [INF] HTTP GET /js/site.js responded 200 in 3.6802 ms
2026-04-05 03:07:50.390 +07:00 [INF] HTTP GET /images/tours/nb2.jpg responded 404 in 4.2191 ms
2026-04-05 03:07:50.517 +07:00 [INF] HTTP GET /images/tours/qn3.jpg responded 404 in 5.1302 ms
2026-04-05 03:07:50.566 +07:00 [INF] HTTP GET /images/tours/nb3.jpg responded 404 in 7.4629 ms
2026-04-05 03:07:50.648 +07:00 [INF] HTTP GET /lib/bootstrap/dist/js/bootstrap.bundle.min.js responded 200 in 20.0195 ms
2026-04-05 03:07:50.772 +07:00 [INF] HTTP GET /images/tours/jp2.jpg responded 404 in 2.3104 ms
2026-04-05 03:07:51.182 +07:00 [INF] HTTP GET /images/tours/qn5.jpg responded 404 in 18.5711 ms
2026-04-05 03:07:51.291 +07:00 [INF] HTTP GET /images/tours/jp3.jpg responded 404 in 1.5656 ms
2026-04-05 03:07:51.323 +07:00 [INF] HTTP GET /images/tours/jp4.jpg responded 404 in 1.4638 ms
2026-04-05 03:07:51.347 +07:00 [INF] HTTP GET /images/tours/jp5.jpg responded 404 in 5.4703 ms
2026-04-05 03:07:51.387 +07:00 [INF] HTTP GET /images/tours/nb4.jpg responded 404 in 12.7569 ms
2026-04-05 03:07:51.525 +07:00 [INF] HTTP GET /images/tours/nb5.jpg responded 404 in 13.5000 ms
2026-04-05 03:07:51.549 +07:00 [INF] HTTP GET /images/tours/kr1.jpg responded 404 in 17.8042 ms
2026-04-05 03:07:51.660 +07:00 [INF] HTTP GET /images/tours/kr2.jpg responded 404 in 2.4764 ms
2026-04-05 03:07:51.683 +07:00 [INF] HTTP GET /images/tours/hue2.jpg responded 404 in 2.1166 ms
2026-04-05 03:07:51.685 +07:00 [INF] HTTP GET /images/tours/hue1.jpg responded 404 in 10.6723 ms
2026-04-05 03:07:51.702 +07:00 [INF] HTTP GET /images/tours/hue3.jpg responded 404 in 1.6236 ms
2026-04-05 03:07:51.710 +07:00 [INF] HTTP GET /images/tours/kr3.jpg responded 404 in 6.5170 ms
2026-04-05 03:07:51.723 +07:00 [INF] HTTP GET /images/tours/hue4.jpg responded 404 in 1.5989 ms
2026-04-05 03:07:51.735 +07:00 [INF] HTTP GET /images/tours/kr4.jpg responded 404 in 1.4637 ms
2026-04-05 03:07:51.791 +07:00 [INF] HTTP GET /images/tours/ha1.jpg responded 404 in 2.3799 ms
2026-04-05 03:07:51.761 +07:00 [INF] HTTP GET /images/tours/sg1.jpg responded 404 in 1.4386 ms
2026-04-05 03:07:51.771 +07:00 [INF] HTTP GET /images/tours/hue5.jpg responded 404 in 4.1220 ms
2026-04-05 03:07:51.749 +07:00 [INF] HTTP GET /images/tours/kr5.jpg responded 404 in 2.1234 ms
2026-04-05 03:07:51.796 +07:00 [INF] HTTP GET /images/tours/sg2.jpg responded 404 in 1.4754 ms
2026-04-05 03:07:51.808 +07:00 [INF] HTTP GET /images/tours/sg3.jpg responded 404 in 1.4812 ms
2026-04-05 03:07:51.809 +07:00 [INF] HTTP GET /Admin/Tour responded 200 in 372.2508 ms
2026-04-05 03:07:51.862 +07:00 [INF] HTTP GET /lib/bootstrap/dist/css/bootstrap.min.css responded 200 in 26.1198 ms
2026-04-05 03:07:51.867 +07:00 [INF] HTTP GET /css/site.css responded 200 in 21.3469 ms
2026-04-05 03:07:51.916 +07:00 [INF] HTTP GET /js/site.js responded 200 in 14.3940 ms
2026-04-05 03:07:51.930 +07:00 [INF] HTTP GET /images/tours/ha3.jpg responded 404 in 3.7198 ms
2026-04-05 03:07:51.951 +07:00 [INF] HTTP GET /images/tours/ha4.jpg responded 404 in 13.4373 ms
2026-04-05 03:07:51.965 +07:00 [INF] HTTP GET /images/tours/sg4.jpg responded 404 in 2.3950 ms
2026-04-05 03:07:51.986 +07:00 [INF] HTTP GET /lib/jquery/dist/jquery.min.js responded 200 in 9.2339 ms
2026-04-05 03:07:52.144 +07:00 [INF] HTTP GET /lib/bootstrap/dist/js/bootstrap.bundle.min.js responded 200 in 23.9453 ms
2026-04-05 03:07:52.188 +07:00 [INF] HTTP GET /images/tours/ha2.jpg responded 404 in 3.3846 ms
2026-04-05 03:07:52.212 +07:00 [INF] HTTP GET /favicon.ico responded 200 in 7.0556 ms
2026-04-05 03:07:52.232 +07:00 [INF] HTTP GET /images/tours/fr1.jpg responded 404 in 3.7903 ms
2026-04-05 03:07:52.671 +07:00 [INF] HTTP GET /images/tours/mn1.jpg responded 304 in 1.9765 ms
2026-04-05 03:07:52.712 +07:00 [INF] HTTP GET /images/tours/ha5.jpg responded 404 in 3.7874 ms
2026-04-05 03:07:52.730 +07:00 [INF] HTTP GET /images/tours/sg5.jpg responded 404 in 3.3111 ms
2026-04-05 03:07:52.752 +07:00 [INF] HTTP GET /images/tours/fr2.jpg responded 404 in 8.7574 ms
2026-04-05 03:07:52.774 +07:00 [INF] HTTP GET /images/tours/nt1.jpg responded 304 in 5.6238 ms
2026-04-05 03:07:52.790 +07:00 [INF] HTTP GET /images/tours/fr3.jpg responded 404 in 1.9063 ms
2026-04-05 03:07:52.798 +07:00 [INF] HTTP GET /images/tours/fr4.jpg responded 404 in 1.6018 ms
2026-04-05 03:07:52.809 +07:00 [INF] HTTP GET /images/tours/nt2.jpg responded 404 in 2.1625 ms
2026-04-05 03:07:52.820 +07:00 [INF] HTTP GET /images/tours/nt3.jpg responded 404 in 1.8983 ms
2026-04-05 03:07:52.826 +07:00 [INF] HTTP GET /images/tours/fr5.jpg responded 404 in 1.9455 ms
2026-04-05 03:07:52.837 +07:00 [INF] HTTP GET /images/tours/nt4.jpg responded 404 in 1.6236 ms
2026-04-05 03:07:52.851 +07:00 [INF] HTTP GET /images/tours/pq1.jpg responded 304 in 5.2222 ms
2026-04-05 03:07:52.864 +07:00 [INF] HTTP GET /images/tours/nt5.jpg responded 404 in 3.5056 ms
2026-04-05 03:07:52.876 +07:00 [INF] HTTP GET /images/tours/mn2.jpg responded 404 in 2.5448 ms
2026-04-05 03:07:52.886 +07:00 [INF] HTTP GET /images/tours/pq2.jpg responded 404 in 5.1949 ms
2026-04-05 03:07:52.900 +07:00 [INF] HTTP GET /images/tours/pq3.jpg responded 404 in 4.0765 ms
2026-04-05 03:07:52.911 +07:00 [INF] HTTP GET /images/tours/mn3.jpg responded 404 in 2.0227 ms
2026-04-05 03:07:52.923 +07:00 [INF] HTTP GET /images/tours/pq4.jpg responded 404 in 2.1612 ms
2026-04-05 03:07:52.935 +07:00 [INF] HTTP GET /images/tours/pq5.jpg responded 404 in 1.7886 ms
2026-04-05 03:07:52.951 +07:00 [INF] HTTP GET /images/tours/mn4.jpg responded 404 in 1.9678 ms
2026-04-05 03:07:52.979 +07:00 [INF] HTTP GET /images/tours/mn5.jpg responded 404 in 4.1089 ms
2026-04-05 03:07:52.985 +07:00 [INF] HTTP GET /images/tours/dn1.jpg responded 304 in 2.0264 ms
2026-04-05 03:07:52.992 +07:00 [INF] HTTP GET /images/tours/hcm1.jpg responded 404 in 2.5562 ms
2026-04-05 03:07:53.006 +07:00 [INF] HTTP GET /images/tours/dn2.jpg responded 404 in 4.1212 ms
2026-04-05 03:07:53.024 +07:00 [INF] HTTP GET /images/tours/hcm2.jpg responded 404 in 3.6244 ms
2026-04-05 03:07:53.043 +07:00 [INF] HTTP GET /images/tours/hcm3.jpg responded 404 in 7.8883 ms
2026-04-05 03:07:53.068 +07:00 [INF] HTTP GET /images/tours/dn3.jpg responded 404 in 1.6322 ms
2026-04-05 03:07:53.100 +07:00 [INF] HTTP GET /images/tours/dn4.jpg responded 404 in 3.6038 ms
2026-04-05 03:07:53.120 +07:00 [INF] HTTP GET /images/tours/hcm4.jpg responded 404 in 1.8408 ms
2026-04-05 03:07:53.129 +07:00 [INF] HTTP GET /images/tours/dn5.jpg responded 404 in 2.1370 ms
2026-04-05 03:07:53.140 +07:00 [INF] HTTP GET /images/tours/dl1.jpg responded 304 in 4.4375 ms
2026-04-05 03:07:53.157 +07:00 [INF] HTTP GET /images/tours/hcm5.jpg responded 404 in 2.8126 ms
2026-04-05 03:07:53.180 +07:00 [INF] HTTP GET /images/tours/vt1.jpg responded 404 in 5.2288 ms
2026-04-05 03:07:53.304 +07:00 [INF] HTTP GET /images/tours/dl2.jpg responded 404 in 8.8256 ms
2026-04-05 03:07:53.344 +07:00 [INF] HTTP GET /images/tours/vt2.jpg responded 404 in 6.7494 ms
2026-04-05 03:07:53.604 +07:00 [INF] HTTP GET /images/tours/dl3.jpg responded 404 in 1.7391 ms
2026-04-05 03:07:53.627 +07:00 [INF] HTTP GET /images/tours/vt3.jpg responded 404 in 2.0018 ms
2026-04-05 03:07:53.638 +07:00 [INF] HTTP GET /images/tours/vt4.jpg responded 404 in 5.3606 ms
2026-04-05 03:07:53.656 +07:00 [INF] HTTP GET /images/tours/dl4.jpg responded 404 in 4.0280 ms
2026-04-05 03:07:53.666 +07:00 [INF] HTTP GET /images/tours/dl5.jpg responded 404 in 1.7109 ms
2026-04-05 03:07:53.679 +07:00 [INF] HTTP GET /images/tours/vt5.jpg responded 404 in 1.8333 ms
2026-04-05 03:07:54.184 +07:00 [INF] HTTP GET /images/tours/sp1.jpg responded 304 in 2.7834 ms
2026-04-05 03:07:54.195 +07:00 [INF] HTTP GET /images/tours/sp2.jpg responded 404 in 3.0452 ms
2026-04-05 03:07:54.210 +07:00 [INF] HTTP GET /images/tours/ct1.jpg responded 404 in 5.6336 ms
2026-04-05 03:07:54.226 +07:00 [INF] HTTP GET /images/tours/ct2.jpg responded 404 in 5.7411 ms
2026-04-05 03:07:54.233 +07:00 [INF] HTTP GET /images/tours/sp3.jpg responded 404 in 5.6419 ms
2026-04-05 03:07:54.233 +07:00 [INF] HTTP GET /images/tours/ct3.jpg responded 404 in 1.6444 ms
2026-04-05 03:07:54.246 +07:00 [INF] HTTP GET /images/tours/sp4.jpg responded 404 in 1.6431 ms
2026-04-05 03:07:54.256 +07:00 [INF] HTTP GET /images/tours/ct4.jpg responded 404 in 1.8988 ms
2026-04-05 03:07:54.269 +07:00 [INF] HTTP GET /images/tours/ct5.jpg responded 404 in 2.6166 ms
2026-04-05 03:07:54.289 +07:00 [INF] HTTP GET /images/tours/sp5.jpg responded 404 in 1.9142 ms
2026-04-05 03:07:54.297 +07:00 [INF] HTTP GET /images/tours/qn1.jpg responded 304 in 2.4161 ms
2026-04-05 03:07:54.304 +07:00 [INF] HTTP GET /images/tours/ag1.jpg responded 404 in 1.6341 ms
2026-04-05 03:07:54.317 +07:00 [INF] HTTP GET /images/tours/qn2.jpg responded 404 in 4.6831 ms
2026-04-05 03:07:54.320 +07:00 [INF] HTTP GET /images/tours/qn3.jpg responded 404 in 2.4869 ms
2026-04-05 03:07:54.328 +07:00 [INF] HTTP GET /images/tours/ag2.jpg responded 404 in 1.6480 ms
2026-04-05 03:07:54.345 +07:00 [INF] HTTP GET /images/tours/ag3.jpg responded 404 in 3.0388 ms
2026-04-05 03:07:54.363 +07:00 [INF] HTTP GET /images/tours/qn4.jpg responded 404 in 4.4180 ms
2026-04-05 03:07:54.375 +07:00 [INF] HTTP GET /images/tours/ag4.jpg responded 404 in 2.9820 ms
2026-04-05 03:07:54.387 +07:00 [INF] HTTP GET /images/tours/qn5.jpg responded 404 in 1.9667 ms
2026-04-05 03:07:54.406 +07:00 [INF] HTTP GET /images/tours/ag5.jpg responded 404 in 4.3507 ms
2026-04-05 03:07:54.408 +07:00 [INF] HTTP GET /images/tours/ht1.jpg responded 404 in 1.4693 ms
2026-04-05 03:07:54.424 +07:00 [INF] HTTP GET /images/tours/nb1.jpg responded 304 in 2.8362 ms
2026-04-05 03:07:54.440 +07:00 [INF] HTTP GET /images/tours/nb2.jpg responded 404 in 6.6214 ms
2026-04-05 03:07:54.456 +07:00 [INF] HTTP GET /images/tours/ht2.jpg responded 404 in 2.0967 ms
2026-04-05 03:07:54.469 +07:00 [INF] HTTP GET /images/tours/nb3.jpg responded 404 in 2.0646 ms
2026-04-05 03:07:54.480 +07:00 [INF] HTTP GET /images/tours/nb4.jpg responded 404 in 2.9963 ms
2026-04-05 03:07:54.484 +07:00 [INF] HTTP GET /images/tours/ht3.jpg responded 404 in 1.5885 ms
2026-04-05 03:07:54.492 +07:00 [INF] HTTP GET /images/tours/ht4.jpg responded 404 in 1.8505 ms
2026-04-05 03:07:54.499 +07:00 [INF] HTTP GET /images/tours/nb5.jpg responded 404 in 2.0780 ms
2026-04-05 03:07:54.506 +07:00 [INF] HTTP GET /images/tours/ht5.jpg responded 404 in 1.6623 ms
2026-04-05 03:07:54.517 +07:00 [INF] HTTP GET /images/tours/hue1.jpg responded 404 in 3.0622 ms
2026-04-05 03:07:54.524 +07:00 [INF] HTTP GET /images/tours/hue2.jpg responded 404 in 3.0393 ms
2026-04-05 03:07:54.540 +07:00 [INF] HTTP GET /images/tours/hue3.jpg responded 404 in 7.4413 ms
2026-04-05 03:07:54.558 +07:00 [INF] HTTP GET /images/tours/hue4.jpg responded 404 in 9.0143 ms
2026-04-05 03:07:54.573 +07:00 [INF] HTTP GET /images/tours/hue5.jpg responded 404 in 5.0597 ms
2026-04-05 03:07:54.586 +07:00 [INF] HTTP GET /images/tours/ha1.jpg responded 404 in 2.4484 ms
2026-04-05 03:07:54.593 +07:00 [INF] HTTP GET /images/tours/ha2.jpg responded 404 in 2.0034 ms
2026-04-05 03:07:54.602 +07:00 [INF] HTTP GET /images/tours/ha3.jpg responded 404 in 6.6972 ms
2026-04-05 03:07:54.609 +07:00 [INF] HTTP GET /images/tours/ha4.jpg responded 404 in 2.1501 ms
2026-04-05 03:07:54.617 +07:00 [INF] HTTP GET /images/tours/ha5.jpg responded 404 in 5.6821 ms
2026-04-05 03:07:54.642 +07:00 [INF] HTTP GET /images/tours/nt1.jpg responded 304 in 5.7110 ms
2026-04-05 03:07:54.688 +07:00 [INF] HTTP GET /images/tours/nt2.jpg responded 404 in 6.2527 ms
2026-04-05 03:07:54.710 +07:00 [INF] HTTP GET /images/tours/nt3.jpg responded 404 in 7.4988 ms
2026-04-05 03:07:54.773 +07:00 [INF] HTTP GET /images/tours/nt4.jpg responded 404 in 8.9628 ms
2026-04-05 03:07:54.799 +07:00 [INF] HTTP GET /images/tours/nt5.jpg responded 404 in 7.3746 ms
2026-04-05 03:07:54.810 +07:00 [INF] HTTP GET /images/tours/mn1.jpg responded 304 in 2.2402 ms
2026-04-05 03:07:54.843 +07:00 [INF] HTTP GET /images/tours/mn2.jpg responded 404 in 10.8763 ms
2026-04-05 03:07:54.854 +07:00 [INF] HTTP GET /images/tours/mn3.jpg responded 404 in 10.5927 ms
2026-04-05 03:08:05.930 +07:00 [INF] HTTP GET /Admin/Category responded 200 in 239.0353 ms
2026-04-05 03:08:06.211 +07:00 [INF] HTTP GET /lib/bootstrap/dist/css/bootstrap.min.css responded 200 in 247.6320 ms
2026-04-05 03:08:06.212 +07:00 [INF] HTTP GET /css/site.css responded 200 in 86.4319 ms
2026-04-05 03:08:06.218 +07:00 [INF] HTTP GET /lib/bootstrap/dist/js/bootstrap.bundle.min.js responded 200 in 71.2508 ms
2026-04-05 03:08:06.219 +07:00 [INF] HTTP GET /lib/jquery/dist/jquery.min.js responded 200 in 93.7291 ms
2026-04-05 03:08:06.219 +07:00 [INF] HTTP GET /js/site.js responded 200 in 9.6451 ms
2026-04-05 03:08:08.661 +07:00 [INF] HTTP GET /Admin/Order responded 200 in 975.4440 ms
2026-04-05 03:08:08.684 +07:00 [INF] HTTP GET /css/site.css responded 200 in 5.4840 ms
2026-04-05 03:08:08.687 +07:00 [INF] HTTP GET /lib/jquery/dist/jquery.min.js responded 200 in 7.3606 ms
2026-04-05 03:08:08.690 +07:00 [INF] HTTP GET /lib/bootstrap/dist/css/bootstrap.min.css responded 200 in 12.8314 ms
2026-04-05 03:08:08.691 +07:00 [INF] HTTP GET /lib/bootstrap/dist/js/bootstrap.bundle.min.js responded 200 in 8.9747 ms
2026-04-05 03:08:08.692 +07:00 [INF] HTTP GET /js/site.js responded 200 in 7.6954 ms
2026-04-05 03:08:10.161 +07:00 [INF] HTTP GET /Admin/Tour responded 200 in 174.9307 ms
2026-04-05 03:08:10.181 +07:00 [INF] HTTP GET /images/tours/tl1.jpg responded 404 in 0.8242 ms
2026-04-05 03:08:10.186 +07:00 [INF] HTTP GET /css/site.css responded 200 in 6.2473 ms
2026-04-05 03:08:10.186 +07:00 [INF] HTTP GET /images/tours/tl2.jpg responded 404 in 3.6226 ms
2026-04-05 03:08:10.195 +07:00 [INF] HTTP GET /images/tours/tl4.jpg responded 404 in 1.2164 ms
2026-04-05 03:08:10.196 +07:00 [INF] HTTP GET /lib/bootstrap/dist/css/bootstrap.min.css responded 200 in 18.1878 ms
2026-04-05 03:08:10.197 +07:00 [INF] HTTP GET /images/tours/tl5.jpg responded 404 in 1.6429 ms
2026-04-05 03:08:10.244 +07:00 [INF] HTTP GET /lib/bootstrap/dist/js/bootstrap.bundle.min.js responded 200 in 7.4942 ms
2026-04-05 03:08:10.267 +07:00 [INF] HTTP GET /images/tours/tl3.jpg responded 404 in 1.1410 ms
2026-04-05 03:08:10.275 +07:00 [INF] HTTP GET /images/tours/jp1.jpg responded 404 in 0.9299 ms
2026-04-05 03:08:10.281 +07:00 [INF] HTTP GET /images/tours/jp2.jpg responded 404 in 1.4215 ms
2026-04-05 03:08:10.316 +07:00 [INF] HTTP GET /lib/jquery/dist/jquery.min.js responded 200 in 6.8488 ms
2026-04-05 03:08:10.326 +07:00 [INF] HTTP GET /images/tours/jp4.jpg responded 404 in 0.9767 ms
2026-04-05 03:08:10.349 +07:00 [INF] HTTP GET /js/site.js responded 200 in 16.0224 ms
2026-04-05 03:08:10.377 +07:00 [INF] HTTP GET /images/tours/kr1.jpg responded 404 in 1.0361 ms
2026-04-05 03:08:10.383 +07:00 [INF] HTTP GET /images/tours/kr2.jpg responded 404 in 0.8677 ms
2026-04-05 03:08:10.392 +07:00 [INF] HTTP GET /images/tours/kr3.jpg responded 404 in 1.1833 ms
2026-04-05 03:08:10.401 +07:00 [INF] HTTP GET /images/tours/jp3.jpg responded 404 in 1.5040 ms
2026-04-05 03:08:10.409 +07:00 [INF] HTTP GET /images/tours/jp5.jpg responded 404 in 1.0465 ms
2026-04-05 03:08:10.411 +07:00 [INF] HTTP GET /images/tours/kr4.jpg responded 404 in 2.2916 ms
2026-04-05 03:08:10.423 +07:00 [INF] HTTP GET /images/tours/kr5.jpg responded 404 in 0.9628 ms
2026-04-05 03:08:10.436 +07:00 [INF] HTTP GET /images/tours/sg1.jpg responded 404 in 1.8471 ms
2026-04-05 03:08:10.454 +07:00 [INF] HTTP GET /images/tours/sg2.jpg responded 404 in 0.8686 ms
2026-04-05 03:08:10.468 +07:00 [INF] HTTP GET /images/tours/sg3.jpg responded 404 in 1.6840 ms
2026-04-05 03:08:10.481 +07:00 [INF] HTTP GET /images/tours/sg4.jpg responded 404 in 1.8291 ms
2026-04-05 03:08:10.491 +07:00 [INF] HTTP GET /images/tours/sg5.jpg responded 404 in 2.0618 ms
2026-04-05 03:08:10.495 +07:00 [INF] HTTP GET /images/tours/fr1.jpg responded 404 in 0.8799 ms
2026-04-05 03:08:10.505 +07:00 [INF] HTTP GET /images/tours/fr2.jpg responded 404 in 1.3706 ms
2026-04-05 03:08:10.512 +07:00 [INF] HTTP GET /images/tours/fr3.jpg responded 404 in 0.9721 ms
2026-04-05 03:08:10.518 +07:00 [INF] HTTP GET /images/tours/fr4.jpg responded 404 in 0.9816 ms
2026-04-05 03:08:10.527 +07:00 [INF] HTTP GET /images/tours/fr5.jpg responded 404 in 1.1903 ms
2026-04-05 03:08:10.533 +07:00 [INF] HTTP GET /images/tours/pq1.jpg responded 304 in 1.3381 ms
2026-04-05 03:08:10.538 +07:00 [INF] HTTP GET /images/tours/pq2.jpg responded 404 in 0.7698 ms
2026-04-05 03:08:10.544 +07:00 [INF] HTTP GET /images/tours/pq3.jpg responded 404 in 1.1103 ms
2026-04-05 03:08:10.557 +07:00 [INF] HTTP GET /images/tours/pq4.jpg responded 404 in 2.4245 ms
2026-04-05 03:08:10.573 +07:00 [INF] HTTP GET /images/tours/pq5.jpg responded 404 in 2.8936 ms
2026-04-05 03:08:10.613 +07:00 [INF] HTTP GET /images/tours/dn1.jpg responded 304 in 21.3880 ms
2026-04-05 03:08:10.619 +07:00 [INF] HTTP GET /images/tours/dn2.jpg responded 404 in 1.7140 ms
2026-04-05 03:08:10.647 +07:00 [INF] HTTP GET /images/tours/dn3.jpg responded 404 in 4.8428 ms
2026-04-05 03:08:11.028 +07:00 [INF] HTTP GET /images/tours/dn4.jpg responded 404 in 0.9383 ms
2026-04-05 03:08:11.038 +07:00 [INF] HTTP GET /images/tours/dn5.jpg responded 404 in 0.9381 ms
2026-04-05 03:08:11.057 +07:00 [INF] HTTP GET /images/tours/dl1.jpg responded 304 in 1.1742 ms
2026-04-05 03:08:11.089 +07:00 [INF] HTTP GET /images/tours/dl2.jpg responded 404 in 3.2227 ms
2026-04-05 03:08:11.098 +07:00 [INF] HTTP GET /images/tours/dl3.jpg responded 404 in 0.8813 ms
2026-04-05 03:08:11.100 +07:00 [INF] HTTP GET /images/tours/dl4.jpg responded 404 in 0.7404 ms
2026-04-05 03:08:11.115 +07:00 [INF] HTTP GET /images/tours/dl5.jpg responded 404 in 1.1101 ms
2026-04-05 03:08:11.129 +07:00 [INF] HTTP GET /images/tours/sp1.jpg responded 304 in 1.3960 ms
2026-04-05 03:08:11.153 +07:00 [INF] HTTP GET /images/tours/sp2.jpg responded 404 in 1.1278 ms
2026-04-05 03:08:11.166 +07:00 [INF] HTTP GET /images/tours/sp3.jpg responded 404 in 2.1532 ms
2026-04-05 03:08:11.169 +07:00 [INF] HTTP GET /images/tours/sp4.jpg responded 404 in 1.3442 ms
2026-04-05 03:08:11.174 +07:00 [INF] HTTP GET /images/tours/sp5.jpg responded 404 in 1.3840 ms
2026-04-05 03:08:11.187 +07:00 [INF] HTTP GET /images/tours/qn1.jpg responded 304 in 1.2419 ms
2026-04-05 03:08:11.197 +07:00 [INF] HTTP GET /images/tours/qn2.jpg responded 404 in 2.7288 ms
2026-04-05 03:08:11.202 +07:00 [INF] HTTP GET /images/tours/qn3.jpg responded 404 in 0.8155 ms
2026-04-05 03:08:11.208 +07:00 [INF] HTTP GET /images/tours/qn4.jpg responded 404 in 0.9931 ms
2026-04-05 03:08:11.223 +07:00 [INF] HTTP GET /images/tours/qn5.jpg responded 404 in 1.2372 ms
2026-04-05 03:08:11.238 +07:00 [INF] HTTP GET /images/tours/nb1.jpg responded 304 in 1.9743 ms
2026-04-05 03:08:11.260 +07:00 [INF] HTTP GET /images/tours/nb2.jpg responded 404 in 4.1916 ms
2026-04-05 03:08:11.266 +07:00 [INF] HTTP GET /images/tours/nb3.jpg responded 404 in 0.7890 ms
2026-04-05 03:08:11.271 +07:00 [INF] HTTP GET /images/tours/nb4.jpg responded 404 in 0.8446 ms
2026-04-05 03:08:11.274 +07:00 [INF] HTTP GET /images/tours/nb5.jpg responded 404 in 2.6392 ms
2026-04-05 03:08:11.284 +07:00 [INF] HTTP GET /images/tours/hue1.jpg responded 404 in 0.7863 ms
2026-04-05 03:08:11.300 +07:00 [INF] HTTP GET /images/tours/hue2.jpg responded 404 in 0.7835 ms
2026-04-05 03:08:11.307 +07:00 [INF] HTTP GET /images/tours/hue3.jpg responded 404 in 0.9184 ms
2026-04-05 03:08:11.309 +07:00 [INF] HTTP GET /images/tours/hue4.jpg responded 404 in 0.9799 ms
2026-04-05 03:08:11.322 +07:00 [INF] HTTP GET /images/tours/hue5.jpg responded 404 in 1.7946 ms
2026-04-05 03:08:11.337 +07:00 [INF] HTTP GET /images/tours/ha1.jpg responded 404 in 3.7504 ms
2026-04-05 03:08:11.352 +07:00 [INF] HTTP GET /images/tours/ha2.jpg responded 404 in 4.7267 ms
2026-04-05 03:08:11.362 +07:00 [INF] HTTP GET /images/tours/ha3.jpg responded 404 in 1.3759 ms
2026-04-05 03:08:11.374 +07:00 [INF] HTTP GET /images/tours/ha4.jpg responded 404 in 0.9917 ms
2026-04-05 03:08:11.381 +07:00 [INF] HTTP GET /images/tours/ha5.jpg responded 404 in 1.0689 ms
2026-04-05 03:08:11.396 +07:00 [INF] HTTP GET /images/tours/nt1.jpg responded 304 in 1.4752 ms
2026-04-05 03:08:11.403 +07:00 [INF] HTTP GET /images/tours/nt2.jpg responded 404 in 0.7969 ms
2026-04-05 03:08:11.411 +07:00 [INF] HTTP GET /images/tours/nt3.jpg responded 404 in 2.2036 ms
2026-04-05 03:08:11.425 +07:00 [INF] HTTP GET /images/tours/nt4.jpg responded 404 in 1.3375 ms
2026-04-05 03:08:11.441 +07:00 [INF] HTTP GET /images/tours/nt5.jpg responded 404 in 0.9270 ms
2026-04-05 03:08:11.489 +07:00 [INF] HTTP GET /images/tours/mn2.jpg responded 404 in 0.8914 ms
2026-04-05 03:08:11.500 +07:00 [INF] HTTP GET /images/tours/mn3.jpg responded 404 in 0.8829 ms
2026-04-05 03:08:11.528 +07:00 [INF] HTTP GET /images/tours/mn4.jpg responded 404 in 0.8763 ms
2026-04-05 03:08:11.703 +07:00 [INF] HTTP GET /images/tours/mn5.jpg responded 404 in 6.9004 ms
2026-04-05 03:08:11.742 +07:00 [INF] HTTP GET /images/tours/mn1.jpg responded 200 in 289.7446 ms
2026-04-05 03:08:11.780 +07:00 [INF] HTTP GET /images/tours/hcm2.jpg responded 404 in 1.0687 ms
2026-04-05 03:08:12.034 +07:00 [INF] HTTP GET /images/tours/hcm3.jpg responded 404 in 0.9167 ms
2026-04-05 03:08:12.123 +07:00 [INF] HTTP GET /images/tours/hcm4.jpg responded 404 in 0.9674 ms
2026-04-05 03:08:13.105 +07:00 [INF] HTTP GET /images/tours/hcm5.jpg responded 404 in 2.5127 ms
2026-04-05 03:08:13.118 +07:00 [INF] HTTP GET /images/tours/hcm1.jpg responded 404 in 1.0112 ms
2026-04-05 03:08:13.170 +07:00 [INF] HTTP GET /images/tours/vt1.jpg responded 404 in 1.3975 ms
2026-04-05 03:08:13.185 +07:00 [INF] HTTP GET /images/tours/vt2.jpg responded 404 in 0.8316 ms
2026-04-05 03:08:13.218 +07:00 [INF] HTTP GET /images/tours/vt3.jpg responded 404 in 1.1389 ms
2026-04-05 03:08:13.226 +07:00 [INF] HTTP GET /images/tours/vt4.jpg responded 404 in 1.2387 ms
2026-04-05 03:08:13.235 +07:00 [INF] HTTP GET /images/tours/vt5.jpg responded 404 in 0.9041 ms
2026-04-05 03:08:13.249 +07:00 [INF] HTTP GET /images/tours/ct1.jpg responded 404 in 0.9548 ms
2026-04-05 03:08:13.262 +07:00 [INF] HTTP GET /images/tours/ct2.jpg responded 404 in 0.8354 ms
2026-04-05 03:08:13.272 +07:00 [INF] HTTP GET /images/tours/ct3.jpg responded 404 in 1.0718 ms
2026-04-05 03:08:13.282 +07:00 [INF] HTTP GET /images/tours/ct4.jpg responded 404 in 0.8421 ms
2026-04-05 03:08:13.292 +07:00 [INF] HTTP GET /images/tours/ct5.jpg responded 404 in 0.9014 ms
2026-04-05 03:08:13.309 +07:00 [INF] HTTP GET /images/tours/ag1.jpg responded 404 in 1.2996 ms
2026-04-05 03:08:13.335 +07:00 [INF] HTTP GET /images/tours/ag2.jpg responded 404 in 0.8943 ms
2026-04-05 03:08:13.355 +07:00 [INF] HTTP GET /images/tours/ag3.jpg responded 404 in 2.2153 ms
2026-04-05 03:08:13.372 +07:00 [INF] HTTP GET /images/tours/ag4.jpg responded 404 in 1.0272 ms
2026-04-05 03:08:13.377 +07:00 [INF] HTTP GET /images/tours/ag5.jpg responded 404 in 1.0960 ms
2026-04-05 03:08:13.385 +07:00 [INF] HTTP GET /images/tours/ht1.jpg responded 404 in 1.3432 ms
2026-04-05 03:08:13.389 +07:00 [INF] HTTP GET /images/tours/ht2.jpg responded 404 in 2.1414 ms
2026-04-05 03:08:13.391 +07:00 [INF] HTTP GET /Admin/Tour/Schedules/76 responded 200 in 323.6486 ms
2026-04-05 03:08:13.400 +07:00 [INF] HTTP GET /images/tours/ht3.jpg responded 404 in 0.9330 ms
2026-04-05 03:08:13.404 +07:00 [INF] HTTP GET /images/tours/ht4.jpg responded 404 in 0.8860 ms
2026-04-05 03:08:13.410 +07:00 [INF] HTTP GET /images/tours/ht5.jpg responded 404 in 0.7726 ms
2026-04-05 03:08:13.436 +07:00 [INF] HTTP GET /css/site.css responded 200 in 7.9281 ms
2026-04-05 03:08:13.436 +07:00 [INF] HTTP GET /lib/bootstrap/dist/css/bootstrap.min.css responded 200 in 17.4371 ms
2026-04-05 03:08:13.456 +07:00 [INF] HTTP GET /lib/bootstrap/dist/js/bootstrap.bundle.min.js responded 200 in 4.7499 ms
2026-04-05 03:08:13.458 +07:00 [INF] HTTP GET /js/site.js responded 200 in 2.2090 ms
2026-04-05 03:08:13.481 +07:00 [INF] HTTP GET /lib/jquery/dist/jquery.min.js responded 200 in 3.6250 ms
2026-04-05 03:08:25.192 +07:00 [INF] HTTP GET /Admin/Tour responded 200 in 68.5412 ms
2026-04-05 03:08:25.209 +07:00 [INF] HTTP GET /css/site.css responded 200 in 1.9641 ms
2026-04-05 03:08:25.216 +07:00 [INF] HTTP GET /lib/jquery/dist/jquery.min.js responded 200 in 7.1100 ms
2026-04-05 03:08:25.216 +07:00 [INF] HTTP GET /lib/bootstrap/dist/css/bootstrap.min.css responded 200 in 9.7517 ms
2026-04-05 03:08:25.218 +07:00 [INF] HTTP GET /js/site.js responded 200 in 5.4431 ms
2026-04-05 03:08:25.219 +07:00 [INF] HTTP GET /lib/bootstrap/dist/js/bootstrap.bundle.min.js responded 200 in 7.6772 ms
2026-04-05 03:08:27.438 +07:00 [INF] HTTP GET /Admin/Category responded 200 in 40.3376 ms
2026-04-05 03:08:27.517 +07:00 [INF] HTTP GET /lib/jquery/dist/jquery.min.js responded 200 in 35.1196 ms
2026-04-05 03:08:27.694 +07:00 [INF] HTTP GET /css/site.css responded 200 in 222.3433 ms
2026-04-05 03:08:27.695 +07:00 [INF] HTTP GET /lib/bootstrap/dist/js/bootstrap.bundle.min.js responded 200 in 201.0908 ms
2026-04-05 03:08:27.697 +07:00 [INF] HTTP GET /lib/bootstrap/dist/css/bootstrap.min.css responded 200 in 227.4596 ms
2026-04-05 03:08:27.698 +07:00 [INF] HTTP GET /js/site.js responded 200 in 185.3102 ms
2026-04-05 03:08:30.858 +07:00 [INF] HTTP GET /Admin responded 200 in 874.8073 ms
2026-04-05 03:08:30.882 +07:00 [INF] HTTP GET /css/site.css responded 200 in 5.8757 ms
2026-04-05 03:08:30.883 +07:00 [INF] HTTP GET /lib/bootstrap/dist/css/bootstrap.min.css responded 200 in 8.1812 ms
2026-04-05 03:08:30.883 +07:00 [INF] HTTP GET /lib/bootstrap/dist/js/bootstrap.bundle.min.js responded 200 in 4.9802 ms
2026-04-05 03:08:30.884 +07:00 [INF] HTTP GET /lib/jquery/dist/jquery.min.js responded 200 in 6.7503 ms
2026-04-05 03:08:30.894 +07:00 [INF] HTTP GET /js/site.js responded 200 in 9.3323 ms
2026-04-05 03:08:52.617 +07:00 [INF] HTTP GET /Admin/Category responded 200 in 27.5173 ms
2026-04-05 03:08:52.640 +07:00 [INF] HTTP GET /css/site.css responded 200 in 4.8964 ms
2026-04-05 03:08:52.642 +07:00 [INF] HTTP GET /js/site.js responded 200 in 4.1891 ms
2026-04-05 03:08:52.650 +07:00 [INF] HTTP GET /lib/jquery/dist/jquery.min.js responded 200 in 15.0048 ms
2026-04-05 03:08:52.650 +07:00 [INF] HTTP GET /lib/bootstrap/dist/js/bootstrap.bundle.min.js responded 200 in 8.1662 ms
2026-04-05 03:08:52.651 +07:00 [INF] HTTP GET /lib/bootstrap/dist/css/bootstrap.min.css responded 200 in 9.2292 ms
2026-04-05 03:08:53.872 +07:00 [INF] HTTP GET /Admin/Tour responded 200 in 79.3244 ms
2026-04-05 03:08:53.890 +07:00 [INF] HTTP GET /images/tours/tl1.jpg responded 404 in 0.5196 ms
2026-04-05 03:08:53.890 +07:00 [INF] HTTP GET /css/site.css responded 200 in 2.4530 ms
2026-04-05 03:08:53.891 +07:00 [INF] HTTP GET /images/tours/tl2.jpg responded 404 in 0.6796 ms
2026-04-05 03:08:53.895 +07:00 [INF] HTTP GET /lib/bootstrap/dist/css/bootstrap.min.css responded 200 in 6.0636 ms
2026-04-05 03:08:53.903 +07:00 [INF] HTTP GET /images/tours/tl4.jpg responded 404 in 0.8105 ms
2026-04-05 03:08:53.911 +07:00 [INF] HTTP GET /images/tours/tl5.jpg responded 404 in 1.9240 ms
2026-04-05 03:08:53.923 +07:00 [INF] HTTP GET /images/tours/tl3.jpg responded 404 in 0.6219 ms
2026-04-05 03:08:53.932 +07:00 [INF] HTTP GET /lib/bootstrap/dist/js/bootstrap.bundle.min.js responded 200 in 12.1763 ms
2026-04-05 03:08:53.954 +07:00 [INF] HTTP GET /images/tours/jp1.jpg responded 404 in 0.7058 ms
2026-04-05 03:08:53.969 +07:00 [INF] HTTP GET /lib/jquery/dist/jquery.min.js responded 200 in 5.6884 ms
2026-04-05 03:08:53.983 +07:00 [INF] HTTP GET /images/tours/jp3.jpg responded 404 in 1.8600 ms
2026-04-05 03:08:53.993 +07:00 [INF] HTTP GET /images/tours/jp4.jpg responded 404 in 0.7288 ms
2026-04-05 03:08:54.001 +07:00 [INF] HTTP GET /images/tours/jp5.jpg responded 404 in 0.5929 ms
2026-04-05 03:08:54.005 +07:00 [INF] HTTP GET /js/site.js responded 200 in 1.9891 ms
2026-04-05 03:08:54.010 +07:00 [INF] HTTP GET /images/tours/kr2.jpg responded 404 in 0.5276 ms
2026-04-05 03:08:54.012 +07:00 [INF] HTTP GET /images/tours/jp2.jpg responded 404 in 0.6100 ms
2026-04-05 03:08:54.032 +07:00 [INF] HTTP GET /images/tours/kr3.jpg responded 404 in 0.5912 ms
2026-04-05 03:08:54.042 +07:00 [INF] HTTP GET /images/tours/kr4.jpg responded 404 in 0.5454 ms
2026-04-05 03:08:54.049 +07:00 [INF] HTTP GET /images/tours/kr5.jpg responded 404 in 0.6576 ms
2026-04-05 03:08:54.061 +07:00 [INF] HTTP GET /images/tours/kr1.jpg responded 404 in 2.9958 ms
2026-04-05 03:08:54.071 +07:00 [INF] HTTP GET /images/tours/sg1.jpg responded 404 in 0.6903 ms
2026-04-05 03:08:54.079 +07:00 [INF] HTTP GET /images/tours/sg2.jpg responded 404 in 0.8514 ms
2026-04-05 03:08:54.088 +07:00 [INF] HTTP GET /images/tours/sg3.jpg responded 404 in 2.1991 ms
2026-04-05 03:08:54.090 +07:00 [INF] HTTP GET /images/tours/sg4.jpg responded 404 in 0.6065 ms
2026-04-05 03:08:54.099 +07:00 [INF] HTTP GET /images/tours/sg5.jpg responded 404 in 0.5590 ms
2026-04-05 03:08:54.106 +07:00 [INF] HTTP GET /images/tours/fr1.jpg responded 404 in 1.3062 ms
2026-04-05 03:08:54.108 +07:00 [INF] HTTP GET /images/tours/fr2.jpg responded 404 in 0.5419 ms
2026-04-05 03:08:54.115 +07:00 [INF] HTTP GET /images/tours/fr3.jpg responded 404 in 0.5290 ms
2026-04-05 03:08:54.120 +07:00 [INF] HTTP GET /images/tours/fr4.jpg responded 404 in 2.5790 ms
2026-04-05 03:08:54.131 +07:00 [INF] HTTP GET /images/tours/fr5.jpg responded 404 in 0.8010 ms
2026-04-05 03:08:54.136 +07:00 [INF] HTTP GET /images/tours/pq1.jpg responded 304 in 0.7181 ms
2026-04-05 03:08:54.143 +07:00 [INF] HTTP GET /images/tours/pq2.jpg responded 404 in 0.5336 ms
2026-04-05 03:08:54.150 +07:00 [INF] HTTP GET /images/tours/pq3.jpg responded 404 in 1.1001 ms
2026-04-05 03:08:54.172 +07:00 [INF] HTTP GET /images/tours/pq4.jpg responded 404 in 1.0939 ms
2026-04-05 03:08:54.182 +07:00 [INF] HTTP GET /images/tours/pq5.jpg responded 404 in 1.1136 ms
2026-04-05 03:08:54.190 +07:00 [INF] HTTP GET /images/tours/dn1.jpg responded 304 in 1.1208 ms
2026-04-05 03:08:54.194 +07:00 [INF] HTTP GET /images/tours/dn2.jpg responded 404 in 0.5486 ms
2026-04-05 03:08:54.200 +07:00 [INF] HTTP GET /images/tours/dn3.jpg responded 404 in 0.6557 ms
2026-04-05 03:08:54.205 +07:00 [INF] HTTP GET /images/tours/dn4.jpg responded 404 in 0.7842 ms
2026-04-05 03:08:54.212 +07:00 [INF] HTTP GET /images/tours/dn5.jpg responded 404 in 0.9669 ms
2026-04-05 03:08:54.216 +07:00 [INF] HTTP GET /images/tours/dl1.jpg responded 304 in 0.9503 ms
2026-04-05 03:08:54.223 +07:00 [INF] HTTP GET /images/tours/dl2.jpg responded 404 in 0.5897 ms
2026-04-05 03:08:54.228 +07:00 [INF] HTTP GET /images/tours/dl3.jpg responded 404 in 0.5178 ms
2026-04-05 03:08:54.234 +07:00 [INF] HTTP GET /images/tours/dl4.jpg responded 404 in 0.5786 ms
2026-04-05 03:08:54.247 +07:00 [INF] HTTP GET /images/tours/dl5.jpg responded 404 in 0.6022 ms
2026-04-05 03:08:54.251 +07:00 [INF] HTTP GET /images/tours/sp1.jpg responded 304 in 1.6993 ms
2026-04-05 03:08:54.262 +07:00 [INF] HTTP GET /images/tours/sp2.jpg responded 404 in 0.6750 ms
2026-04-05 03:08:54.273 +07:00 [INF] HTTP GET /images/tours/sp3.jpg responded 404 in 0.5788 ms
2026-04-05 03:08:54.290 +07:00 [INF] HTTP GET /images/tours/sp4.jpg responded 404 in 0.5864 ms
2026-04-05 03:08:54.824 +07:00 [INF] HTTP GET /images/tours/sp5.jpg responded 404 in 0.8817 ms
2026-04-05 03:08:54.837 +07:00 [INF] HTTP GET /images/tours/qn1.jpg responded 304 in 1.0354 ms
2026-04-05 03:08:54.851 +07:00 [INF] HTTP GET /images/tours/qn2.jpg responded 404 in 1.0051 ms
2026-04-05 03:08:54.860 +07:00 [INF] HTTP GET /images/tours/qn3.jpg responded 404 in 2.2318 ms
2026-04-05 03:08:54.867 +07:00 [INF] HTTP GET /images/tours/qn4.jpg responded 404 in 0.6563 ms
2026-04-05 03:08:54.876 +07:00 [INF] HTTP GET /images/tours/qn5.jpg responded 404 in 0.9332 ms
2026-04-05 03:08:54.883 +07:00 [INF] HTTP GET /images/tours/nb1.jpg responded 304 in 0.7050 ms
2026-04-05 03:08:54.895 +07:00 [INF] HTTP GET /images/tours/nb3.jpg responded 404 in 1.2280 ms
2026-04-05 03:08:54.896 +07:00 [INF] HTTP GET /images/tours/nb2.jpg responded 404 in 7.7521 ms
2026-04-05 03:08:54.913 +07:00 [INF] HTTP GET /images/tours/nb4.jpg responded 404 in 2.8439 ms
2026-04-05 03:08:54.925 +07:00 [INF] HTTP GET /images/tours/nb5.jpg responded 404 in 0.6593 ms
2026-04-05 03:08:54.935 +07:00 [INF] HTTP GET /images/tours/hue1.jpg responded 404 in 1.4054 ms
2026-04-05 03:08:54.945 +07:00 [INF] HTTP GET /images/tours/hue2.jpg responded 404 in 0.5887 ms
2026-04-05 03:08:54.950 +07:00 [INF] HTTP GET /images/tours/hue3.jpg responded 404 in 0.5437 ms
2026-04-05 03:08:54.960 +07:00 [INF] HTTP GET /images/tours/hue4.jpg responded 404 in 0.5513 ms
2026-04-05 03:08:54.964 +07:00 [INF] HTTP GET /images/tours/hue5.jpg responded 404 in 0.4840 ms
2026-04-05 03:08:54.975 +07:00 [INF] HTTP GET /images/tours/ha1.jpg responded 404 in 1.1556 ms
2026-04-05 03:08:54.982 +07:00 [INF] HTTP GET /images/tours/ha2.jpg responded 404 in 0.5704 ms
2026-04-05 03:08:54.989 +07:00 [INF] HTTP GET /images/tours/ha3.jpg responded 404 in 0.6371 ms
2026-04-05 03:08:54.994 +07:00 [INF] HTTP GET /images/tours/ha4.jpg responded 404 in 0.5476 ms
2026-04-05 03:08:55.003 +07:00 [INF] HTTP GET /images/tours/ha5.jpg responded 404 in 0.6105 ms
2026-04-05 03:08:55.015 +07:00 [INF] HTTP GET /images/tours/nt1.jpg responded 304 in 1.1932 ms
2026-04-05 03:08:55.021 +07:00 [INF] HTTP GET /images/tours/nt2.jpg responded 404 in 0.7192 ms
2026-04-05 03:08:55.033 +07:00 [INF] HTTP GET /images/tours/nt3.jpg responded 404 in 2.2369 ms
2026-04-05 03:08:55.041 +07:00 [INF] HTTP GET /images/tours/nt4.jpg responded 404 in 0.5576 ms
2026-04-05 03:08:55.052 +07:00 [INF] HTTP GET /images/tours/nt5.jpg responded 404 in 0.7595 ms
2026-04-05 03:08:55.065 +07:00 [INF] HTTP GET /images/tours/mn1.jpg responded 304 in 0.7260 ms
2026-04-05 03:08:55.069 +07:00 [INF] HTTP GET /images/tours/mn2.jpg responded 404 in 0.6224 ms
2026-04-05 03:08:55.074 +07:00 [INF] HTTP GET /images/tours/mn3.jpg responded 404 in 0.5524 ms
2026-04-05 03:08:55.090 +07:00 [INF] HTTP GET /images/tours/mn4.jpg responded 404 in 0.6030 ms
2026-04-05 03:08:55.096 +07:00 [INF] HTTP GET /images/tours/mn5.jpg responded 404 in 1.0224 ms
2026-04-05 03:08:55.104 +07:00 [INF] HTTP GET /images/tours/hcm1.jpg responded 404 in 0.7404 ms
2026-04-05 03:08:55.111 +07:00 [INF] HTTP GET /images/tours/hcm2.jpg responded 404 in 0.5656 ms
2026-04-05 03:08:55.116 +07:00 [INF] HTTP GET /images/tours/hcm3.jpg responded 404 in 0.5709 ms
2026-04-05 03:08:55.123 +07:00 [INF] HTTP GET /images/tours/hcm4.jpg responded 404 in 0.8145 ms
2026-04-05 03:08:55.131 +07:00 [INF] HTTP GET /images/tours/hcm5.jpg responded 404 in 0.5916 ms
2026-04-05 03:08:55.142 +07:00 [INF] HTTP GET /images/tours/vt1.jpg responded 404 in 0.5834 ms
2026-04-05 03:08:55.148 +07:00 [INF] HTTP GET /images/tours/vt2.jpg responded 404 in 0.5916 ms
2026-04-05 03:08:55.165 +07:00 [INF] HTTP GET /images/tours/vt3.jpg responded 404 in 0.8670 ms
2026-04-05 03:08:55.172 +07:00 [INF] HTTP GET /images/tours/vt4.jpg responded 404 in 0.5608 ms
2026-04-05 03:08:55.181 +07:00 [INF] HTTP GET /images/tours/vt5.jpg responded 404 in 1.1240 ms
2026-04-05 03:08:55.191 +07:00 [INF] HTTP GET /images/tours/ct1.jpg responded 404 in 2.3510 ms
2026-04-05 03:08:55.202 +07:00 [INF] HTTP GET /images/tours/ct2.jpg responded 404 in 1.2355 ms
2026-04-05 03:08:55.212 +07:00 [INF] HTTP GET /images/tours/ct3.jpg responded 404 in 0.5797 ms
2026-04-05 03:08:55.237 +07:00 [INF] HTTP GET /images/tours/ct4.jpg responded 404 in 5.8986 ms
2026-04-05 03:08:55.256 +07:00 [INF] HTTP GET /images/tours/ct5.jpg responded 404 in 1.8323 ms
2026-04-05 03:08:55.266 +07:00 [INF] HTTP GET /images/tours/ag1.jpg responded 404 in 0.8565 ms
2026-04-05 03:08:55.278 +07:00 [INF] HTTP GET /images/tours/ag2.jpg responded 404 in 0.9385 ms
2026-04-05 03:08:55.285 +07:00 [INF] HTTP GET /images/tours/ag3.jpg responded 404 in 0.8942 ms
2026-04-05 03:08:55.290 +07:00 [INF] HTTP GET /images/tours/ag4.jpg responded 404 in 0.6563 ms
2026-04-05 03:08:55.301 +07:00 [INF] HTTP GET /images/tours/ag5.jpg responded 404 in 0.9221 ms
2026-04-05 03:08:55.305 +07:00 [INF] HTTP GET /images/tours/ht1.jpg responded 404 in 0.7870 ms
2026-04-05 03:08:55.317 +07:00 [INF] HTTP GET /images/tours/ht2.jpg responded 404 in 0.6671 ms
2026-04-05 03:08:55.328 +07:00 [INF] HTTP GET /images/tours/ht3.jpg responded 404 in 0.5808 ms
2026-04-05 03:08:55.347 +07:00 [INF] HTTP GET /images/tours/ht4.jpg responded 404 in 7.5480 ms
2026-04-05 03:08:55.351 +07:00 [INF] HTTP GET /images/tours/ht5.jpg responded 404 in 1.4665 ms
2026-04-05 03:09:04.666 +07:00 [INF] HTTP GET /Admin/Tour responded 200 in 45.6065 ms
2026-04-05 03:09:04.697 +07:00 [INF] HTTP GET /css/site.css responded 200 in 9.1630 ms
2026-04-05 03:09:04.697 +07:00 [INF] HTTP GET /js/site.js responded 200 in 3.9709 ms
2026-04-05 03:09:04.698 +07:00 [INF] HTTP GET /lib/bootstrap/dist/css/bootstrap.min.css responded 200 in 12.2445 ms
2026-04-05 03:09:04.699 +07:00 [INF] HTTP GET /lib/jquery/dist/jquery.min.js responded 200 in 9.3195 ms
2026-04-05 03:09:04.703 +07:00 [INF] HTTP GET /lib/bootstrap/dist/js/bootstrap.bundle.min.js responded 200 in 10.4481 ms
2026-04-05 03:09:05.977 +07:00 [INF] HTTP GET /images/tours/tl1.jpg responded 404 in 0.6483 ms
2026-04-05 03:09:05.980 +07:00 [INF] HTTP GET /css/site.css responded 200 in 12.8099 ms
2026-04-05 03:09:05.987 +07:00 [INF] HTTP GET /images/tours/tl2.jpg responded 404 in 7.9327 ms
2026-04-05 03:09:05.987 +07:00 [INF] HTTP GET /images/tours/tl3.jpg responded 404 in 0.5131 ms
2026-04-05 03:09:05.994 +07:00 [INF] HTTP GET /lib/bootstrap/dist/css/bootstrap.min.css responded 200 in 32.1303 ms
2026-04-05 03:09:06.001 +07:00 [INF] HTTP GET /Admin/Tour responded 200 in 467.3826 ms
2026-04-05 03:09:06.137 +07:00 [INF] HTTP GET /images/tours/tl5.jpg responded 404 in 0.5760 ms
2026-04-05 03:09:06.161 +07:00 [INF] HTTP GET /images/tours/jp2.jpg responded 404 in 3.1149 ms
2026-04-05 03:09:06.174 +07:00 [INF] HTTP GET /images/tours/jp3.jpg responded 404 in 0.6115 ms
2026-04-05 03:09:06.178 +07:00 [INF] HTTP GET /images/tours/jp4.jpg responded 404 in 0.5587 ms
2026-04-05 03:09:06.180 +07:00 [INF] HTTP GET /images/tours/jp1.jpg responded 404 in 0.4624 ms
2026-04-05 03:09:06.195 +07:00 [INF] HTTP GET /lib/jquery/dist/jquery.min.js responded 200 in 2.9050 ms
2026-04-05 03:09:06.200 +07:00 [INF] HTTP GET /images/tours/tl4.jpg responded 404 in 0.5699 ms
2026-04-05 03:09:06.212 +07:00 [INF] HTTP GET /lib/bootstrap/dist/js/bootstrap.bundle.min.js responded 200 in 5.6339 ms
2026-04-05 03:09:06.220 +07:00 [INF] HTTP GET /images/tours/jp5.jpg responded 404 in 0.5865 ms
2026-04-05 03:09:06.227 +07:00 [INF] HTTP GET /images/tours/kr2.jpg responded 404 in 1.1144 ms
2026-04-05 03:09:06.237 +07:00 [INF] HTTP GET /images/tours/kr3.jpg responded 404 in 0.5860 ms
2026-04-05 03:09:06.241 +07:00 [INF] HTTP GET /js/site.js responded 200 in 1.7712 ms
2026-04-05 03:09:06.261 +07:00 [INF] HTTP GET /images/tours/kr5.jpg responded 404 in 0.5347 ms
2026-04-05 03:09:06.262 +07:00 [INF] HTTP GET /images/tours/kr1.jpg responded 404 in 0.4501 ms
2026-04-05 03:09:06.279 +07:00 [INF] HTTP GET /images/tours/sg1.jpg responded 404 in 0.9034 ms
2026-04-05 03:09:06.290 +07:00 [INF] HTTP GET /images/tours/sg2.jpg responded 404 in 3.0770 ms
2026-04-05 03:09:06.293 +07:00 [INF] HTTP GET /images/tours/sg3.jpg responded 404 in 1.5749 ms
2026-04-05 03:09:06.296 +07:00 [INF] HTTP GET /images/tours/kr4.jpg responded 404 in 0.6624 ms
2026-04-05 03:09:06.304 +07:00 [INF] HTTP GET /images/tours/sg4.jpg responded 404 in 0.6054 ms
2026-04-05 03:09:06.308 +07:00 [INF] HTTP GET /images/tours/sg5.jpg responded 404 in 1.5359 ms
2026-04-05 03:09:06.315 +07:00 [INF] HTTP GET /images/tours/fr1.jpg responded 404 in 0.6765 ms
2026-04-05 03:09:06.323 +07:00 [INF] HTTP GET /images/tours/fr2.jpg responded 404 in 0.7244 ms
2026-04-05 03:09:06.328 +07:00 [INF] HTTP GET /images/tours/fr3.jpg responded 404 in 0.5859 ms
2026-04-05 03:09:06.337 +07:00 [INF] HTTP GET /images/tours/pq1.jpg responded 304 in 0.7120 ms
2026-04-05 03:09:06.345 +07:00 [INF] HTTP GET /images/tours/dn1.jpg responded 304 in 0.8001 ms
2026-04-05 03:09:06.365 +07:00 [INF] HTTP GET /images/tours/dl1.jpg responded 304 in 1.1624 ms
2026-04-05 03:09:06.374 +07:00 [INF] HTTP GET /images/tours/sp1.jpg responded 304 in 1.2636 ms
2026-04-05 03:09:06.381 +07:00 [INF] HTTP GET /images/tours/qn1.jpg responded 304 in 0.7975 ms
2026-04-05 03:09:06.390 +07:00 [INF] HTTP GET /images/tours/fr4.jpg responded 404 in 0.7922 ms
2026-04-05 03:09:06.398 +07:00 [INF] HTTP GET /images/tours/fr5.jpg responded 404 in 0.6983 ms
2026-04-05 03:09:06.406 +07:00 [INF] HTTP GET /images/tours/pq2.jpg responded 404 in 0.5870 ms
2026-04-05 03:09:06.414 +07:00 [INF] HTTP GET /images/tours/pq3.jpg responded 404 in 1.6096 ms
2026-04-05 03:09:06.418 +07:00 [INF] HTTP GET /images/tours/pq4.jpg responded 404 in 0.5441 ms
2026-04-05 03:09:06.424 +07:00 [INF] HTTP GET /images/tours/pq5.jpg responded 404 in 0.5266 ms
2026-04-05 03:09:06.428 +07:00 [INF] HTTP GET /images/tours/dn2.jpg responded 404 in 0.5369 ms
2026-04-05 03:09:06.443 +07:00 [INF] HTTP GET /images/tours/dn3.jpg responded 404 in 0.5755 ms
2026-04-05 03:09:06.450 +07:00 [INF] HTTP GET /images/tours/dn4.jpg responded 404 in 0.6209 ms
2026-04-05 03:09:06.463 +07:00 [INF] HTTP GET /images/tours/dn5.jpg responded 404 in 0.6042 ms
2026-04-05 03:09:06.473 +07:00 [INF] HTTP GET /images/tours/dl2.jpg responded 404 in 0.6962 ms
2026-04-05 03:09:06.479 +07:00 [INF] HTTP GET /images/tours/dl3.jpg responded 404 in 0.5277 ms
2026-04-05 03:09:06.485 +07:00 [INF] HTTP GET /images/tours/dl4.jpg responded 404 in 0.5100 ms
2026-04-05 03:09:06.491 +07:00 [INF] HTTP GET /images/tours/dl5.jpg responded 404 in 0.5439 ms
2026-04-05 03:09:06.500 +07:00 [INF] HTTP GET /images/tours/sp2.jpg responded 404 in 0.5265 ms
2026-04-05 03:09:06.532 +07:00 [INF] HTTP GET /images/tours/nb1.jpg responded 304 in 0.8642 ms
2026-04-05 03:09:06.512 +07:00 [INF] HTTP GET /images/tours/sp4.jpg responded 404 in 0.5281 ms
2026-04-05 03:09:06.516 +07:00 [INF] HTTP GET /images/tours/sp5.jpg responded 404 in 0.5319 ms
2026-04-05 03:09:06.527 +07:00 [INF] HTTP GET /images/tours/qn2.jpg responded 404 in 0.5563 ms
2026-04-05 03:09:06.507 +07:00 [INF] HTTP GET /images/tours/sp3.jpg responded 404 in 0.5763 ms
2026-04-05 03:09:06.535 +07:00 [INF] HTTP GET /images/tours/nt1.jpg responded 304 in 0.8976 ms
2026-04-05 03:09:06.547 +07:00 [INF] HTTP GET /images/tours/mn1.jpg responded 304 in 7.4771 ms
2026-04-05 03:09:06.551 +07:00 [INF] HTTP GET /images/tours/qn3.jpg responded 404 in 0.5369 ms
2026-04-05 03:09:06.559 +07:00 [INF] HTTP GET /images/tours/qn4.jpg responded 404 in 0.5563 ms
2026-04-05 03:09:06.565 +07:00 [INF] HTTP GET /images/tours/qn5.jpg responded 404 in 0.5167 ms
2026-04-05 03:09:06.568 +07:00 [INF] HTTP GET /images/tours/nb2.jpg responded 404 in 0.4261 ms
2026-04-05 03:09:06.575 +07:00 [INF] HTTP GET /images/tours/nb3.jpg responded 404 in 2.5885 ms
2026-04-05 03:09:06.582 +07:00 [INF] HTTP GET /images/tours/nb4.jpg responded 404 in 0.5374 ms
2026-04-05 03:09:06.586 +07:00 [INF] HTTP GET /images/tours/nb5.jpg responded 404 in 0.5214 ms
2026-04-05 03:09:06.592 +07:00 [INF] HTTP GET /images/tours/hue1.jpg responded 404 in 1.5057 ms
2026-04-05 03:09:06.600 +07:00 [INF] HTTP GET /images/tours/hue2.jpg responded 404 in 0.5957 ms
2026-04-05 03:09:06.608 +07:00 [INF] HTTP GET /images/tours/hue3.jpg responded 404 in 0.5745 ms
2026-04-05 03:09:06.614 +07:00 [INF] HTTP GET /images/tours/hue4.jpg responded 404 in 0.5577 ms
2026-04-05 03:09:06.618 +07:00 [INF] HTTP GET /images/tours/hue5.jpg responded 404 in 0.4535 ms
2026-04-05 03:09:06.624 +07:00 [INF] HTTP GET /images/tours/ha1.jpg responded 404 in 0.5729 ms
2026-04-05 03:09:06.660 +07:00 [INF] HTTP GET /images/tours/nt2.jpg responded 404 in 0.6598 ms
2026-04-05 03:09:06.630 +07:00 [INF] HTTP GET /images/tours/ha2.jpg responded 404 in 0.6029 ms
2026-04-05 03:09:06.636 +07:00 [INF] HTTP GET /images/tours/ha3.jpg responded 404 in 1.1109 ms
2026-04-05 03:09:06.645 +07:00 [INF] HTTP GET /images/tours/ha4.jpg responded 404 in 0.6063 ms
2026-04-05 03:09:06.651 +07:00 [INF] HTTP GET /images/tours/ha5.jpg responded 404 in 0.5905 ms
2026-04-05 03:09:06.665 +07:00 [INF] HTTP GET /images/tours/nt3.jpg responded 404 in 0.8520 ms
2026-04-05 03:09:06.675 +07:00 [INF] HTTP GET /images/tours/nt4.jpg responded 404 in 0.5552 ms
2026-04-05 03:09:06.679 +07:00 [INF] HTTP GET /images/tours/nt5.jpg responded 404 in 0.5384 ms
2026-04-05 03:09:06.686 +07:00 [INF] HTTP GET /images/tours/mn2.jpg responded 404 in 0.6227 ms
2026-04-05 03:09:06.691 +07:00 [INF] HTTP GET /images/tours/mn3.jpg responded 404 in 0.5874 ms
2026-04-05 03:09:06.698 +07:00 [INF] HTTP GET /images/tours/mn4.jpg responded 404 in 4.2504 ms
2026-04-05 03:09:06.706 +07:00 [INF] HTTP GET /images/tours/mn5.jpg responded 404 in 0.5213 ms
2026-04-05 03:09:06.710 +07:00 [INF] HTTP GET /images/tours/hcm1.jpg responded 404 in 0.5204 ms
2026-04-05 03:09:06.716 +07:00 [INF] HTTP GET /images/tours/hcm2.jpg responded 404 in 1.6838 ms
2026-04-05 03:09:06.720 +07:00 [INF] HTTP GET /images/tours/hcm3.jpg responded 404 in 0.5675 ms
2026-04-05 03:09:06.728 +07:00 [INF] HTTP GET /images/tours/hcm4.jpg responded 404 in 0.7455 ms
2026-04-05 03:09:06.732 +07:00 [INF] HTTP GET /images/tours/hcm5.jpg responded 404 in 0.4912 ms
2026-04-05 03:09:06.736 +07:00 [INF] HTTP GET /images/tours/vt1.jpg responded 404 in 0.5112 ms
2026-04-05 03:09:06.740 +07:00 [INF] HTTP GET /images/tours/vt2.jpg responded 404 in 0.4958 ms
2026-04-05 03:09:06.747 +07:00 [INF] HTTP GET /images/tours/vt3.jpg responded 404 in 0.6055 ms
2026-04-05 03:09:06.752 +07:00 [INF] HTTP GET /images/tours/vt4.jpg responded 404 in 0.4842 ms
2026-04-05 03:09:06.755 +07:00 [INF] HTTP GET /images/tours/vt5.jpg responded 404 in 0.5230 ms
2026-04-05 03:09:06.760 +07:00 [INF] HTTP GET /images/tours/ct1.jpg responded 404 in 0.5992 ms
2026-04-05 03:09:06.767 +07:00 [INF] HTTP GET /images/tours/ct2.jpg responded 404 in 1.4220 ms
2026-04-05 03:09:06.772 +07:00 [INF] HTTP GET /images/tours/ct3.jpg responded 404 in 0.9653 ms
2026-04-05 03:09:06.777 +07:00 [INF] HTTP GET /images/tours/ct4.jpg responded 404 in 0.6556 ms
2026-04-05 03:09:06.784 +07:00 [INF] HTTP GET /images/tours/ct5.jpg responded 404 in 0.5493 ms
2026-04-05 03:09:06.794 +07:00 [INF] HTTP GET /images/tours/ag1.jpg responded 404 in 0.5494 ms
2026-04-05 03:09:06.798 +07:00 [INF] HTTP GET /images/tours/ag2.jpg responded 404 in 0.6921 ms
2026-04-05 03:09:06.803 +07:00 [INF] HTTP GET /images/tours/ag3.jpg responded 404 in 0.5227 ms
2026-04-05 03:09:06.806 +07:00 [INF] HTTP GET /images/tours/ag4.jpg responded 404 in 1.1692 ms
2026-04-05 03:09:06.812 +07:00 [INF] HTTP GET /images/tours/ag5.jpg responded 404 in 0.5025 ms
2026-04-05 03:09:06.816 +07:00 [INF] HTTP GET /images/tours/ht1.jpg responded 404 in 0.4958 ms
2026-04-05 03:09:06.821 +07:00 [INF] HTTP GET /images/tours/ht2.jpg responded 404 in 2.5846 ms
2026-04-05 03:09:06.829 +07:00 [INF] HTTP GET /images/tours/ht3.jpg responded 404 in 0.8009 ms
2026-04-05 03:09:06.838 +07:00 [INF] HTTP GET /images/tours/ht4.jpg responded 404 in 0.9609 ms
2026-04-05 03:09:06.845 +07:00 [INF] HTTP GET /images/tours/ht5.jpg responded 404 in 0.9707 ms
2026-04-05 03:11:21.542 +07:00 [INF] HTTP GET /Admin/Tour responded 200 in 101.7884 ms
2026-04-05 03:11:21.583 +07:00 [INF] HTTP GET /css/site.css responded 200 in 11.8977 ms
2026-04-05 03:11:21.584 +07:00 [INF] HTTP GET /images/tours/tl1.jpg responded 404 in 4.8544 ms
2026-04-05 03:11:21.588 +07:00 [INF] HTTP GET /images/tours/tl4.jpg responded 404 in 0.6173 ms
2026-04-05 03:11:21.588 +07:00 [INF] HTTP GET /images/tours/tl2.jpg responded 404 in 0.7054 ms
2026-04-05 03:11:21.590 +07:00 [INF] HTTP GET /images/tours/tl3.jpg responded 404 in 0.8243 ms
2026-04-05 03:11:21.591 +07:00 [INF] HTTP GET /lib/bootstrap/dist/css/bootstrap.min.css responded 200 in 20.9455 ms
2026-04-05 03:11:21.596 +07:00 [INF] HTTP GET /images/tours/tl5.jpg responded 404 in 0.8927 ms
2026-04-05 03:11:21.620 +07:00 [INF] HTTP GET /lib/bootstrap/dist/js/bootstrap.bundle.min.js responded 200 in 3.6847 ms
2026-04-05 03:11:21.629 +07:00 [INF] HTTP GET /images/tours/jp1.jpg responded 404 in 0.6501 ms
2026-04-05 03:11:21.632 +07:00 [INF] HTTP GET /images/tours/jp2.jpg responded 404 in 0.7018 ms
2026-04-05 03:11:21.639 +07:00 [INF] HTTP GET /images/tours/jp3.jpg responded 404 in 3.1485 ms
2026-04-05 03:11:21.653 +07:00 [INF] HTTP GET /lib/jquery/dist/jquery.min.js responded 200 in 2.4811 ms
2026-04-05 03:11:21.669 +07:00 [INF] HTTP GET /images/tours/jp5.jpg responded 404 in 2.9156 ms
2026-04-05 03:11:21.687 +07:00 [INF] HTTP GET /js/site.js responded 200 in 1.8790 ms
2026-04-05 03:11:21.692 +07:00 [INF] HTTP GET /images/tours/kr1.jpg responded 404 in 0.5569 ms
2026-04-05 03:11:21.700 +07:00 [INF] HTTP GET /images/tours/kr3.jpg responded 404 in 0.5501 ms
2026-04-05 03:11:21.703 +07:00 [INF] HTTP GET /images/tours/kr4.jpg responded 404 in 0.5210 ms
2026-04-05 03:11:21.714 +07:00 [INF] HTTP GET /images/tours/jp4.jpg responded 404 in 0.7270 ms
2026-04-05 03:11:21.726 +07:00 [INF] HTTP GET /images/tours/kr5.jpg responded 404 in 0.6975 ms
2026-04-05 03:11:21.726 +07:00 [INF] HTTP GET /images/tours/kr2.jpg responded 404 in 2.4472 ms
2026-04-05 03:11:21.737 +07:00 [INF] HTTP GET /images/tours/sg1.jpg responded 404 in 1.1335 ms
2026-04-05 03:11:21.766 +07:00 [INF] HTTP GET /images/tours/sg2.jpg responded 404 in 0.6387 ms
2026-04-05 03:11:21.779 +07:00 [INF] HTTP GET /images/tours/sg3.jpg responded 404 in 1.7068 ms
2026-04-05 03:11:21.797 +07:00 [INF] HTTP GET /images/tours/sg4.jpg responded 404 in 1.9387 ms
2026-04-05 03:11:21.805 +07:00 [INF] HTTP GET /images/tours/sg5.jpg responded 404 in 0.5635 ms
2026-04-05 03:11:21.819 +07:00 [INF] HTTP GET /images/tours/fr1.jpg responded 404 in 0.9141 ms
2026-04-05 03:11:21.832 +07:00 [INF] HTTP GET /images/tours/fr2.jpg responded 404 in 1.0356 ms
2026-04-05 03:11:21.853 +07:00 [INF] HTTP GET /images/tours/fr3.jpg responded 404 in 5.7943 ms
2026-04-05 03:11:21.867 +07:00 [INF] HTTP GET /images/tours/fr4.jpg responded 404 in 0.5677 ms
2026-04-05 03:11:21.875 +07:00 [INF] HTTP GET /images/tours/fr5.jpg responded 404 in 0.5622 ms
2026-04-05 03:11:21.881 +07:00 [INF] HTTP GET /images/tours/pq1.jpg responded 304 in 0.7049 ms
2026-04-05 03:11:21.890 +07:00 [INF] HTTP GET /images/tours/pq2.jpg responded 404 in 0.5441 ms
2026-04-05 03:11:21.910 +07:00 [INF] HTTP GET /images/tours/pq3.jpg responded 404 in 1.3184 ms
2026-04-05 03:11:21.932 +07:00 [INF] HTTP GET /images/tours/pq4.jpg responded 404 in 11.0501 ms
2026-04-05 03:11:22.053 +07:00 [INF] HTTP GET /images/tours/pq5.jpg responded 404 in 4.2146 ms
2026-04-05 03:11:23.138 +07:00 [INF] HTTP GET /images/tours/dn1.jpg responded 304 in 0.8439 ms
2026-04-05 03:11:23.150 +07:00 [INF] HTTP GET /images/tours/dn2.jpg responded 404 in 1.0546 ms
2026-04-05 03:11:23.167 +07:00 [INF] HTTP GET /images/tours/dn3.jpg responded 404 in 1.1771 ms
2026-04-05 03:11:23.238 +07:00 [INF] HTTP GET /images/tours/dn4.jpg responded 404 in 3.3228 ms
2026-04-05 03:11:23.352 +07:00 [INF] HTTP GET /images/tours/dn5.jpg responded 404 in 0.9456 ms
2026-04-05 03:11:23.379 +07:00 [INF] HTTP GET /images/tours/dl1.jpg responded 304 in 0.8591 ms
2026-04-05 03:11:23.422 +07:00 [INF] HTTP GET /images/tours/dl2.jpg responded 404 in 0.6183 ms
2026-04-05 03:11:23.427 +07:00 [INF] HTTP GET /images/tours/dl3.jpg responded 404 in 1.0567 ms
2026-04-05 03:11:23.440 +07:00 [INF] HTTP GET /images/tours/dl4.jpg responded 404 in 1.4142 ms
2026-04-05 03:11:23.456 +07:00 [INF] HTTP GET /images/tours/dl5.jpg responded 404 in 0.6660 ms
2026-04-05 03:11:23.470 +07:00 [INF] HTTP GET /images/tours/sp1.jpg responded 304 in 0.8202 ms
2026-04-05 03:11:23.479 +07:00 [INF] HTTP GET /images/tours/sp2.jpg responded 404 in 0.6715 ms
2026-04-05 03:11:23.488 +07:00 [INF] HTTP GET /images/tours/sp3.jpg responded 404 in 0.6976 ms
2026-04-05 03:11:23.499 +07:00 [INF] HTTP GET /images/tours/sp4.jpg responded 404 in 0.8920 ms
2026-04-05 03:11:23.509 +07:00 [INF] HTTP GET /images/tours/sp5.jpg responded 404 in 0.6364 ms
2026-04-05 03:11:23.515 +07:00 [INF] HTTP GET /images/tours/qn1.jpg responded 304 in 0.7017 ms
2026-04-05 03:11:23.526 +07:00 [INF] HTTP GET /images/tours/qn2.jpg responded 404 in 0.7144 ms
2026-04-05 03:11:23.550 +07:00 [INF] HTTP GET /images/tours/qn3.jpg responded 404 in 4.6469 ms
2026-04-05 03:11:23.557 +07:00 [INF] HTTP GET /images/tours/qn4.jpg responded 404 in 0.6131 ms
2026-04-05 03:11:23.564 +07:00 [INF] HTTP GET /images/tours/qn5.jpg responded 404 in 2.9978 ms
2026-04-05 03:11:23.570 +07:00 [INF] HTTP GET /images/tours/nb1.jpg responded 304 in 0.7080 ms
2026-04-05 03:11:23.576 +07:00 [INF] HTTP GET /images/tours/nb2.jpg responded 404 in 1.3562 ms
2026-04-05 03:11:23.585 +07:00 [INF] HTTP GET /images/tours/nb3.jpg responded 404 in 0.6572 ms
2026-04-05 03:11:23.589 +07:00 [INF] HTTP GET /images/tours/nb4.jpg responded 404 in 0.5493 ms
2026-04-05 03:11:23.593 +07:00 [INF] HTTP GET /images/tours/nb5.jpg responded 404 in 0.5688 ms
2026-04-05 03:11:23.601 +07:00 [INF] HTTP GET /images/tours/hue1.jpg responded 404 in 1.1829 ms
2026-04-05 03:11:23.609 +07:00 [INF] HTTP GET /images/tours/hue2.jpg responded 404 in 0.7461 ms
2026-04-05 03:11:23.617 +07:00 [INF] HTTP GET /images/tours/hue3.jpg responded 404 in 0.5977 ms
2026-04-05 03:11:23.627 +07:00 [INF] HTTP GET /images/tours/hue4.jpg responded 404 in 0.6208 ms
2026-04-05 03:11:23.633 +07:00 [INF] HTTP GET /images/tours/hue5.jpg responded 404 in 0.5763 ms
2026-04-05 03:11:23.641 +07:00 [INF] HTTP GET /images/tours/ha1.jpg responded 404 in 4.4115 ms
2026-04-05 03:11:23.654 +07:00 [INF] HTTP GET /images/tours/ha2.jpg responded 404 in 1.3824 ms
2026-04-05 03:11:23.669 +07:00 [INF] HTTP GET /images/tours/ha3.jpg responded 404 in 0.8155 ms
2026-04-05 03:11:23.683 +07:00 [INF] HTTP GET /images/tours/ha4.jpg responded 404 in 1.0778 ms
2026-04-05 03:11:23.691 +07:00 [INF] HTTP GET /images/tours/ha5.jpg responded 404 in 0.6436 ms
2026-04-05 03:11:23.698 +07:00 [INF] HTTP GET /images/tours/nt1.jpg responded 304 in 1.0127 ms
2026-04-05 03:11:23.705 +07:00 [INF] HTTP GET /images/tours/nt2.jpg responded 404 in 0.8148 ms
2026-04-05 03:11:23.711 +07:00 [INF] HTTP GET /images/tours/nt3.jpg responded 404 in 0.6742 ms
2026-04-05 03:11:23.717 +07:00 [INF] HTTP GET /images/tours/nt4.jpg responded 404 in 0.6811 ms
2026-04-05 03:11:23.726 +07:00 [INF] HTTP GET /images/tours/nt5.jpg responded 404 in 0.7431 ms
2026-04-05 03:11:23.730 +07:00 [INF] HTTP GET /images/tours/mn1.jpg responded 304 in 1.4917 ms
2026-04-05 03:11:23.753 +07:00 [INF] HTTP GET /images/tours/mn2.jpg responded 404 in 0.7005 ms
2026-04-05 03:11:23.762 +07:00 [INF] HTTP GET /images/tours/mn3.jpg responded 404 in 4.5382 ms
2026-04-05 03:11:23.783 +07:00 [INF] HTTP GET /images/tours/mn4.jpg responded 404 in 0.7849 ms
2026-04-05 03:11:23.795 +07:00 [INF] HTTP GET /images/tours/mn5.jpg responded 404 in 0.6910 ms
2026-04-05 03:11:23.802 +07:00 [INF] HTTP GET /images/tours/hcm1.jpg responded 404 in 0.9955 ms
2026-04-05 03:11:23.811 +07:00 [INF] HTTP GET /images/tours/hcm2.jpg responded 404 in 0.7360 ms
2026-04-05 03:11:23.820 +07:00 [INF] HTTP GET /images/tours/hcm3.jpg responded 404 in 0.6716 ms
2026-04-05 03:11:23.827 +07:00 [INF] HTTP GET /images/tours/hcm4.jpg responded 404 in 0.6813 ms
2026-04-05 03:11:23.837 +07:00 [INF] HTTP GET /images/tours/hcm5.jpg responded 404 in 0.6311 ms
2026-04-05 03:11:23.843 +07:00 [INF] HTTP GET /images/tours/vt1.jpg responded 404 in 0.9702 ms
2026-04-05 03:11:23.856 +07:00 [INF] HTTP GET /images/tours/vt2.jpg responded 404 in 0.7964 ms
2026-04-05 03:11:23.862 +07:00 [INF] HTTP GET /images/tours/vt3.jpg responded 404 in 0.6441 ms
2026-04-05 03:11:23.870 +07:00 [INF] HTTP GET /images/tours/vt4.jpg responded 404 in 0.6481 ms
2026-04-05 03:11:23.876 +07:00 [INF] HTTP GET /images/tours/vt5.jpg responded 404 in 0.6795 ms
2026-04-05 03:11:23.884 +07:00 [INF] HTTP GET /images/tours/ct1.jpg responded 404 in 1.1472 ms
2026-04-05 03:11:23.891 +07:00 [INF] HTTP GET /images/tours/ct2.jpg responded 404 in 1.1362 ms
2026-04-05 03:11:23.898 +07:00 [INF] HTTP GET /images/tours/ct3.jpg responded 404 in 0.5967 ms
2026-04-05 03:11:23.903 +07:00 [INF] HTTP GET /images/tours/ct4.jpg responded 404 in 1.0233 ms
2026-04-05 03:11:23.909 +07:00 [INF] HTTP GET /images/tours/ct5.jpg responded 404 in 0.7500 ms
2026-04-05 03:11:23.915 +07:00 [INF] HTTP GET /images/tours/ag1.jpg responded 404 in 0.6381 ms
2026-04-05 03:11:23.936 +07:00 [INF] HTTP GET /images/tours/ag2.jpg responded 404 in 0.8326 ms
2026-04-05 03:11:24.003 +07:00 [INF] HTTP GET /images/tours/ag3.jpg responded 404 in 0.9777 ms
2026-04-05 03:11:24.431 +07:00 [INF] HTTP GET /images/tours/ag4.jpg responded 404 in 4.9222 ms
2026-04-05 03:11:24.462 +07:00 [INF] HTTP GET /images/tours/ag5.jpg responded 404 in 0.7454 ms
2026-04-05 03:11:24.474 +07:00 [INF] HTTP GET /images/tours/ht1.jpg responded 404 in 0.6879 ms
2026-04-05 03:11:24.491 +07:00 [INF] HTTP GET /images/tours/ht2.jpg responded 404 in 0.7355 ms
2026-04-05 03:11:24.501 +07:00 [INF] HTTP GET /images/tours/ht3.jpg responded 404 in 0.6672 ms
2026-04-05 03:11:24.530 +07:00 [INF] HTTP GET /images/tours/ht4.jpg responded 404 in 3.8561 ms
2026-04-05 03:11:24.560 +07:00 [INF] HTTP GET /images/tours/ht5.jpg responded 404 in 0.7749 ms
2026-04-05 03:11:24.694 +07:00 [INF] HTTP GET /favicon.ico responded 200 in 2.6587 ms
2026-04-05 03:11:51.613 +07:00 [INF] Seed dữ liệu ban đầu thành công
2026-04-05 03:11:51.898 +07:00 [INF] Ứng dụng Tour Du Lịch khởi chạy
2026-04-05 03:11:54.579 +07:00 [WRN] Failed to determine the https port for redirect.
2026-04-05 03:11:59.054 +07:00 [INF] HTTP GET /images/tours/tl2.jpg responded 404 in 57.9856 ms
2026-04-05 03:11:59.053 +07:00 [INF] HTTP GET /images/tours/tl3.jpg responded 404 in 53.8439 ms
2026-04-05 03:11:59.054 +07:00 [INF] HTTP GET /images/tours/tl1.jpg responded 404 in 48.1014 ms
2026-04-05 03:11:59.150 +07:00 [INF] HTTP GET /Admin/Tour responded 200 in 4243.5694 ms
2026-04-05 03:11:59.153 +07:00 [INF] HTTP GET /css/site.css responded 200 in 160.2472 ms
2026-04-05 03:11:59.167 +07:00 [INF] HTTP GET /lib/bootstrap/dist/css/bootstrap.min.css responded 200 in 168.9303 ms
2026-04-05 03:11:59.324 +07:00 [INF] HTTP GET /images/tours/jp1.jpg responded 404 in 35.0699 ms
2026-04-05 03:11:59.324 +07:00 [INF] HTTP GET /images/tours/tl5.jpg responded 404 in 38.0162 ms
2026-04-05 03:11:59.339 +07:00 [INF] HTTP GET /js/site.js responded 200 in 124.9362 ms
2026-04-05 03:11:59.343 +07:00 [INF] HTTP GET /lib/bootstrap/dist/js/bootstrap.bundle.min.js responded 200 in 141.4369 ms
2026-04-05 03:11:59.344 +07:00 [INF] HTTP GET /lib/jquery/dist/jquery.min.js responded 200 in 38.7940 ms
2026-04-05 03:11:59.371 +07:00 [INF] HTTP GET /images/tours/tl4.jpg responded 404 in 7.4454 ms
2026-04-05 03:11:59.385 +07:00 [INF] HTTP GET /images/tours/jp5.jpg responded 404 in 2.8964 ms
2026-04-05 03:11:59.440 +07:00 [INF] HTTP GET /images/tours/kr2.jpg responded 404 in 2.4539 ms
2026-04-05 03:11:59.406 +07:00 [INF] HTTP GET /images/tours/jp4.jpg responded 404 in 1.9184 ms
2026-04-05 03:11:59.416 +07:00 [INF] HTTP GET /images/tours/jp2.jpg responded 404 in 8.5352 ms
2026-04-05 03:11:59.429 +07:00 [INF] HTTP GET /images/tours/jp3.jpg responded 404 in 2.5862 ms
2026-04-05 03:11:59.400 +07:00 [INF] HTTP GET /images/tours/kr1.jpg responded 404 in 5.1511 ms
2026-04-05 03:11:59.451 +07:00 [INF] HTTP GET /images/tours/kr3.jpg responded 404 in 6.7106 ms
2026-04-05 03:11:59.463 +07:00 [INF] HTTP GET /images/tours/kr4.jpg responded 404 in 2.0823 ms
2026-04-05 03:11:59.469 +07:00 [INF] HTTP GET /images/tours/kr5.jpg responded 404 in 1.9756 ms
2026-04-05 03:11:59.484 +07:00 [INF] HTTP GET /images/tours/sg1.jpg responded 404 in 5.5273 ms
2026-04-05 03:11:59.498 +07:00 [INF] HTTP GET /images/tours/sg2.jpg responded 404 in 6.1484 ms
2026-04-05 03:11:59.512 +07:00 [INF] HTTP GET /images/tours/sg3.jpg responded 404 in 2.3204 ms
2026-04-05 03:11:59.529 +07:00 [INF] HTTP GET /images/tours/sg4.jpg responded 404 in 5.0858 ms
2026-04-05 03:11:59.548 +07:00 [INF] HTTP GET /images/tours/sg5.jpg responded 404 in 8.3893 ms
2026-04-05 03:11:59.613 +07:00 [INF] HTTP GET /images/tours/pq1.jpg responded 304 in 34.6613 ms
2026-04-05 03:11:59.630 +07:00 [INF] HTTP GET /images/tours/dn1.jpg responded 304 in 12.0425 ms
2026-04-05 03:11:59.634 +07:00 [INF] HTTP GET /images/tours/dl1.jpg responded 304 in 14.7370 ms
2026-04-05 03:11:59.657 +07:00 [INF] HTTP GET /images/tours/fr1.jpg responded 404 in 12.3441 ms
2026-04-05 03:11:59.669 +07:00 [INF] HTTP GET /images/tours/fr3.jpg responded 404 in 1.6293 ms
2026-04-05 03:11:59.669 +07:00 [INF] HTTP GET /images/tours/fr2.jpg responded 404 in 8.6463 ms
2026-04-05 03:11:59.685 +07:00 [INF] HTTP GET /images/tours/fr4.jpg responded 404 in 4.5780 ms
2026-04-05 03:11:59.699 +07:00 [INF] HTTP GET /images/tours/fr5.jpg responded 404 in 8.7157 ms
2026-04-05 03:11:59.730 +07:00 [INF] HTTP GET /images/tours/pq2.jpg responded 404 in 3.0521 ms
2026-04-05 03:11:59.749 +07:00 [INF] HTTP GET /images/tours/pq3.jpg responded 404 in 2.3832 ms
2026-04-05 03:11:59.781 +07:00 [INF] HTTP GET /images/tours/pq5.jpg responded 404 in 13.7657 ms
2026-04-05 03:11:59.781 +07:00 [INF] HTTP GET /images/tours/pq4.jpg responded 404 in 22.3795 ms
2026-04-05 03:11:59.790 +07:00 [INF] HTTP GET /images/tours/dn2.jpg responded 404 in 2.0060 ms
2026-04-05 03:11:59.808 +07:00 [INF] HTTP GET /images/tours/dn3.jpg responded 404 in 3.1659 ms
2026-04-05 03:11:59.816 +07:00 [INF] HTTP GET /images/tours/dn4.jpg responded 404 in 1.5974 ms
2026-04-05 03:11:59.824 +07:00 [INF] HTTP GET /images/tours/dn5.jpg responded 404 in 4.8752 ms
2026-04-05 03:11:59.837 +07:00 [INF] HTTP GET /images/tours/dl2.jpg responded 404 in 1.7489 ms
2026-04-05 03:11:59.841 +07:00 [INF] HTTP GET /images/tours/dl3.jpg responded 404 in 2.6661 ms
2026-04-05 03:11:59.856 +07:00 [INF] HTTP GET /images/tours/dl4.jpg responded 404 in 1.9645 ms
2026-04-05 03:11:59.873 +07:00 [INF] HTTP GET /images/tours/dl5.jpg responded 404 in 8.0087 ms
2026-04-05 03:11:59.907 +07:00 [INF] HTTP GET /images/tours/sp1.jpg responded 304 in 2.1296 ms
2026-04-05 03:11:59.965 +07:00 [INF] HTTP GET /images/tours/qn1.jpg responded 304 in 21.7612 ms
2026-04-05 03:12:00.047 +07:00 [INF] HTTP GET /images/tours/sp2.jpg responded 404 in 17.7099 ms
2026-04-05 03:12:00.049 +07:00 [INF] HTTP GET /images/tours/nb1.jpg responded 304 in 22.0009 ms
2026-04-05 03:12:00.614 +07:00 [INF] HTTP GET /images/tours/sp3.jpg responded 404 in 2.4941 ms
2026-04-05 03:12:00.638 +07:00 [INF] HTTP GET /images/tours/sp4.jpg responded 404 in 6.1086 ms
2026-04-05 03:12:00.640 +07:00 [INF] HTTP GET /images/tours/sp5.jpg responded 404 in 1.8666 ms
2026-04-05 03:12:00.649 +07:00 [INF] HTTP GET /images/tours/qn2.jpg responded 404 in 1.5324 ms
2026-04-05 03:12:00.660 +07:00 [INF] HTTP GET /images/tours/qn3.jpg responded 404 in 3.0343 ms
2026-04-05 03:12:00.685 +07:00 [INF] HTTP GET /images/tours/qn4.jpg responded 404 in 7.0562 ms
2026-04-05 03:12:00.693 +07:00 [INF] HTTP GET /images/tours/qn5.jpg responded 404 in 1.7264 ms
2026-04-05 03:12:00.714 +07:00 [INF] HTTP GET /images/tours/nb2.jpg responded 404 in 2.5230 ms
2026-04-05 03:12:00.727 +07:00 [INF] HTTP GET /images/tours/nb3.jpg responded 404 in 1.7297 ms
2026-04-05 03:12:00.792 +07:00 [INF] HTTP GET /images/tours/nb4.jpg responded 404 in 3.5173 ms
2026-04-05 03:12:00.813 +07:00 [INF] HTTP GET /images/tours/nb5.jpg responded 404 in 8.4292 ms
2026-04-05 03:12:01.192 +07:00 [INF] HTTP GET /images/tours/hue1.jpg responded 404 in 1.7999 ms
2026-04-05 03:12:01.408 +07:00 [INF] HTTP GET /images/tours/hue2.jpg responded 404 in 14.0368 ms
2026-04-05 03:12:02.251 +07:00 [INF] HTTP GET /images/tours/hue3.jpg responded 404 in 1.5054 ms
2026-04-05 03:12:02.272 +07:00 [INF] HTTP GET /images/tours/hue4.jpg responded 404 in 6.0604 ms
2026-04-05 03:12:02.275 +07:00 [INF] HTTP GET /images/tours/hue5.jpg responded 404 in 1.4392 ms
2026-04-05 03:12:02.296 +07:00 [INF] HTTP GET /images/tours/ha1.jpg responded 404 in 2.2592 ms
2026-04-05 03:12:02.312 +07:00 [INF] HTTP GET /images/tours/nt1.jpg responded 304 in 3.4488 ms
2026-04-05 03:12:02.338 +07:00 [INF] HTTP GET /images/tours/mn1.jpg responded 304 in 8.5833 ms
2026-04-05 03:12:02.368 +07:00 [INF] HTTP GET /images/tours/ha2.jpg responded 404 in 2.4174 ms
2026-04-05 03:12:02.398 +07:00 [INF] HTTP GET /images/tours/ha3.jpg responded 404 in 1.6416 ms
2026-04-05 03:12:02.412 +07:00 [INF] HTTP GET /images/tours/ha4.jpg responded 404 in 5.4952 ms
2026-04-05 03:12:02.428 +07:00 [INF] HTTP GET /images/tours/ha5.jpg responded 404 in 4.7767 ms
2026-04-05 03:12:02.429 +07:00 [INF] HTTP GET /images/tours/nt2.jpg responded 404 in 1.2707 ms
2026-04-05 03:12:02.443 +07:00 [INF] HTTP GET /images/tours/nt3.jpg responded 404 in 2.1085 ms
2026-04-05 03:12:02.462 +07:00 [INF] HTTP GET /images/tours/nt4.jpg responded 404 in 8.6617 ms
2026-04-05 03:12:02.480 +07:00 [INF] HTTP GET /images/tours/nt5.jpg responded 404 in 1.7822 ms
2026-04-05 03:12:02.496 +07:00 [INF] HTTP GET /images/tours/mn2.jpg responded 404 in 6.3409 ms
2026-04-05 03:12:02.522 +07:00 [INF] HTTP GET /images/tours/mn3.jpg responded 404 in 6.3817 ms
2026-04-05 03:12:02.546 +07:00 [INF] HTTP GET /images/tours/mn4.jpg responded 404 in 7.0598 ms
2026-04-05 03:12:02.563 +07:00 [INF] HTTP GET /images/tours/mn5.jpg responded 404 in 5.1184 ms
2026-04-05 03:12:02.574 +07:00 [INF] HTTP GET /images/tours/hcm1.jpg responded 404 in 1.7803 ms
2026-04-05 03:12:02.593 +07:00 [INF] HTTP GET /images/tours/hcm2.jpg responded 404 in 1.4287 ms
2026-04-05 03:12:02.607 +07:00 [INF] HTTP GET /images/tours/hcm3.jpg responded 404 in 1.5328 ms
2026-04-05 03:12:02.621 +07:00 [INF] HTTP GET /images/tours/hcm4.jpg responded 404 in 1.4948 ms
2026-04-05 03:12:02.637 +07:00 [INF] HTTP GET /images/tours/hcm5.jpg responded 404 in 1.5556 ms
2026-04-05 03:12:02.649 +07:00 [INF] HTTP GET /images/tours/vt1.jpg responded 404 in 5.2786 ms
2026-04-05 03:12:02.664 +07:00 [INF] HTTP GET /images/tours/vt2.jpg responded 404 in 5.1468 ms
2026-04-05 03:12:02.680 +07:00 [INF] HTTP GET /images/tours/vt3.jpg responded 404 in 3.6086 ms
2026-04-05 03:12:02.690 +07:00 [INF] HTTP GET /images/tours/vt4.jpg responded 404 in 1.6033 ms
2026-04-05 03:12:02.740 +07:00 [INF] HTTP GET /images/tours/vt5.jpg responded 404 in 1.4238 ms
2026-04-05 03:12:02.775 +07:00 [INF] HTTP GET /images/tours/ct1.jpg responded 404 in 9.7932 ms
2026-04-05 03:12:02.788 +07:00 [INF] HTTP GET /images/tours/ct2.jpg responded 404 in 1.9807 ms
2026-04-05 03:12:02.801 +07:00 [INF] HTTP GET /images/tours/ct3.jpg responded 404 in 1.4922 ms
2026-04-05 03:12:02.821 +07:00 [INF] HTTP GET /images/tours/ct4.jpg responded 404 in 1.7993 ms
2026-04-05 03:12:02.858 +07:00 [INF] HTTP GET /images/tours/ct5.jpg responded 404 in 1.5439 ms
2026-04-05 03:12:02.869 +07:00 [INF] HTTP GET /images/tours/ag1.jpg responded 404 in 3.5415 ms
2026-04-05 03:12:02.892 +07:00 [INF] HTTP GET /images/tours/ag2.jpg responded 404 in 2.2513 ms
2026-04-05 03:12:02.912 +07:00 [INF] HTTP GET /images/tours/ag3.jpg responded 404 in 2.8275 ms
2026-04-05 03:12:02.920 +07:00 [INF] HTTP GET /images/tours/ag4.jpg responded 404 in 1.8110 ms
2026-04-05 03:12:02.948 +07:00 [INF] HTTP GET /images/tours/ag5.jpg responded 404 in 5.0435 ms
2026-04-05 03:12:03.106 +07:00 [INF] HTTP GET /images/tours/ht1.jpg responded 404 in 30.4156 ms
2026-04-05 03:12:03.755 +07:00 [INF] HTTP GET /images/tours/ht2.jpg responded 404 in 3.5052 ms
2026-04-05 03:12:03.758 +07:00 [INF] HTTP GET /images/tours/ht3.jpg responded 404 in 1.5858 ms
2026-04-05 03:12:03.768 +07:00 [INF] HTTP GET /images/tours/ht4.jpg responded 404 in 1.8169 ms
2026-04-05 03:12:03.777 +07:00 [INF] HTTP GET /images/tours/ht5.jpg responded 404 in 2.2696 ms
2026-04-05 03:12:03.908 +07:00 [INF] HTTP GET /favicon.ico responded 200 in 7.4014 ms
2026-04-05 03:12:06.904 +07:00 [INF] HTTP GET /Admin/Tour responded 200 in 356.3608 ms
2026-04-05 03:12:06.937 +07:00 [INF] HTTP GET /images/tours/tl1.jpg responded 404 in 5.3952 ms
2026-04-05 03:12:06.938 +07:00 [INF] HTTP GET /images/tours/tl2.jpg responded 404 in 6.3396 ms
2026-04-05 03:12:06.940 +07:00 [INF] HTTP GET /images/tours/tl3.jpg responded 404 in 2.7995 ms
2026-04-05 03:12:06.942 +07:00 [INF] HTTP GET /images/tours/tl4.jpg responded 404 in 2.5277 ms
2026-04-05 03:12:06.944 +07:00 [INF] HTTP GET /lib/bootstrap/dist/css/bootstrap.min.css responded 200 in 14.2910 ms
2026-04-05 03:12:06.944 +07:00 [INF] HTTP GET /css/site.css responded 200 in 9.4382 ms
2026-04-05 03:12:06.973 +07:00 [INF] HTTP GET /images/tours/jp1.jpg responded 404 in 1.7176 ms
2026-04-05 03:12:06.975 +07:00 [INF] HTTP GET /js/site.js responded 200 in 4.8428 ms
2026-04-05 03:12:06.990 +07:00 [INF] HTTP GET /images/tours/jp3.jpg responded 404 in 2.9136 ms
2026-04-05 03:12:07.012 +07:00 [INF] HTTP GET /images/tours/tl5.jpg responded 404 in 6.8137 ms
2026-04-05 03:12:07.021 +07:00 [INF] HTTP GET /lib/jquery/dist/jquery.min.js responded 200 in 9.4850 ms
2026-04-05 03:12:07.053 +07:00 [INF] HTTP GET /images/tours/jp5.jpg responded 404 in 14.6871 ms
2026-04-05 03:12:07.432 +07:00 [INF] HTTP GET /images/tours/jp2.jpg responded 404 in 27.0312 ms
2026-04-05 03:12:07.509 +07:00 [INF] HTTP GET /images/tours/kr1.jpg responded 404 in 12.3685 ms
2026-04-05 03:12:07.670 +07:00 [INF] HTTP GET /lib/bootstrap/dist/js/bootstrap.bundle.min.js responded 200 in 16.1636 ms
2026-04-05 03:12:07.727 +07:00 [INF] HTTP GET /images/tours/kr3.jpg responded 404 in 4.9346 ms
2026-04-05 03:12:07.785 +07:00 [INF] HTTP GET /images/tours/jp4.jpg responded 404 in 5.7653 ms
2026-04-05 03:12:07.806 +07:00 [INF] HTTP GET /images/tours/kr4.jpg responded 404 in 5.2212 ms
2026-04-05 03:12:07.882 +07:00 [INF] HTTP GET /images/tours/kr5.jpg responded 404 in 1.5919 ms
2026-04-05 03:12:07.946 +07:00 [INF] HTTP GET /images/tours/sg1.jpg responded 404 in 16.4619 ms
2026-04-05 03:12:08.003 +07:00 [INF] HTTP GET /images/tours/kr2.jpg responded 404 in 13.2840 ms
2026-04-05 03:12:08.067 +07:00 [INF] HTTP GET /images/tours/sg2.jpg responded 404 in 4.7514 ms
2026-04-05 03:12:08.096 +07:00 [INF] HTTP GET /images/tours/sg3.jpg responded 404 in 5.9032 ms
2026-04-05 03:12:08.096 +07:00 [INF] HTTP GET /images/tours/sg4.jpg responded 404 in 1.7894 ms
2026-04-05 03:12:08.112 +07:00 [INF] HTTP GET /images/tours/sg5.jpg responded 404 in 3.0890 ms
2026-04-05 03:12:08.131 +07:00 [INF] HTTP GET /images/tours/fr1.jpg responded 404 in 3.1232 ms
2026-04-05 03:12:08.148 +07:00 [INF] HTTP GET /images/tours/fr2.jpg responded 404 in 10.9602 ms
2026-04-05 03:12:08.180 +07:00 [INF] HTTP GET /images/tours/fr3.jpg responded 404 in 3.0301 ms
2026-04-05 03:12:08.199 +07:00 [INF] HTTP GET /images/tours/fr4.jpg responded 404 in 10.3159 ms
2026-04-05 03:12:08.202 +07:00 [INF] HTTP GET /images/tours/fr5.jpg responded 404 in 2.5893 ms
2026-04-05 03:12:08.213 +07:00 [INF] HTTP GET /images/tours/pq1.jpg responded 304 in 2.9650 ms
2026-04-05 03:12:08.215 +07:00 [INF] HTTP GET /images/tours/pq2.jpg responded 404 in 1.6521 ms
2026-04-05 03:12:08.230 +07:00 [INF] HTTP GET /images/tours/pq3.jpg responded 404 in 3.9440 ms
2026-04-05 03:12:08.242 +07:00 [INF] HTTP GET /images/tours/pq4.jpg responded 404 in 6.6934 ms
2026-04-05 03:12:08.246 +07:00 [INF] HTTP GET /images/tours/pq5.jpg responded 404 in 2.5160 ms
2026-04-05 03:12:08.258 +07:00 [INF] HTTP GET /images/tours/dn1.jpg responded 304 in 2.6053 ms
2026-04-05 03:12:08.265 +07:00 [INF] HTTP GET /images/tours/dn2.jpg responded 404 in 1.9474 ms
2026-04-05 03:12:08.274 +07:00 [INF] HTTP GET /images/tours/dn3.jpg responded 404 in 3.1678 ms
2026-04-05 03:12:08.282 +07:00 [INF] HTTP GET /images/tours/dn4.jpg responded 404 in 4.6643 ms
2026-04-05 03:12:08.304 +07:00 [INF] HTTP GET /images/tours/dn5.jpg responded 404 in 5.1170 ms
2026-04-05 03:12:08.317 +07:00 [INF] HTTP GET /images/tours/dl1.jpg responded 304 in 5.1592 ms
2026-04-05 03:12:08.326 +07:00 [INF] HTTP GET /images/tours/dl2.jpg responded 404 in 2.9129 ms
2026-04-05 03:12:08.354 +07:00 [INF] HTTP GET /images/tours/dl3.jpg responded 404 in 11.6856 ms
2026-04-05 03:12:08.355 +07:00 [INF] HTTP GET /images/tours/dl4.jpg responded 404 in 5.0879 ms
2026-04-05 03:12:08.368 +07:00 [INF] HTTP GET /images/tours/dl5.jpg responded 404 in 3.0654 ms
2026-04-05 03:12:08.383 +07:00 [INF] HTTP GET /images/tours/sp1.jpg responded 304 in 6.9067 ms
2026-04-05 03:12:08.395 +07:00 [INF] HTTP GET /images/tours/sp2.jpg responded 404 in 2.3860 ms
2026-04-05 03:12:08.412 +07:00 [INF] HTTP GET /images/tours/sp3.jpg responded 404 in 5.4614 ms
2026-04-05 03:12:08.433 +07:00 [INF] HTTP GET /images/tours/sp4.jpg responded 404 in 2.9605 ms
2026-04-05 03:12:08.459 +07:00 [INF] HTTP GET /images/tours/sp5.jpg responded 404 in 5.8798 ms
2026-04-05 03:12:08.479 +07:00 [INF] HTTP GET /images/tours/qn1.jpg responded 304 in 2.4006 ms
2026-04-05 03:12:08.493 +07:00 [INF] HTTP GET /images/tours/qn2.jpg responded 404 in 8.8214 ms
2026-04-05 03:12:08.521 +07:00 [INF] HTTP GET /images/tours/qn3.jpg responded 404 in 10.0095 ms
2026-04-05 03:12:08.542 +07:00 [INF] HTTP GET /images/tours/qn4.jpg responded 404 in 5.8010 ms
2026-04-05 03:12:08.561 +07:00 [INF] HTTP GET /images/tours/qn5.jpg responded 404 in 13.0452 ms
2026-04-05 03:12:08.567 +07:00 [INF] HTTP GET /images/tours/nb1.jpg responded 304 in 3.6816 ms
2026-04-05 03:12:08.587 +07:00 [INF] HTTP GET /images/tours/nb2.jpg responded 404 in 7.4643 ms
2026-04-05 03:12:08.626 +07:00 [INF] HTTP GET /images/tours/nb3.jpg responded 404 in 3.3258 ms
2026-04-05 03:12:09.415 +07:00 [INF] HTTP GET /images/tours/hue3.jpg responded 404 in 1.6663 ms
2026-04-05 03:12:09.104 +07:00 [INF] HTTP GET /images/tours/nb5.jpg responded 404 in 20.8452 ms
2026-04-05 03:12:09.199 +07:00 [INF] HTTP GET /images/tours/hue1.jpg responded 404 in 1.6957 ms
2026-04-05 03:12:09.403 +07:00 [INF] HTTP GET /images/tours/hue2.jpg responded 404 in 2.2732 ms
2026-04-05 03:12:09.054 +07:00 [INF] HTTP GET /images/tours/nb4.jpg responded 404 in 1.7175 ms
2026-04-05 03:12:09.426 +07:00 [INF] HTTP GET /images/tours/hue4.jpg responded 404 in 4.3682 ms
2026-04-05 03:12:09.436 +07:00 [INF] HTTP GET /images/tours/hue5.jpg responded 404 in 1.6080 ms
2026-04-05 03:12:09.446 +07:00 [INF] HTTP GET /images/tours/ha1.jpg responded 404 in 2.7471 ms
2026-04-05 03:12:09.462 +07:00 [INF] HTTP GET /images/tours/ha2.jpg responded 404 in 8.2016 ms
2026-04-05 03:12:09.464 +07:00 [INF] HTTP GET /images/tours/ha3.jpg responded 404 in 6.5981 ms
2026-04-05 03:12:09.477 +07:00 [INF] HTTP GET /images/tours/ha4.jpg responded 404 in 2.6807 ms
2026-04-05 03:12:09.494 +07:00 [INF] HTTP GET /images/tours/ha5.jpg responded 404 in 3.2989 ms
2026-04-05 03:12:09.500 +07:00 [INF] HTTP GET /images/tours/nt1.jpg responded 304 in 2.0907 ms
2026-04-05 03:12:09.514 +07:00 [INF] HTTP GET /images/tours/nt2.jpg responded 404 in 10.4824 ms
2026-04-05 03:12:09.521 +07:00 [INF] HTTP GET /images/tours/nt3.jpg responded 404 in 2.3337 ms
2026-04-05 03:12:09.528 +07:00 [INF] HTTP GET /images/tours/nt4.jpg responded 404 in 1.9085 ms
2026-04-05 03:12:09.538 +07:00 [INF] HTTP GET /images/tours/nt5.jpg responded 404 in 3.1821 ms
2026-04-05 03:12:09.547 +07:00 [INF] HTTP GET /images/tours/mn1.jpg responded 304 in 2.7187 ms
2026-04-05 03:12:09.558 +07:00 [INF] HTTP GET /images/tours/mn2.jpg responded 404 in 2.1398 ms
2026-04-05 03:12:09.575 +07:00 [INF] HTTP GET /images/tours/mn3.jpg responded 404 in 6.4892 ms
2026-04-05 03:12:09.589 +07:00 [INF] HTTP GET /images/tours/mn4.jpg responded 404 in 4.1805 ms
2026-04-05 03:12:09.601 +07:00 [INF] HTTP GET /images/tours/mn5.jpg responded 404 in 4.2368 ms
2026-04-05 03:12:09.616 +07:00 [INF] HTTP GET /images/tours/hcm1.jpg responded 404 in 4.1543 ms
2026-04-05 03:12:09.628 +07:00 [INF] HTTP GET /images/tours/hcm2.jpg responded 404 in 4.5425 ms
2026-04-05 03:12:09.648 +07:00 [INF] HTTP GET /images/tours/hcm3.jpg responded 404 in 5.8306 ms
2026-04-05 03:12:09.665 +07:00 [INF] HTTP GET /images/tours/hcm4.jpg responded 404 in 3.1757 ms
2026-04-05 03:12:09.682 +07:00 [INF] HTTP GET /images/tours/hcm5.jpg responded 404 in 7.6764 ms
2026-04-05 03:12:09.709 +07:00 [INF] HTTP GET /images/tours/vt1.jpg responded 404 in 7.6518 ms
2026-04-05 03:12:09.728 +07:00 [INF] HTTP GET /images/tours/vt2.jpg responded 404 in 1.7984 ms
2026-04-05 03:12:09.759 +07:00 [INF] HTTP GET /images/tours/vt3.jpg responded 404 in 9.5555 ms
2026-04-05 03:12:09.775 +07:00 [INF] HTTP GET /images/tours/vt4.jpg responded 404 in 1.8093 ms
2026-04-05 03:12:09.802 +07:00 [INF] HTTP GET /images/tours/vt5.jpg responded 404 in 7.8939 ms
2026-04-05 03:12:09.838 +07:00 [INF] HTTP GET /images/tours/ct1.jpg responded 404 in 9.3940 ms
2026-04-05 03:12:09.860 +07:00 [INF] HTTP GET /images/tours/ct2.jpg responded 404 in 3.5644 ms
2026-04-05 03:12:09.871 +07:00 [INF] HTTP GET /images/tours/ct3.jpg responded 404 in 7.3008 ms
2026-04-05 03:12:09.885 +07:00 [INF] HTTP GET /images/tours/ct4.jpg responded 404 in 3.4146 ms
2026-04-05 03:12:09.895 +07:00 [INF] HTTP GET /images/tours/ct5.jpg responded 404 in 2.3985 ms
2026-04-05 03:12:09.906 +07:00 [INF] HTTP GET /images/tours/ag1.jpg responded 404 in 3.6488 ms
2026-04-05 03:12:09.914 +07:00 [INF] HTTP GET /images/tours/ag2.jpg responded 404 in 6.7247 ms
2026-04-05 03:12:09.923 +07:00 [INF] HTTP GET /images/tours/ag3.jpg responded 404 in 3.1469 ms
2026-04-05 03:12:09.931 +07:00 [INF] HTTP GET /images/tours/ag4.jpg responded 404 in 2.6132 ms
2026-04-05 03:12:09.945 +07:00 [INF] HTTP GET /images/tours/ag5.jpg responded 404 in 6.2259 ms
2026-04-05 03:12:09.964 +07:00 [INF] HTTP GET /images/tours/ht1.jpg responded 404 in 8.1994 ms
2026-04-05 03:12:10.012 +07:00 [INF] HTTP GET /images/tours/ht2.jpg responded 404 in 5.4681 ms
2026-04-05 03:12:10.061 +07:00 [INF] HTTP GET /images/tours/ht3.jpg responded 404 in 4.5347 ms
2026-04-05 03:12:10.088 +07:00 [INF] HTTP GET /images/tours/ht4.jpg responded 404 in 1.8021 ms
2026-04-05 03:12:10.115 +07:00 [INF] HTTP GET /images/tours/ht5.jpg responded 404 in 6.9404 ms
2026-04-05 03:12:12.197 +07:00 [INF] HTTP GET /Admin/Tour responded 200 in 298.4415 ms
2026-04-05 03:12:12.222 +07:00 [INF] HTTP GET /css/site.css responded 200 in 7.4098 ms
2026-04-05 03:12:12.226 +07:00 [INF] HTTP GET /lib/jquery/dist/jquery.min.js responded 200 in 10.9834 ms
2026-04-05 03:12:12.226 +07:00 [INF] HTTP GET /js/site.js responded 200 in 7.5828 ms
2026-04-05 03:12:12.232 +07:00 [INF] HTTP GET /lib/bootstrap/dist/js/bootstrap.bundle.min.js responded 200 in 15.5482 ms
2026-04-05 03:12:12.235 +07:00 [INF] HTTP GET /lib/bootstrap/dist/css/bootstrap.min.css responded 200 in 20.0911 ms
2026-04-05 03:12:13.598 +07:00 [INF] HTTP GET /Admin/Tour responded 200 in 309.4778 ms
2026-04-05 03:12:13.614 +07:00 [INF] HTTP GET /images/tours/tl1.jpg responded 404 in 1.6590 ms
2026-04-05 03:12:13.615 +07:00 [INF] HTTP GET /images/tours/tl2.jpg responded 404 in 1.2747 ms
2026-04-05 03:12:13.616 +07:00 [INF] HTTP GET /css/site.css responded 200 in 3.6959 ms
2026-04-05 03:12:13.619 +07:00 [INF] HTTP GET /lib/bootstrap/dist/css/bootstrap.min.css responded 200 in 6.0993 ms
2026-04-05 03:12:13.635 +07:00 [INF] HTTP GET /images/tours/tl4.jpg responded 404 in 6.6840 ms
2026-04-05 03:12:13.636 +07:00 [INF] HTTP GET /images/tours/tl5.jpg responded 404 in 6.4270 ms
2026-04-05 03:12:13.674 +07:00 [INF] HTTP GET /lib/bootstrap/dist/js/bootstrap.bundle.min.js responded 200 in 21.1788 ms
2026-04-05 03:12:13.689 +07:00 [INF] HTTP GET /images/tours/jp1.jpg responded 404 in 7.2046 ms
2026-04-05 03:12:13.701 +07:00 [INF] HTTP GET /images/tours/tl3.jpg responded 404 in 1.9190 ms
2026-04-05 03:12:13.726 +07:00 [INF] HTTP GET /lib/jquery/dist/jquery.min.js responded 200 in 7.4885 ms
2026-04-05 03:12:13.731 +07:00 [INF] HTTP GET /images/tours/jp2.jpg responded 404 in 1.6548 ms
2026-04-05 03:12:13.741 +07:00 [INF] HTTP GET /images/tours/jp4.jpg responded 404 in 1.4634 ms
2026-04-05 03:12:13.752 +07:00 [INF] HTTP GET /js/site.js responded 200 in 5.3119 ms
2026-04-05 03:12:13.761 +07:00 [INF] HTTP GET /images/tours/kr1.jpg responded 404 in 1.5493 ms
2026-04-05 03:12:13.776 +07:00 [INF] HTTP GET /images/tours/kr2.jpg responded 404 in 3.3297 ms
2026-04-05 03:12:13.779 +07:00 [INF] HTTP GET /images/tours/jp3.jpg responded 404 in 2.0314 ms
2026-04-05 03:12:13.787 +07:00 [INF] HTTP GET /images/tours/kr3.jpg responded 404 in 1.7298 ms
2026-04-05 03:12:13.792 +07:00 [INF] HTTP GET /images/tours/kr4.jpg responded 404 in 1.7443 ms
2026-04-05 03:12:13.797 +07:00 [INF] HTTP GET /images/tours/jp5.jpg responded 404 in 3.3837 ms
2026-04-05 03:12:13.806 +07:00 [INF] HTTP GET /images/tours/kr5.jpg responded 404 in 2.2611 ms
2026-04-05 03:12:13.848 +07:00 [INF] HTTP GET /images/tours/sg5.jpg responded 404 in 1.4771 ms
2026-04-05 03:12:13.823 +07:00 [INF] HTTP GET /images/tours/sg2.jpg responded 404 in 1.6059 ms
2026-04-05 03:12:13.834 +07:00 [INF] HTTP GET /images/tours/sg3.jpg responded 404 in 3.9347 ms
2026-04-05 03:12:13.876 +07:00 [INF] HTTP GET /images/tours/fr3.jpg responded 404 in 1.4418 ms
2026-04-05 03:12:13.817 +07:00 [INF] HTTP GET /images/tours/sg1.jpg responded 404 in 1.7147 ms
2026-04-05 03:12:13.856 +07:00 [INF] HTTP GET /images/tours/fr1.jpg responded 404 in 4.5560 ms
2026-04-05 03:12:13.867 +07:00 [INF] HTTP GET /images/tours/fr2.jpg responded 404 in 2.9635 ms
2026-04-05 03:12:13.839 +07:00 [INF] HTTP GET /images/tours/sg4.jpg responded 404 in 5.2904 ms
2026-04-05 03:12:13.880 +07:00 [INF] HTTP GET /images/tours/fr4.jpg responded 404 in 1.4960 ms
2026-04-05 03:12:13.885 +07:00 [INF] HTTP GET /images/tours/fr5.jpg responded 404 in 1.3995 ms
2026-04-05 03:12:13.894 +07:00 [INF] HTTP GET /images/tours/pq1.jpg responded 304 in 4.6647 ms
2026-04-05 03:12:13.930 +07:00 [INF] HTTP GET /images/tours/dn1.jpg responded 304 in 1.9229 ms
2026-04-05 03:12:13.909 +07:00 [INF] HTTP GET /images/tours/pq3.jpg responded 404 in 2.8940 ms
2026-04-05 03:12:13.912 +07:00 [INF] HTTP GET /images/tours/pq4.jpg responded 404 in 1.2690 ms
2026-04-05 03:12:13.922 +07:00 [INF] HTTP GET /images/tours/pq5.jpg responded 404 in 7.0311 ms
2026-04-05 03:12:13.904 +07:00 [INF] HTTP GET /images/tours/pq2.jpg responded 404 in 1.6088 ms
2026-04-05 03:12:13.941 +07:00 [INF] HTTP GET /images/tours/dn2.jpg responded 404 in 2.6796 ms
2026-04-05 03:12:15.101 +07:00 [INF] HTTP GET /images/tours/dn3.jpg responded 404 in 12.3783 ms
2026-04-05 03:12:15.139 +07:00 [INF] HTTP GET /images/tours/dn4.jpg responded 404 in 2.8042 ms
2026-04-05 03:12:15.151 +07:00 [INF] HTTP GET /images/tours/dn5.jpg responded 404 in 1.5792 ms
2026-04-05 03:12:15.163 +07:00 [INF] HTTP GET /images/tours/dl1.jpg responded 304 in 2.0092 ms
2026-04-05 03:12:15.173 +07:00 [INF] HTTP GET /images/tours/dl2.jpg responded 404 in 1.6109 ms
2026-04-05 03:12:15.181 +07:00 [INF] HTTP GET /images/tours/dl3.jpg responded 404 in 1.9094 ms
2026-04-05 03:12:15.200 +07:00 [INF] HTTP GET /images/tours/dl4.jpg responded 404 in 2.2199 ms
2026-04-05 03:12:15.212 +07:00 [INF] HTTP GET /images/tours/dl5.jpg responded 404 in 4.6532 ms
2026-04-05 03:12:15.227 +07:00 [INF] HTTP GET /images/tours/sp1.jpg responded 304 in 1.7989 ms
2026-04-05 03:12:15.242 +07:00 [INF] HTTP GET /images/tours/sp2.jpg responded 404 in 4.9127 ms
2026-04-05 03:12:15.255 +07:00 [INF] HTTP GET /images/tours/sp3.jpg responded 404 in 4.0714 ms
2026-04-05 03:12:15.268 +07:00 [INF] HTTP GET /images/tours/sp4.jpg responded 404 in 2.3872 ms
2026-04-05 03:12:15.281 +07:00 [INF] HTTP GET /images/tours/sp5.jpg responded 404 in 1.6375 ms
2026-04-05 03:12:15.291 +07:00 [INF] HTTP GET /images/tours/qn1.jpg responded 304 in 2.5973 ms
2026-04-05 03:12:15.303 +07:00 [INF] HTTP GET /images/tours/qn2.jpg responded 404 in 1.8183 ms
2026-04-05 03:12:15.306 +07:00 [INF] HTTP GET /images/tours/qn3.jpg responded 404 in 1.3328 ms
2026-04-05 03:12:15.314 +07:00 [INF] HTTP GET /images/tours/qn4.jpg responded 404 in 2.4575 ms
2026-04-05 03:12:15.328 +07:00 [INF] HTTP GET /images/tours/qn5.jpg responded 404 in 1.4525 ms
2026-04-05 03:12:15.336 +07:00 [INF] HTTP GET /images/tours/nb1.jpg responded 304 in 1.6715 ms
2026-04-05 03:12:15.343 +07:00 [INF] HTTP GET /images/tours/nb2.jpg responded 404 in 3.2295 ms
2026-04-05 03:12:15.359 +07:00 [INF] HTTP GET /images/tours/nb3.jpg responded 404 in 3.3785 ms
2026-04-05 03:12:15.371 +07:00 [INF] HTTP GET /images/tours/nb4.jpg responded 404 in 3.7414 ms
2026-04-05 03:12:15.385 +07:00 [INF] HTTP GET /images/tours/nb5.jpg responded 404 in 1.5408 ms
2026-04-05 03:12:15.390 +07:00 [INF] HTTP GET /images/tours/hue1.jpg responded 404 in 1.3071 ms
2026-04-05 03:12:15.401 +07:00 [INF] HTTP GET /images/tours/hue2.jpg responded 404 in 1.7160 ms
2026-04-05 03:12:15.419 +07:00 [INF] HTTP GET /images/tours/hue3.jpg responded 404 in 2.6319 ms
2026-04-05 03:12:15.430 +07:00 [INF] HTTP GET /images/tours/hue4.jpg responded 404 in 2.1883 ms
2026-04-05 03:12:15.471 +07:00 [INF] HTTP GET /images/tours/hue5.jpg responded 404 in 7.4989 ms
2026-04-05 03:12:15.493 +07:00 [INF] HTTP GET /images/tours/ha1.jpg responded 404 in 1.9417 ms
2026-04-05 03:12:15.513 +07:00 [INF] HTTP GET /images/tours/ha2.jpg responded 404 in 7.8758 ms
2026-04-05 03:12:15.523 +07:00 [INF] HTTP GET /images/tours/ha3.jpg responded 404 in 1.7131 ms
2026-04-05 03:12:15.544 +07:00 [INF] HTTP GET /images/tours/ha4.jpg responded 404 in 1.2992 ms
2026-04-05 03:12:15.569 +07:00 [INF] HTTP GET /images/tours/ha5.jpg responded 404 in 11.1972 ms
2026-04-05 03:12:15.603 +07:00 [INF] HTTP GET /images/tours/nt1.jpg responded 304 in 8.3125 ms
2026-04-05 03:12:15.618 +07:00 [INF] HTTP GET /images/tours/nt2.jpg responded 404 in 2.5587 ms
2026-04-05 03:12:15.634 +07:00 [INF] HTTP GET /images/tours/nt3.jpg responded 404 in 1.3078 ms
2026-04-05 03:12:15.644 +07:00 [INF] HTTP GET /images/tours/nt4.jpg responded 404 in 2.5136 ms
2026-04-05 03:12:15.654 +07:00 [INF] HTTP GET /images/tours/nt5.jpg responded 404 in 4.4973 ms
2026-04-05 03:12:15.670 +07:00 [INF] HTTP GET /images/tours/mn1.jpg responded 304 in 1.6988 ms
2026-04-05 03:12:15.685 +07:00 [INF] HTTP GET /images/tours/mn2.jpg responded 404 in 1.5255 ms
2026-04-05 03:12:15.690 +07:00 [INF] HTTP GET /images/tours/mn3.jpg responded 404 in 1.6978 ms
2026-04-05 03:12:15.697 +07:00 [INF] HTTP GET /images/tours/mn4.jpg responded 404 in 1.4915 ms
2026-04-05 03:12:15.704 +07:00 [INF] HTTP GET /images/tours/mn5.jpg responded 404 in 1.4152 ms
2026-04-05 03:12:15.712 +07:00 [INF] HTTP GET /images/tours/hcm1.jpg responded 404 in 1.3328 ms
2026-04-05 03:12:15.717 +07:00 [INF] HTTP GET /images/tours/hcm2.jpg responded 404 in 1.5263 ms
2026-04-05 03:12:15.726 +07:00 [INF] HTTP GET /images/tours/hcm3.jpg responded 404 in 1.9919 ms
2026-04-05 03:12:15.732 +07:00 [INF] HTTP GET /images/tours/hcm4.jpg responded 404 in 1.3373 ms
2026-04-05 03:12:15.738 +07:00 [INF] HTTP GET /images/tours/hcm5.jpg responded 404 in 2.5996 ms
2026-04-05 03:12:15.744 +07:00 [INF] HTTP GET /images/tours/vt1.jpg responded 404 in 1.2503 ms
2026-04-05 03:12:15.754 +07:00 [INF] HTTP GET /images/tours/vt2.jpg responded 404 in 2.3013 ms
2026-04-05 03:12:15.756 +07:00 [INF] HTTP GET /images/tours/vt3.jpg responded 404 in 1.9191 ms
2026-04-05 03:12:15.764 +07:00 [INF] HTTP GET /images/tours/vt4.jpg responded 404 in 1.2856 ms
2026-04-05 03:12:15.769 +07:00 [INF] HTTP GET /images/tours/vt5.jpg responded 404 in 1.8031 ms
2026-04-05 03:12:15.778 +07:00 [INF] HTTP GET /images/tours/ct1.jpg responded 404 in 4.7067 ms
2026-04-05 03:12:15.787 +07:00 [INF] HTTP GET /images/tours/ct2.jpg responded 404 in 2.0749 ms
2026-04-05 03:12:15.794 +07:00 [INF] HTTP GET /images/tours/ct3.jpg responded 404 in 1.3527 ms
2026-04-05 03:12:15.802 +07:00 [INF] HTTP GET /images/tours/ct4.jpg responded 404 in 1.7756 ms
2026-04-05 03:12:15.809 +07:00 [INF] HTTP GET /images/tours/ct5.jpg responded 404 in 1.3467 ms
2026-04-05 03:12:15.838 +07:00 [INF] HTTP GET /images/tours/ag5.jpg responded 404 in 1.2497 ms
2026-04-05 03:12:15.818 +07:00 [INF] HTTP GET /images/tours/ag2.jpg responded 404 in 1.6245 ms
2026-04-05 03:12:15.825 +07:00 [INF] HTTP GET /images/tours/ag3.jpg responded 404 in 2.0222 ms
2026-04-05 03:12:15.833 +07:00 [INF] HTTP GET /images/tours/ag4.jpg responded 404 in 1.3643 ms
2026-04-05 03:12:15.813 +07:00 [INF] HTTP GET /images/tours/ag1.jpg responded 404 in 1.2802 ms
2026-04-05 03:12:15.844 +07:00 [INF] HTTP GET /images/tours/ht1.jpg responded 404 in 2.7259 ms
2026-04-05 03:12:15.858 +07:00 [INF] HTTP GET /images/tours/ht2.jpg responded 404 in 1.7032 ms
2026-04-05 03:12:15.864 +07:00 [INF] HTTP GET /images/tours/ht3.jpg responded 404 in 1.5251 ms
2026-04-05 03:12:15.874 +07:00 [INF] HTTP GET /images/tours/ht4.jpg responded 404 in 1.6707 ms
2026-04-05 03:12:15.884 +07:00 [INF] HTTP GET /images/tours/ht5.jpg responded 404 in 5.2978 ms
2026-04-05 03:12:59.353 +07:00 [INF] HTTP GET /Admin/Tour responded 200 in 471.6230 ms
2026-04-05 03:12:59.427 +07:00 [INF] HTTP GET /lib/bootstrap/dist/css/bootstrap.min.css responded 200 in 52.4887 ms
2026-04-05 03:12:59.445 +07:00 [INF] HTTP GET /css/site.css responded 200 in 2.2585 ms
2026-04-05 03:12:59.490 +07:00 [INF] HTTP GET /js/site.js responded 200 in 18.8849 ms
2026-04-05 03:12:59.519 +07:00 [INF] HTTP GET /lib/jquery/dist/jquery.min.js responded 200 in 69.2237 ms
2026-04-05 03:12:59.521 +07:00 [INF] HTTP GET /lib/bootstrap/dist/js/bootstrap.bundle.min.js responded 200 in 27.6775 ms
2026-04-05 03:13:02.174 +07:00 [INF] HTTP GET /Admin/Tour responded 200 in 220.5914 ms
2026-04-05 03:13:02.207 +07:00 [INF] HTTP GET /images/tours/tl1.jpg responded 404 in 0.5921 ms
2026-04-05 03:13:02.211 +07:00 [INF] HTTP GET /css/site.css responded 200 in 11.5876 ms
2026-04-05 03:13:02.213 +07:00 [INF] HTTP GET /images/tours/tl2.jpg responded 404 in 0.5796 ms
2026-04-05 03:13:02.215 +07:00 [INF] HTTP GET /images/tours/tl3.jpg responded 404 in 0.5355 ms
2026-04-05 03:13:02.220 +07:00 [INF] HTTP GET /lib/bootstrap/dist/css/bootstrap.min.css responded 200 in 21.5907 ms
2026-04-05 03:13:03.405 +07:00 [INF] HTTP GET /images/tours/tl5.jpg responded 404 in 2.3166 ms
2026-04-05 03:13:03.553 +07:00 [INF] HTTP GET /lib/bootstrap/dist/js/bootstrap.bundle.min.js responded 200 in 5.4946 ms
2026-04-05 03:13:03.578 +07:00 [INF] HTTP GET /lib/jquery/dist/jquery.min.js responded 200 in 8.2281 ms
2026-04-05 03:13:03.587 +07:00 [INF] HTTP GET /images/tours/jp1.jpg responded 404 in 0.5834 ms
2026-04-05 03:13:03.595 +07:00 [INF] HTTP GET /images/tours/jp3.jpg responded 404 in 0.5947 ms
2026-04-05 03:13:03.617 +07:00 [INF] HTTP GET /images/tours/tl4.jpg responded 404 in 0.5968 ms
2026-04-05 03:13:03.628 +07:00 [INF] HTTP GET /images/tours/jp4.jpg responded 404 in 0.5777 ms
2026-04-05 03:13:03.636 +07:00 [INF] HTTP GET /js/site.js responded 200 in 3.4098 ms
2026-04-05 03:13:03.656 +07:00 [INF] HTTP GET /images/tours/jp2.jpg responded 404 in 7.6719 ms
2026-04-05 03:13:03.715 +07:00 [INF] HTTP GET /images/tours/kr1.jpg responded 404 in 1.4706 ms
2026-04-05 03:13:03.769 +07:00 [INF] HTTP GET /images/tours/kr2.jpg responded 404 in 0.6629 ms
2026-04-05 03:13:03.802 +07:00 [INF] HTTP GET /images/tours/kr3.jpg responded 404 in 0.5988 ms
2026-04-05 03:13:03.811 +07:00 [INF] HTTP GET /images/tours/kr4.jpg responded 404 in 0.6210 ms
2026-04-05 03:13:03.824 +07:00 [INF] HTTP GET /images/tours/jp5.jpg responded 404 in 0.5844 ms
2026-04-05 03:13:03.838 +07:00 [INF] HTTP GET /images/tours/kr5.jpg responded 404 in 0.6153 ms
2026-04-05 03:13:03.845 +07:00 [INF] HTTP GET /images/tours/sg1.jpg responded 404 in 0.8424 ms
2026-04-05 03:13:03.855 +07:00 [INF] HTTP GET /images/tours/sg2.jpg responded 404 in 0.6141 ms
2026-04-05 03:13:03.864 +07:00 [INF] HTTP GET /images/tours/sg3.jpg responded 404 in 2.5359 ms
2026-04-05 03:13:03.876 +07:00 [INF] HTTP GET /images/tours/sg4.jpg responded 404 in 0.6517 ms
2026-04-05 03:13:03.893 +07:00 [INF] HTTP GET /images/tours/sg5.jpg responded 404 in 0.6532 ms
2026-04-05 03:13:03.898 +07:00 [INF] HTTP GET /images/tours/fr1.jpg responded 404 in 0.7976 ms
2026-04-05 03:13:03.910 +07:00 [INF] HTTP GET /images/tours/fr2.jpg responded 404 in 1.5647 ms
2026-04-05 03:13:03.920 +07:00 [INF] HTTP GET /images/tours/fr3.jpg responded 404 in 0.5866 ms
2026-04-05 03:13:03.932 +07:00 [INF] HTTP GET /images/tours/fr4.jpg responded 404 in 0.5751 ms
2026-04-05 03:13:03.938 +07:00 [INF] HTTP GET /images/tours/fr5.jpg responded 404 in 0.5509 ms
2026-04-05 03:13:03.948 +07:00 [INF] HTTP GET /images/tours/pq1.jpg responded 304 in 0.9653 ms
2026-04-05 03:13:03.951 +07:00 [INF] HTTP GET /images/tours/pq2.jpg responded 404 in 0.8424 ms
2026-04-05 03:13:03.961 +07:00 [INF] HTTP GET /images/tours/pq3.jpg responded 404 in 3.2405 ms
2026-04-05 03:13:03.969 +07:00 [INF] HTTP GET /images/tours/pq4.jpg responded 404 in 0.6688 ms
2026-04-05 03:13:03.976 +07:00 [INF] HTTP GET /images/tours/pq5.jpg responded 404 in 0.5640 ms
2026-04-05 03:13:03.984 +07:00 [INF] HTTP GET /images/tours/dn1.jpg responded 304 in 0.9245 ms
2026-04-05 03:13:03.986 +07:00 [INF] HTTP GET /images/tours/dn2.jpg responded 404 in 0.7418 ms
2026-04-05 03:13:03.994 +07:00 [INF] HTTP GET /images/tours/dn3.jpg responded 404 in 0.6527 ms
2026-04-05 03:13:04.022 +07:00 [INF] HTTP GET /images/tours/dn4.jpg responded 404 in 2.7658 ms
2026-04-05 03:13:04.113 +07:00 [INF] HTTP GET /images/tours/dn5.jpg responded 404 in 0.6028 ms
2026-04-05 03:13:04.175 +07:00 [INF] HTTP GET /images/tours/dl1.jpg responded 304 in 1.2550 ms
2026-04-05 03:13:04.931 +07:00 [INF] HTTP GET /images/tours/dl2.jpg responded 404 in 0.6251 ms
2026-04-05 03:13:04.966 +07:00 [INF] HTTP GET /images/tours/dl3.jpg responded 404 in 0.6984 ms
2026-04-05 03:13:04.995 +07:00 [INF] HTTP GET /images/tours/dl4.jpg responded 404 in 0.8563 ms
2026-04-05 03:13:05.030 +07:00 [INF] HTTP GET /images/tours/dl5.jpg responded 404 in 0.6267 ms
2026-04-05 03:13:05.083 +07:00 [INF] HTTP GET /images/tours/sp1.jpg responded 304 in 4.4582 ms
2026-04-05 03:13:05.107 +07:00 [INF] HTTP GET /images/tours/sp2.jpg responded 404 in 0.5708 ms
2026-04-05 03:13:05.136 +07:00 [INF] HTTP GET /images/tours/sp3.jpg responded 404 in 0.7300 ms
2026-04-05 03:13:05.155 +07:00 [INF] HTTP GET /images/tours/sp4.jpg responded 404 in 0.5487 ms
2026-04-05 03:13:05.183 +07:00 [INF] HTTP GET /images/tours/sp5.jpg responded 404 in 0.7156 ms
2026-04-05 03:13:05.553 +07:00 [INF] HTTP GET /images/tours/qn1.jpg responded 304 in 1.1977 ms
2026-04-05 03:13:05.674 +07:00 [INF] HTTP GET /images/tours/qn2.jpg responded 404 in 0.4405 ms
2026-04-05 03:13:05.683 +07:00 [INF] HTTP GET /images/tours/qn3.jpg responded 404 in 0.4053 ms
2026-04-05 03:13:05.692 +07:00 [INF] HTTP GET /images/tours/qn4.jpg responded 404 in 0.5474 ms
2026-04-05 03:13:05.693 +07:00 [INF] HTTP GET /images/tours/qn5.jpg responded 404 in 0.3719 ms
2026-04-05 03:13:05.693 +07:00 [INF] HTTP GET /images/tours/nb1.jpg responded 304 in 0.5672 ms
2026-04-05 03:13:05.694 +07:00 [INF] HTTP GET /images/tours/nb2.jpg responded 404 in 0.2997 ms
2026-04-05 03:13:05.720 +07:00 [INF] HTTP GET /images/tours/nb3.jpg responded 404 in 0.6232 ms
2026-04-05 03:13:05.732 +07:00 [INF] HTTP GET /images/tours/nb4.jpg responded 404 in 0.4026 ms
2026-04-05 03:13:05.743 +07:00 [INF] HTTP GET /images/tours/nb5.jpg responded 404 in 0.5327 ms
2026-04-05 03:13:05.752 +07:00 [INF] HTTP GET /images/tours/hue1.jpg responded 404 in 0.4824 ms
2026-04-05 03:13:05.753 +07:00 [INF] HTTP GET /images/tours/hue2.jpg responded 404 in 0.4676 ms
2026-04-05 03:13:05.753 +07:00 [INF] HTTP GET /images/tours/hue3.jpg responded 404 in 0.4142 ms
2026-04-05 03:13:05.766 +07:00 [INF] HTTP GET /images/tours/hue4.jpg responded 404 in 0.5992 ms
2026-04-05 03:13:05.771 +07:00 [INF] HTTP GET /images/tours/hue5.jpg responded 404 in 0.5268 ms
2026-04-05 03:13:05.773 +07:00 [INF] HTTP GET /images/tours/ha1.jpg responded 404 in 0.4206 ms
2026-04-05 03:13:05.779 +07:00 [INF] HTTP GET /images/tours/ha2.jpg responded 404 in 0.4033 ms
2026-04-05 03:13:05.779 +07:00 [INF] HTTP GET /images/tours/ha3.jpg responded 404 in 0.4328 ms
2026-04-05 03:13:05.784 +07:00 [INF] HTTP GET /images/tours/ha4.jpg responded 404 in 0.4525 ms
2026-04-05 03:13:05.792 +07:00 [INF] HTTP GET /images/tours/ha5.jpg responded 404 in 0.7509 ms
2026-04-05 03:13:05.799 +07:00 [INF] HTTP GET /images/tours/nt1.jpg responded 304 in 0.5906 ms
2026-04-05 03:13:05.799 +07:00 [INF] HTTP GET /images/tours/nt2.jpg responded 404 in 0.4963 ms
2026-04-05 03:13:05.806 +07:00 [INF] HTTP GET /images/tours/nt3.jpg responded 404 in 0.4307 ms
2026-04-05 03:13:05.812 +07:00 [INF] HTTP GET /images/tours/nt4.jpg responded 404 in 0.4775 ms
2026-04-05 03:13:05.820 +07:00 [INF] HTTP GET /images/tours/nt5.jpg responded 404 in 0.4609 ms
2026-04-05 03:13:05.823 +07:00 [INF] HTTP GET /images/tours/mn1.jpg responded 304 in 0.5887 ms
2026-04-05 03:13:05.825 +07:00 [INF] HTTP GET /images/tours/mn2.jpg responded 404 in 0.3614 ms
2026-04-05 03:13:05.826 +07:00 [INF] HTTP GET /images/tours/mn3.jpg responded 404 in 0.4267 ms
2026-04-05 03:13:05.834 +07:00 [INF] HTTP GET /images/tours/mn4.jpg responded 404 in 1.0113 ms
2026-04-05 03:13:05.847 +07:00 [INF] HTTP GET /images/tours/mn5.jpg responded 404 in 0.5134 ms
2026-04-05 03:13:05.851 +07:00 [INF] HTTP GET /images/tours/hcm1.jpg responded 404 in 0.4378 ms
2026-04-05 03:13:05.856 +07:00 [INF] HTTP GET /images/tours/hcm2.jpg responded 404 in 0.3932 ms
2026-04-05 03:13:05.856 +07:00 [INF] HTTP GET /images/tours/hcm3.jpg responded 404 in 0.3692 ms
2026-04-05 03:13:05.860 +07:00 [INF] HTTP GET /images/tours/hcm4.jpg responded 404 in 0.4618 ms
2026-04-05 03:13:05.870 +07:00 [INF] HTTP GET /images/tours/hcm5.jpg responded 404 in 0.4093 ms
2026-04-05 03:13:06.126 +07:00 [INF] HTTP GET /images/tours/vt1.jpg responded 404 in 0.4160 ms
2026-04-05 03:13:06.126 +07:00 [INF] HTTP GET /images/tours/vt2.jpg responded 404 in 0.3650 ms
2026-04-05 03:13:06.128 +07:00 [INF] HTTP GET /images/tours/vt3.jpg responded 404 in 0.3020 ms
2026-04-05 03:13:06.200 +07:00 [INF] HTTP GET /images/tours/vt4.jpg responded 404 in 0.4081 ms
2026-04-05 03:13:06.282 +07:00 [INF] HTTP GET /images/tours/vt5.jpg responded 404 in 0.4345 ms
2026-04-05 03:13:06.304 +07:00 [INF] HTTP GET /images/tours/ct1.jpg responded 404 in 0.4706 ms
2026-04-05 03:13:06.333 +07:00 [INF] HTTP GET /images/tours/ct2.jpg responded 404 in 0.3689 ms
2026-04-05 03:13:06.339 +07:00 [INF] HTTP GET /images/tours/ct3.jpg responded 404 in 0.4139 ms
2026-04-05 03:13:06.347 +07:00 [INF] HTTP GET /images/tours/ct4.jpg responded 404 in 0.4263 ms
2026-04-05 03:13:06.356 +07:00 [INF] HTTP GET /images/tours/ct5.jpg responded 404 in 0.3887 ms
2026-04-05 03:13:06.357 +07:00 [INF] HTTP GET /images/tours/ag1.jpg responded 404 in 0.2865 ms
2026-04-05 03:13:06.391 +07:00 [INF] HTTP GET /images/tours/ag2.jpg responded 404 in 0.4798 ms
2026-04-05 03:13:06.391 +07:00 [INF] HTTP GET /images/tours/ag3.jpg responded 404 in 0.4226 ms
2026-04-05 03:13:06.418 +07:00 [INF] HTTP GET /images/tours/ag4.jpg responded 404 in 0.5409 ms
2026-04-05 03:13:06.421 +07:00 [INF] HTTP GET /images/tours/ag5.jpg responded 404 in 0.5690 ms
2026-04-05 03:13:06.422 +07:00 [INF] HTTP GET /images/tours/ht1.jpg responded 404 in 0.3311 ms
2026-04-05 03:13:06.430 +07:00 [INF] HTTP GET /images/tours/ht2.jpg responded 404 in 0.4228 ms
2026-04-05 03:13:06.436 +07:00 [INF] HTTP GET /images/tours/ht3.jpg responded 404 in 0.3883 ms
2026-04-05 03:13:06.444 +07:00 [INF] HTTP GET /images/tours/ht4.jpg responded 404 in 0.5241 ms
2026-04-05 03:13:06.451 +07:00 [INF] HTTP GET /images/tours/ht5.jpg responded 404 in 0.4524 ms
2026-04-05 03:13:41.312 +07:00 [INF] HTTP GET /Admin/Tour responded 200 in 443.2067 ms
2026-04-05 03:13:41.342 +07:00 [INF] HTTP GET /css/site.css responded 200 in 2.4012 ms
2026-04-05 03:13:41.344 +07:00 [INF] HTTP GET /images/tours/tl1.jpg responded 404 in 0.8094 ms
2026-04-05 03:13:41.350 +07:00 [INF] HTTP GET /images/tours/tl2.jpg responded 404 in 0.7767 ms
2026-04-05 03:13:41.355 +07:00 [INF] HTTP GET /images/tours/tl3.jpg responded 404 in 0.9187 ms
2026-04-05 03:13:41.357 +07:00 [INF] HTTP GET /images/tours/tl4.jpg responded 404 in 1.8483 ms
2026-04-05 03:13:41.358 +07:00 [INF] HTTP GET /lib/bootstrap/dist/css/bootstrap.min.css responded 200 in 21.9548 ms
2026-04-05 03:13:41.371 +07:00 [INF] HTTP GET /images/tours/tl5.jpg responded 404 in 0.5995 ms
2026-04-05 03:13:41.385 +07:00 [INF] HTTP GET /lib/bootstrap/dist/js/bootstrap.bundle.min.js responded 200 in 4.6753 ms
2026-04-05 03:13:41.405 +07:00 [INF] HTTP GET /images/tours/jp1.jpg responded 404 in 0.7382 ms
2026-04-05 03:13:41.412 +07:00 [INF] HTTP GET /images/tours/jp2.jpg responded 404 in 0.5970 ms
2026-04-05 03:13:41.426 +07:00 [INF] HTTP GET /images/tours/jp3.jpg responded 404 in 0.5889 ms
2026-04-05 03:13:41.435 +07:00 [INF] HTTP GET /lib/jquery/dist/jquery.min.js responded 200 in 4.4233 ms
2026-04-05 03:13:41.442 +07:00 [INF] HTTP GET /images/tours/jp4.jpg responded 404 in 2.2067 ms
2026-04-05 03:13:41.451 +07:00 [INF] HTTP GET /js/site.js responded 200 in 4.1666 ms
2026-04-05 03:13:41.463 +07:00 [INF] HTTP GET /images/tours/kr2.jpg responded 404 in 1.9781 ms
2026-04-05 03:13:41.483 +07:00 [INF] HTTP GET /images/tours/kr3.jpg responded 404 in 17.1570 ms
2026-04-05 03:13:41.490 +07:00 [INF] HTTP GET /images/tours/kr4.jpg responded 404 in 0.6258 ms
2026-04-05 03:13:41.492 +07:00 [INF] HTTP GET /images/tours/jp5.jpg responded 404 in 0.6928 ms
2026-04-05 03:13:41.501 +07:00 [INF] HTTP GET /images/tours/kr5.jpg responded 404 in 1.0510 ms
2026-04-05 03:13:41.508 +07:00 [INF] HTTP GET /images/tours/kr1.jpg responded 404 in 1.0082 ms
2026-04-05 03:13:41.515 +07:00 [INF] HTTP GET /images/tours/sg1.jpg responded 404 in 0.5478 ms
2026-04-05 03:13:41.520 +07:00 [INF] HTTP GET /images/tours/sg2.jpg responded 404 in 0.8472 ms
2026-04-05 03:13:41.528 +07:00 [INF] HTTP GET /images/tours/sg3.jpg responded 404 in 1.3716 ms
2026-04-05 03:13:41.536 +07:00 [INF] HTTP GET /images/tours/sg4.jpg responded 404 in 0.7941 ms
2026-04-05 03:13:41.546 +07:00 [INF] HTTP GET /images/tours/sg5.jpg responded 404 in 1.1065 ms
2026-04-05 03:13:41.560 +07:00 [INF] HTTP GET /images/tours/fr1.jpg responded 404 in 0.6655 ms
2026-04-05 03:13:41.569 +07:00 [INF] HTTP GET /images/tours/fr2.jpg responded 404 in 0.7414 ms
2026-04-05 03:13:41.581 +07:00 [INF] HTTP GET /images/tours/fr3.jpg responded 404 in 0.6521 ms
2026-04-05 03:13:41.588 +07:00 [INF] HTTP GET /images/tours/fr4.jpg responded 404 in 0.8816 ms
2026-04-05 03:13:41.599 +07:00 [INF] HTTP GET /images/tours/fr5.jpg responded 404 in 0.9432 ms
2026-04-05 03:13:41.608 +07:00 [INF] HTTP GET /images/tours/pq1.jpg responded 304 in 0.7489 ms
2026-04-05 03:13:41.615 +07:00 [INF] HTTP GET /images/tours/pq2.jpg responded 404 in 1.3920 ms
2026-04-05 03:13:41.626 +07:00 [INF] HTTP GET /images/tours/pq3.jpg responded 404 in 0.5954 ms
2026-04-05 03:13:41.648 +07:00 [INF] HTTP GET /images/tours/pq4.jpg responded 404 in 1.3618 ms
2026-04-05 03:13:41.654 +07:00 [INF] HTTP GET /images/tours/pq5.jpg responded 404 in 0.6522 ms
2026-04-05 03:13:41.661 +07:00 [INF] HTTP GET /images/tours/dn1.jpg responded 304 in 0.9281 ms
2026-04-05 03:13:41.677 +07:00 [INF] HTTP GET /images/tours/dn2.jpg responded 404 in 1.0771 ms
2026-04-05 03:13:41.690 +07:00 [INF] HTTP GET /images/tours/dn3.jpg responded 404 in 0.5951 ms
2026-04-05 03:13:41.704 +07:00 [INF] HTTP GET /images/tours/dn4.jpg responded 404 in 0.6725 ms
2026-04-05 03:13:41.716 +07:00 [INF] HTTP GET /images/tours/dn5.jpg responded 404 in 0.5586 ms
2026-04-05 03:13:41.720 +07:00 [INF] HTTP GET /images/tours/dl1.jpg responded 304 in 0.7209 ms
2026-04-05 03:13:41.732 +07:00 [INF] HTTP GET /images/tours/dl2.jpg responded 404 in 0.6089 ms
2026-04-05 03:13:41.740 +07:00 [INF] HTTP GET /images/tours/dl3.jpg responded 404 in 2.4390 ms
2026-04-05 03:13:41.751 +07:00 [INF] HTTP GET /images/tours/dl4.jpg responded 404 in 0.6828 ms
2026-04-05 03:13:41.766 +07:00 [INF] HTTP GET /images/tours/dl5.jpg responded 404 in 1.8253 ms
2026-04-05 03:13:41.775 +07:00 [INF] HTTP GET /images/tours/sp1.jpg responded 304 in 0.7481 ms
2026-04-05 03:13:41.781 +07:00 [INF] HTTP GET /images/tours/sp2.jpg responded 404 in 0.6002 ms
2026-04-05 03:13:41.794 +07:00 [INF] HTTP GET /images/tours/sp3.jpg responded 404 in 0.7881 ms
2026-04-05 03:13:41.801 +07:00 [INF] HTTP GET /images/tours/sp4.jpg responded 404 in 1.0006 ms
2026-04-05 03:13:41.814 +07:00 [INF] HTTP GET /images/tours/sp5.jpg responded 404 in 0.7154 ms
2026-04-05 03:13:41.826 +07:00 [INF] HTTP GET /images/tours/qn1.jpg responded 304 in 0.7763 ms
2026-04-05 03:13:41.833 +07:00 [INF] HTTP GET /images/tours/qn2.jpg responded 404 in 3.9297 ms
2026-04-05 03:13:41.846 +07:00 [INF] HTTP GET /images/tours/qn3.jpg responded 404 in 1.5204 ms
2026-04-05 03:13:41.851 +07:00 [INF] HTTP GET /images/tours/qn4.jpg responded 404 in 0.7927 ms
2026-04-05 03:13:41.861 +07:00 [INF] HTTP GET /images/tours/qn5.jpg responded 404 in 0.7120 ms
2026-04-05 03:13:41.874 +07:00 [INF] HTTP GET /images/tours/nb1.jpg responded 304 in 1.3801 ms
2026-04-05 03:13:41.889 +07:00 [INF] HTTP GET /images/tours/nb2.jpg responded 404 in 0.5933 ms
2026-04-05 03:13:41.902 +07:00 [INF] HTTP GET /images/tours/nb3.jpg responded 404 in 1.0043 ms
2026-04-05 03:13:41.911 +07:00 [INF] HTTP GET /images/tours/nb4.jpg responded 404 in 4.8851 ms
2026-04-05 03:13:41.914 +07:00 [INF] HTTP GET /images/tours/nb5.jpg responded 404 in 0.5719 ms
2026-04-05 03:13:41.920 +07:00 [INF] HTTP GET /images/tours/hue1.jpg responded 404 in 0.5648 ms
2026-04-05 03:13:41.938 +07:00 [INF] HTTP GET /images/tours/hue2.jpg responded 404 in 0.5680 ms
2026-04-05 03:13:41.957 +07:00 [INF] HTTP GET /images/tours/hue3.jpg responded 404 in 2.4623 ms
2026-04-05 03:13:41.970 +07:00 [INF] HTTP GET /images/tours/hue4.jpg responded 404 in 0.8486 ms
2026-04-05 03:13:41.990 +07:00 [INF] HTTP GET /images/tours/hue5.jpg responded 404 in 3.7571 ms
2026-04-05 03:13:42.004 +07:00 [INF] HTTP GET /images/tours/ha1.jpg responded 404 in 0.5684 ms
2026-04-05 03:13:42.026 +07:00 [INF] HTTP GET /images/tours/ha2.jpg responded 404 in 1.0219 ms
2026-04-05 03:13:42.039 +07:00 [INF] HTTP GET /images/tours/ha3.jpg responded 404 in 2.4475 ms
2026-04-05 03:13:42.054 +07:00 [INF] HTTP GET /images/tours/ha4.jpg responded 404 in 0.5983 ms
2026-04-05 03:13:42.067 +07:00 [INF] HTTP GET /images/tours/ha5.jpg responded 404 in 0.7104 ms
2026-04-05 03:13:42.086 +07:00 [INF] HTTP GET /images/tours/nt1.jpg responded 304 in 4.4135 ms
2026-04-05 03:13:42.115 +07:00 [INF] HTTP GET /images/tours/nt2.jpg responded 404 in 0.6392 ms
2026-04-05 03:13:42.125 +07:00 [INF] HTTP GET /images/tours/nt3.jpg responded 404 in 0.6679 ms
2026-04-05 03:13:42.141 +07:00 [INF] HTTP GET /images/tours/nt4.jpg responded 404 in 0.8234 ms
2026-04-05 03:13:42.152 +07:00 [INF] HTTP GET /images/tours/nt5.jpg responded 404 in 2.7027 ms
2026-04-05 03:13:42.176 +07:00 [INF] HTTP GET /images/tours/mn1.jpg responded 304 in 0.8799 ms
2026-04-05 03:13:42.192 +07:00 [INF] HTTP GET /images/tours/mn2.jpg responded 404 in 0.8848 ms
2026-04-05 03:13:42.230 +07:00 [INF] HTTP GET /images/tours/mn3.jpg responded 404 in 0.5788 ms
2026-04-05 03:13:42.237 +07:00 [INF] HTTP GET /images/tours/mn4.jpg responded 404 in 0.5395 ms
2026-04-05 03:13:42.247 +07:00 [INF] HTTP GET /images/tours/mn5.jpg responded 404 in 0.7452 ms
2026-04-05 03:13:42.259 +07:00 [INF] HTTP GET /images/tours/hcm1.jpg responded 404 in 0.5892 ms
2026-04-05 03:13:42.269 +07:00 [INF] HTTP GET /images/tours/hcm2.jpg responded 404 in 1.1281 ms
2026-04-05 03:13:42.306 +07:00 [INF] HTTP GET /images/tours/hcm3.jpg responded 404 in 0.9756 ms
2026-04-05 03:13:42.337 +07:00 [INF] HTTP GET /images/tours/hcm4.jpg responded 404 in 0.6005 ms
2026-04-05 03:13:42.947 +07:00 [INF] HTTP GET /images/tours/hcm5.jpg responded 404 in 0.5816 ms
2026-04-05 03:13:42.958 +07:00 [INF] HTTP GET /images/tours/vt1.jpg responded 404 in 0.5578 ms
2026-04-05 03:13:43.000 +07:00 [INF] HTTP GET /images/tours/vt2.jpg responded 404 in 0.5668 ms
2026-04-05 03:13:43.039 +07:00 [INF] HTTP GET /images/tours/vt3.jpg responded 404 in 0.6063 ms
2026-04-05 03:13:43.077 +07:00 [INF] HTTP GET /images/tours/vt4.jpg responded 404 in 0.5680 ms
2026-04-05 03:13:43.117 +07:00 [INF] HTTP GET /images/tours/vt5.jpg responded 404 in 0.5558 ms
2026-04-05 03:13:43.159 +07:00 [INF] HTTP GET /images/tours/ct1.jpg responded 404 in 0.5754 ms
2026-04-05 03:13:43.196 +07:00 [INF] HTTP GET /images/tours/ct2.jpg responded 404 in 0.5446 ms
2026-04-05 03:13:43.218 +07:00 [INF] HTTP GET /images/tours/ct3.jpg responded 404 in 0.7025 ms
2026-04-05 03:13:43.242 +07:00 [INF] HTTP GET /images/tours/ct4.jpg responded 404 in 0.5665 ms
2026-04-05 03:13:43.355 +07:00 [INF] HTTP GET /images/tours/ct5.jpg responded 404 in 0.5577 ms
2026-04-05 03:13:43.389 +07:00 [INF] HTTP GET /images/tours/ag1.jpg responded 404 in 3.2786 ms
2026-04-05 03:13:43.454 +07:00 [INF] HTTP GET /images/tours/ag2.jpg responded 404 in 2.7726 ms
2026-04-05 03:13:43.491 +07:00 [INF] HTTP GET /images/tours/ag3.jpg responded 404 in 0.5519 ms
2026-04-05 03:13:43.506 +07:00 [INF] HTTP GET /images/tours/ag4.jpg responded 404 in 0.7709 ms
2026-04-05 03:13:43.515 +07:00 [INF] HTTP GET /images/tours/ag5.jpg responded 404 in 0.5509 ms
2026-04-05 03:13:43.537 +07:00 [INF] HTTP GET /images/tours/ht1.jpg responded 404 in 0.6778 ms
2026-04-05 03:13:43.559 +07:00 [INF] HTTP GET /images/tours/ht2.jpg responded 404 in 1.0888 ms
2026-04-05 03:13:43.569 +07:00 [INF] HTTP GET /images/tours/ht3.jpg responded 404 in 0.5306 ms
2026-04-05 03:13:43.575 +07:00 [INF] HTTP GET /images/tours/ht4.jpg responded 404 in 0.5659 ms
2026-04-05 03:13:43.592 +07:00 [INF] HTTP GET /images/tours/ht5.jpg responded 404 in 2.2448 ms
2026-04-05 03:13:43.717 +07:00 [INF] HTTP GET /favicon.ico responded 200 in 4.4984 ms
2026-04-05 03:13:44.382 +07:00 [INF] HTTP GET /Admin/Tour responded 200 in 196.7320 ms
2026-04-05 03:13:44.417 +07:00 [INF] HTTP GET /images/tours/tl1.jpg responded 404 in 0.5367 ms
2026-04-05 03:13:44.417 +07:00 [INF] HTTP GET /css/site.css responded 200 in 5.6481 ms
2026-04-05 03:13:44.419 +07:00 [INF] HTTP GET /images/tours/tl2.jpg responded 404 in 0.4936 ms
2026-04-05 03:13:44.421 +07:00 [INF] HTTP GET /lib/bootstrap/dist/css/bootstrap.min.css responded 200 in 12.2617 ms
2026-04-05 03:13:44.423 +07:00 [INF] HTTP GET /images/tours/tl3.jpg responded 404 in 0.5539 ms
2026-04-05 03:13:44.424 +07:00 [INF] HTTP GET /images/tours/tl4.jpg responded 404 in 0.4756 ms
2026-04-05 03:13:44.452 +07:00 [INF] HTTP GET /lib/bootstrap/dist/js/bootstrap.bundle.min.js responded 200 in 4.8154 ms
2026-04-05 03:13:44.457 +07:00 [INF] HTTP GET /images/tours/tl5.jpg responded 404 in 2.0719 ms
2026-04-05 03:13:44.481 +07:00 [INF] HTTP GET /images/tours/jp1.jpg responded 404 in 0.6696 ms
2026-04-05 03:13:44.499 +07:00 [INF] HTTP GET /lib/jquery/dist/jquery.min.js responded 200 in 12.1461 ms
2026-04-05 03:13:44.510 +07:00 [INF] HTTP GET /images/tours/jp3.jpg responded 404 in 2.7740 ms
2026-04-05 03:13:44.530 +07:00 [INF] HTTP GET /images/tours/jp4.jpg responded 404 in 0.7423 ms
2026-04-05 03:13:44.537 +07:00 [INF] HTTP GET /js/site.js responded 200 in 4.3327 ms
2026-04-05 03:13:44.550 +07:00 [INF] HTTP GET /images/tours/kr1.jpg responded 404 in 4.5191 ms
2026-04-05 03:13:44.565 +07:00 [INF] HTTP GET /images/tours/kr2.jpg responded 404 in 0.6766 ms
2026-04-05 03:13:44.574 +07:00 [INF] HTTP GET /images/tours/jp2.jpg responded 404 in 7.3776 ms
2026-04-05 03:13:44.667 +07:00 [INF] HTTP GET /images/tours/kr3.jpg responded 404 in 1.8062 ms
2026-04-05 03:13:44.682 +07:00 [INF] HTTP GET /images/tours/kr4.jpg responded 404 in 0.5667 ms
2026-04-05 03:13:44.701 +07:00 [INF] HTTP GET /images/tours/jp5.jpg responded 404 in 0.5624 ms
2026-04-05 03:13:44.712 +07:00 [INF] HTTP GET /images/tours/kr5.jpg responded 404 in 0.5328 ms
2026-04-05 03:13:44.719 +07:00 [INF] HTTP GET /images/tours/sg1.jpg responded 404 in 0.7133 ms
2026-04-05 03:13:44.730 +07:00 [INF] HTTP GET /images/tours/sg2.jpg responded 404 in 0.5241 ms
2026-04-05 03:13:44.745 +07:00 [INF] HTTP GET /images/tours/sg3.jpg responded 404 in 1.4283 ms
2026-04-05 03:13:44.759 +07:00 [INF] HTTP GET /images/tours/sg4.jpg responded 404 in 1.0917 ms
2026-04-05 03:13:44.772 +07:00 [INF] HTTP GET /images/tours/sg5.jpg responded 404 in 0.8191 ms
2026-04-05 03:13:44.788 +07:00 [INF] HTTP GET /images/tours/fr1.jpg responded 404 in 1.5847 ms
2026-04-05 03:13:44.806 +07:00 [INF] HTTP GET /images/tours/fr3.jpg responded 404 in 0.6107 ms
2026-04-05 03:13:44.807 +07:00 [INF] HTTP GET /images/tours/fr2.jpg responded 404 in 5.6928 ms
2026-04-05 03:13:44.821 +07:00 [INF] HTTP GET /images/tours/fr4.jpg responded 404 in 0.5514 ms
2026-04-05 03:13:44.842 +07:00 [INF] HTTP GET /images/tours/fr5.jpg responded 404 in 0.6273 ms
2026-04-05 03:13:44.852 +07:00 [INF] HTTP GET /images/tours/pq1.jpg responded 304 in 0.7598 ms
2026-04-05 03:13:44.864 +07:00 [INF] HTTP GET /images/tours/pq2.jpg responded 404 in 2.0433 ms
2026-04-05 03:13:44.875 +07:00 [INF] HTTP GET /images/tours/pq3.jpg responded 404 in 0.6274 ms
2026-04-05 03:13:44.883 +07:00 [INF] HTTP GET /images/tours/pq4.jpg responded 404 in 0.5336 ms
2026-04-05 03:13:44.897 +07:00 [INF] HTTP GET /images/tours/pq5.jpg responded 404 in 1.7745 ms
2026-04-05 03:13:44.918 +07:00 [INF] HTTP GET /images/tours/dn1.jpg responded 304 in 3.2025 ms
2026-04-05 03:13:44.960 +07:00 [INF] HTTP GET /images/tours/dn2.jpg responded 404 in 0.5819 ms
2026-04-05 03:13:44.984 +07:00 [INF] HTTP GET /images/tours/dn3.jpg responded 404 in 0.8709 ms
2026-04-05 03:13:45.022 +07:00 [INF] HTTP GET /images/tours/dn4.jpg responded 404 in 0.5418 ms
2026-04-05 03:13:45.036 +07:00 [INF] HTTP GET /images/tours/dn5.jpg responded 404 in 5.0396 ms
2026-04-05 03:13:45.051 +07:00 [INF] HTTP GET /images/tours/dl1.jpg responded 304 in 0.8164 ms
2026-04-05 03:13:45.063 +07:00 [INF] HTTP GET /images/tours/dl2.jpg responded 404 in 1.9788 ms
2026-04-05 03:13:45.079 +07:00 [INF] HTTP GET /images/tours/dl3.jpg responded 404 in 0.6168 ms
2026-04-05 03:13:45.093 +07:00 [INF] HTTP GET /images/tours/dl4.jpg responded 404 in 0.6055 ms
2026-04-05 03:13:45.107 +07:00 [INF] HTTP GET /images/tours/dl5.jpg responded 404 in 0.5937 ms
2026-04-05 03:13:45.117 +07:00 [INF] HTTP GET /images/tours/sp1.jpg responded 304 in 0.6820 ms
2026-04-05 03:13:45.125 +07:00 [INF] HTTP GET /images/tours/sp2.jpg responded 404 in 2.0509 ms
2026-04-05 03:13:45.129 +07:00 [INF] HTTP GET /images/tours/sp3.jpg responded 404 in 0.9178 ms
2026-04-05 03:13:45.133 +07:00 [INF] HTTP GET /images/tours/sp4.jpg responded 404 in 0.6412 ms
2026-04-05 03:13:45.140 +07:00 [INF] HTTP GET /images/tours/sp5.jpg responded 404 in 0.5975 ms
2026-04-05 03:13:45.145 +07:00 [INF] HTTP GET /images/tours/qn1.jpg responded 304 in 0.9491 ms
2026-04-05 03:13:45.152 +07:00 [INF] HTTP GET /images/tours/qn2.jpg responded 404 in 0.7086 ms
2026-04-05 03:13:45.157 +07:00 [INF] HTTP GET /images/tours/qn3.jpg responded 404 in 0.5663 ms
2026-04-05 03:13:45.162 +07:00 [INF] HTTP GET /images/tours/qn4.jpg responded 404 in 0.6879 ms
2026-04-05 03:13:45.169 +07:00 [INF] HTTP GET /images/tours/qn5.jpg responded 404 in 0.5585 ms
2026-04-05 03:13:45.176 +07:00 [INF] HTTP GET /images/tours/nb1.jpg responded 304 in 0.7756 ms
2026-04-05 03:13:45.186 +07:00 [INF] HTTP GET /images/tours/nb2.jpg responded 404 in 0.8439 ms
2026-04-05 03:13:45.190 +07:00 [INF] HTTP GET /images/tours/nb3.jpg responded 404 in 0.5402 ms
2026-04-05 03:13:45.290 +07:00 [INF] HTTP GET /images/tours/nb4.jpg responded 404 in 1.5073 ms
2026-04-05 03:13:46.038 +07:00 [INF] HTTP GET /images/tours/nb5.jpg responded 404 in 1.0077 ms
2026-04-05 03:13:46.059 +07:00 [INF] HTTP GET /images/tours/hue1.jpg responded 404 in 0.5625 ms
2026-04-05 03:13:46.069 +07:00 [INF] HTTP GET /images/tours/hue2.jpg responded 404 in 0.6037 ms
2026-04-05 03:13:46.078 +07:00 [INF] HTTP GET /images/tours/hue3.jpg responded 404 in 0.5723 ms
2026-04-05 03:13:46.083 +07:00 [INF] HTTP GET /images/tours/hue4.jpg responded 404 in 0.5681 ms
2026-04-05 03:13:46.091 +07:00 [INF] HTTP GET /images/tours/hue5.jpg responded 404 in 0.5763 ms
2026-04-05 03:13:46.105 +07:00 [INF] HTTP GET /images/tours/ha1.jpg responded 404 in 0.5510 ms
2026-04-05 03:13:46.110 +07:00 [INF] HTTP GET /images/tours/ha2.jpg responded 404 in 0.5286 ms
2026-04-05 03:13:46.115 +07:00 [INF] HTTP GET /images/tours/ha3.jpg responded 404 in 0.9140 ms
2026-04-05 03:13:46.126 +07:00 [INF] HTTP GET /images/tours/ha4.jpg responded 404 in 0.6313 ms
2026-04-05 03:13:46.292 +07:00 [INF] HTTP GET /images/tours/ha5.jpg responded 404 in 0.5399 ms
2026-04-05 03:13:46.409 +07:00 [INF] HTTP GET /images/tours/nt1.jpg responded 304 in 0.6863 ms
2026-04-05 03:13:46.438 +07:00 [INF] HTTP GET /images/tours/nt2.jpg responded 404 in 0.5527 ms
2026-04-05 03:13:46.448 +07:00 [INF] HTTP GET /images/tours/nt3.jpg responded 404 in 0.5836 ms
2026-04-05 03:13:46.453 +07:00 [INF] HTTP GET /images/tours/nt4.jpg responded 404 in 0.6561 ms
2026-04-05 03:13:46.460 +07:00 [INF] HTTP GET /images/tours/nt5.jpg responded 404 in 0.6679 ms
2026-04-05 03:13:46.471 +07:00 [INF] HTTP GET /images/tours/mn1.jpg responded 304 in 1.0582 ms
2026-04-05 03:13:46.476 +07:00 [INF] HTTP GET /images/tours/mn2.jpg responded 404 in 0.5305 ms
2026-04-05 03:13:46.480 +07:00 [INF] HTTP GET /images/tours/mn3.jpg responded 404 in 0.5214 ms
2026-04-05 03:13:46.486 +07:00 [INF] HTTP GET /images/tours/mn4.jpg responded 404 in 0.5244 ms
2026-04-05 03:13:46.496 +07:00 [INF] HTTP GET /images/tours/mn5.jpg responded 404 in 6.5628 ms
2026-04-05 03:13:46.497 +07:00 [INF] HTTP GET /images/tours/hcm1.jpg responded 404 in 0.5383 ms
2026-04-05 03:13:46.508 +07:00 [INF] HTTP GET /images/tours/hcm2.jpg responded 404 in 3.0745 ms
2026-04-05 03:13:46.514 +07:00 [INF] HTTP GET /images/tours/hcm3.jpg responded 404 in 0.6068 ms
2026-04-05 03:13:46.520 +07:00 [INF] HTTP GET /images/tours/hcm4.jpg responded 404 in 0.5865 ms
2026-04-05 03:13:46.529 +07:00 [INF] HTTP GET /images/tours/hcm5.jpg responded 404 in 0.5340 ms
2026-04-05 03:13:46.533 +07:00 [INF] HTTP GET /images/tours/vt1.jpg responded 404 in 0.5211 ms
2026-04-05 03:13:46.539 +07:00 [INF] HTTP GET /images/tours/vt2.jpg responded 404 in 0.5726 ms
2026-04-05 03:13:46.545 +07:00 [INF] HTTP GET /images/tours/vt3.jpg responded 404 in 0.5423 ms
2026-04-05 03:13:46.549 +07:00 [INF] HTTP GET /images/tours/vt4.jpg responded 404 in 0.5107 ms
2026-04-05 03:13:46.554 +07:00 [INF] HTTP GET /images/tours/vt5.jpg responded 404 in 0.5170 ms
2026-04-05 03:13:46.557 +07:00 [INF] HTTP GET /images/tours/ct1.jpg responded 404 in 0.6057 ms
2026-04-05 03:13:46.563 +07:00 [INF] HTTP GET /images/tours/ct2.jpg responded 404 in 1.0703 ms
2026-04-05 03:13:46.567 +07:00 [INF] HTTP GET /images/tours/ct3.jpg responded 404 in 0.5012 ms
2026-04-05 03:13:46.573 +07:00 [INF] HTTP GET /images/tours/ct4.jpg responded 404 in 0.5216 ms
2026-04-05 03:13:46.579 +07:00 [INF] HTTP GET /images/tours/ct5.jpg responded 404 in 0.7686 ms
2026-04-05 03:13:46.583 +07:00 [INF] HTTP GET /images/tours/ag1.jpg responded 404 in 0.5154 ms
2026-04-05 03:13:46.589 +07:00 [INF] HTTP GET /images/tours/ag2.jpg responded 404 in 0.4906 ms
2026-04-05 03:13:46.596 +07:00 [INF] HTTP GET /images/tours/ag3.jpg responded 404 in 4.1142 ms
2026-04-05 03:13:46.601 +07:00 [INF] HTTP GET /images/tours/ag4.jpg responded 404 in 0.5273 ms
2026-04-05 03:13:46.605 +07:00 [INF] HTTP GET /images/tours/ag5.jpg responded 404 in 0.4968 ms
2026-04-05 03:13:46.608 +07:00 [INF] HTTP GET /images/tours/ht1.jpg responded 404 in 0.7459 ms
2026-04-05 03:13:46.612 +07:00 [INF] HTTP GET /images/tours/ht2.jpg responded 404 in 0.4525 ms
2026-04-05 03:13:46.616 +07:00 [INF] HTTP GET /images/tours/ht3.jpg responded 404 in 0.4784 ms
2026-04-05 03:13:46.623 +07:00 [INF] HTTP GET /images/tours/ht4.jpg responded 404 in 0.5612 ms
2026-04-05 03:13:46.627 +07:00 [INF] HTTP GET /images/tours/ht5.jpg responded 404 in 0.5867 ms
2026-04-05 03:13:46.689 +07:00 [INF] HTTP GET /favicon.ico responded 200 in 1.6924 ms
2026-04-05 03:14:07.530 +07:00 [INF] Seed dữ liệu ban đầu thành công
2026-04-05 03:14:07.861 +07:00 [INF] Ứng dụng Tour Du Lịch khởi chạy
2026-04-05 03:14:10.984 +07:00 [WRN] Failed to determine the https port for redirect.
2026-04-05 03:14:14.077 +07:00 [INF] HTTP GET /Admin/Tour responded 200 in 2622.0281 ms
2026-04-05 03:14:14.085 +07:00 [INF] HTTP GET /images/tours/tl2.jpg responded 404 in 22.6512 ms
2026-04-05 03:14:14.085 +07:00 [INF] HTTP GET /images/tours/tl1.jpg responded 404 in 23.4187 ms
2026-04-05 03:14:14.085 +07:00 [INF] HTTP GET /images/tours/tl3.jpg responded 404 in 22.6770 ms
2026-04-05 03:14:14.218 +07:00 [INF] HTTP GET /css/site.css responded 200 in 154.6619 ms
2026-04-05 03:14:14.249 +07:00 [INF] HTTP GET /lib/bootstrap/dist/css/bootstrap.min.css responded 200 in 185.6845 ms
2026-04-05 03:14:14.510 +07:00 [INF] HTTP GET /lib/jquery/dist/jquery.min.js responded 200 in 253.4643 ms
2026-04-05 03:14:14.536 +07:00 [INF] HTTP GET /lib/bootstrap/dist/js/bootstrap.bundle.min.js responded 200 in 232.3566 ms
2026-04-05 03:14:14.545 +07:00 [INF] HTTP GET /js/site.js responded 200 in 44.9972 ms
2026-04-05 03:14:14.756 +07:00 [INF] HTTP GET /images/tours/jp1.jpg responded 404 in 16.4990 ms
2026-04-05 03:14:14.756 +07:00 [INF] HTTP GET /images/tours/tl4.jpg responded 404 in 18.1785 ms
2026-04-05 03:14:14.777 +07:00 [INF] HTTP GET /images/tours/tl5.jpg responded 404 in 6.3657 ms
2026-04-05 03:14:14.971 +07:00 [INF] HTTP GET /images/tours/jp2.jpg responded 404 in 5.9827 ms
2026-04-05 03:14:15.018 +07:00 [INF] HTTP GET /images/tours/jp4.jpg responded 404 in 19.1013 ms
2026-04-05 03:14:15.019 +07:00 [INF] HTTP GET /images/tours/jp3.jpg responded 404 in 32.8599 ms
2026-04-05 03:14:15.164 +07:00 [INF] HTTP GET /images/tours/jp5.jpg responded 404 in 3.1808 ms
2026-04-05 03:14:15.203 +07:00 [INF] HTTP GET /images/tours/kr1.jpg responded 404 in 4.7318 ms
2026-04-05 03:14:15.222 +07:00 [INF] HTTP GET /images/tours/kr2.jpg responded 404 in 1.9352 ms
2026-04-05 03:14:15.239 +07:00 [INF] HTTP GET /images/tours/kr3.jpg responded 404 in 2.1951 ms
2026-04-05 03:14:15.262 +07:00 [INF] HTTP GET /images/tours/kr4.jpg responded 404 in 4.5871 ms
2026-04-05 03:14:15.283 +07:00 [INF] HTTP GET /images/tours/kr5.jpg responded 404 in 3.3171 ms
2026-04-05 03:14:15.296 +07:00 [INF] HTTP GET /images/tours/sg1.jpg responded 404 in 4.0971 ms
2026-04-05 03:14:15.306 +07:00 [INF] HTTP GET /images/tours/sg2.jpg responded 404 in 2.0556 ms
2026-04-05 03:14:15.311 +07:00 [INF] HTTP GET /images/tours/sg3.jpg responded 404 in 1.8293 ms
2026-04-05 03:14:15.320 +07:00 [INF] HTTP GET /images/tours/sg4.jpg responded 404 in 1.9028 ms
2026-04-05 03:14:15.328 +07:00 [INF] HTTP GET /images/tours/sg5.jpg responded 404 in 1.8863 ms
2026-04-05 03:14:15.334 +07:00 [INF] HTTP GET /images/tours/fr1.jpg responded 404 in 1.8995 ms
2026-04-05 03:14:15.341 +07:00 [INF] HTTP GET /images/tours/fr2.jpg responded 404 in 2.2121 ms
2026-04-05 03:14:15.346 +07:00 [INF] HTTP GET /images/tours/fr3.jpg responded 404 in 1.7530 ms
2026-04-05 03:14:15.353 +07:00 [INF] HTTP GET /images/tours/fr4.jpg responded 404 in 2.1441 ms
2026-04-05 03:14:15.361 +07:00 [INF] HTTP GET /images/tours/fr5.jpg responded 404 in 3.4017 ms
2026-04-05 03:14:15.375 +07:00 [INF] HTTP GET /images/tours/pq1.jpg responded 304 in 5.4336 ms
2026-04-05 03:14:15.385 +07:00 [INF] HTTP GET /images/tours/pq2.jpg responded 404 in 2.0347 ms
2026-04-05 03:14:15.394 +07:00 [INF] HTTP GET /images/tours/pq3.jpg responded 404 in 3.4397 ms
2026-04-05 03:14:15.397 +07:00 [INF] HTTP GET /images/tours/pq4.jpg responded 404 in 1.6581 ms
2026-04-05 03:14:15.408 +07:00 [INF] HTTP GET /images/tours/pq5.jpg responded 404 in 3.9510 ms
2026-04-05 03:14:15.415 +07:00 [INF] HTTP GET /images/tours/dn1.jpg responded 304 in 3.1206 ms
2026-04-05 03:14:15.424 +07:00 [INF] HTTP GET /images/tours/dn2.jpg responded 404 in 2.3888 ms
2026-04-05 03:14:15.435 +07:00 [INF] HTTP GET /images/tours/dn3.jpg responded 404 in 5.4661 ms
2026-04-05 03:14:15.442 +07:00 [INF] HTTP GET /images/tours/dn4.jpg responded 404 in 1.5228 ms
2026-04-05 03:14:15.446 +07:00 [INF] HTTP GET /images/tours/dn5.jpg responded 404 in 1.5372 ms
2026-04-05 03:14:15.456 +07:00 [INF] HTTP GET /images/tours/dl1.jpg responded 304 in 3.2708 ms
2026-04-05 03:14:15.460 +07:00 [INF] HTTP GET /images/tours/sp1.jpg responded 304 in 2.0229 ms
2026-04-05 03:14:15.466 +07:00 [INF] HTTP GET /images/tours/dl2.jpg responded 404 in 1.7335 ms
2026-04-05 03:14:15.473 +07:00 [INF] HTTP GET /images/tours/dl3.jpg responded 404 in 1.6444 ms
2026-04-05 03:14:15.481 +07:00 [INF] HTTP GET /images/tours/dl4.jpg responded 404 in 1.7301 ms
2026-04-05 03:14:15.486 +07:00 [INF] HTTP GET /images/tours/dl5.jpg responded 404 in 1.3393 ms
2026-04-05 03:14:15.496 +07:00 [INF] HTTP GET /images/tours/sp2.jpg responded 404 in 4.6533 ms
2026-04-05 03:14:15.505 +07:00 [INF] HTTP GET /images/tours/sp3.jpg responded 404 in 2.1567 ms
2026-04-05 03:14:15.514 +07:00 [INF] HTTP GET /images/tours/sp4.jpg responded 404 in 4.9937 ms
2026-04-05 03:14:15.522 +07:00 [INF] HTTP GET /images/tours/qn1.jpg responded 304 in 2.8545 ms
2026-04-05 03:14:15.524 +07:00 [INF] HTTP GET /images/tours/nb1.jpg responded 304 in 1.9456 ms
2026-04-05 03:14:15.537 +07:00 [INF] HTTP GET /images/tours/nt1.jpg responded 304 in 2.8375 ms
2026-04-05 03:14:15.566 +07:00 [INF] HTTP GET /images/tours/mn1.jpg responded 304 in 6.3923 ms
2026-04-05 03:14:15.568 +07:00 [INF] HTTP GET /images/tours/sp5.jpg responded 404 in 1.4290 ms
2026-04-05 03:14:15.577 +07:00 [INF] HTTP GET /images/tours/qn2.jpg responded 404 in 4.2268 ms
2026-04-05 03:14:15.588 +07:00 [INF] HTTP GET /images/tours/qn3.jpg responded 404 in 1.6283 ms
2026-04-05 03:14:15.601 +07:00 [INF] HTTP GET /images/tours/qn4.jpg responded 404 in 8.3597 ms
2026-04-05 03:14:15.616 +07:00 [INF] HTTP GET /images/tours/qn5.jpg responded 404 in 3.0933 ms
2026-04-05 03:14:15.679 +07:00 [INF] HTTP GET /images/tours/nb2.jpg responded 404 in 7.1039 ms
2026-04-05 03:14:15.692 +07:00 [INF] HTTP GET /images/tours/nb3.jpg responded 404 in 1.8501 ms
2026-04-05 03:14:15.699 +07:00 [INF] HTTP GET /images/tours/nb4.jpg responded 404 in 1.5939 ms
2026-04-05 03:14:15.723 +07:00 [INF] HTTP GET /images/tours/nb5.jpg responded 404 in 6.6783 ms
2026-04-05 03:14:15.735 +07:00 [INF] HTTP GET /images/tours/hue1.jpg responded 404 in 1.5088 ms
2026-04-05 03:14:15.755 +07:00 [INF] HTTP GET /images/tours/hue2.jpg responded 404 in 2.6592 ms
2026-04-05 03:14:15.773 +07:00 [INF] HTTP GET /images/tours/hue3.jpg responded 404 in 1.4279 ms
2026-04-05 03:14:15.795 +07:00 [INF] HTTP GET /images/tours/hue4.jpg responded 404 in 1.7853 ms
2026-04-05 03:14:15.827 +07:00 [INF] HTTP GET /images/tours/hue5.jpg responded 404 in 2.1213 ms
2026-04-05 03:14:15.841 +07:00 [INF] HTTP GET /images/tours/ha1.jpg responded 404 in 1.9277 ms
2026-04-05 03:14:15.858 +07:00 [INF] HTTP GET /images/tours/ha2.jpg responded 404 in 6.8734 ms
2026-04-05 03:14:15.872 +07:00 [INF] HTTP GET /images/tours/ha3.jpg responded 404 in 3.1726 ms
2026-04-05 03:14:15.883 +07:00 [INF] HTTP GET /images/tours/ha4.jpg responded 404 in 1.6135 ms
2026-04-05 03:14:15.889 +07:00 [INF] HTTP GET /images/tours/ha5.jpg responded 404 in 1.6534 ms
2026-04-05 03:14:15.896 +07:00 [INF] HTTP GET /images/tours/nt2.jpg responded 404 in 1.4998 ms
2026-04-05 03:14:15.905 +07:00 [INF] HTTP GET /images/tours/nt3.jpg responded 404 in 2.1909 ms
2026-04-05 03:14:15.921 +07:00 [INF] HTTP GET /images/tours/nt5.jpg responded 404 in 2.1818 ms
2026-04-05 03:14:15.921 +07:00 [INF] HTTP GET /images/tours/nt4.jpg responded 404 in 6.6548 ms
2026-04-05 03:14:15.931 +07:00 [INF] HTTP GET /images/tours/mn2.jpg responded 404 in 1.8647 ms
2026-04-05 03:14:15.942 +07:00 [INF] HTTP GET /images/tours/mn3.jpg responded 404 in 1.8312 ms
2026-04-05 03:14:15.947 +07:00 [INF] HTTP GET /images/tours/mn4.jpg responded 404 in 1.4127 ms
2026-04-05 03:14:15.955 +07:00 [INF] HTTP GET /images/tours/mn5.jpg responded 404 in 4.4803 ms
2026-04-05 03:14:15.972 +07:00 [INF] HTTP GET /images/tours/hcm1.jpg responded 404 in 5.8034 ms
2026-04-05 03:14:16.057 +07:00 [INF] HTTP GET /images/tours/hcm2.jpg responded 404 in 10.5084 ms
2026-04-05 03:14:16.184 +07:00 [INF] HTTP GET /images/tours/hcm3.jpg responded 404 in 1.4534 ms
2026-04-05 03:14:16.193 +07:00 [INF] HTTP GET /images/tours/hcm4.jpg responded 404 in 1.5959 ms
2026-04-05 03:14:16.215 +07:00 [INF] HTTP GET /images/tours/hcm5.jpg responded 404 in 8.0493 ms
2026-04-05 03:14:16.342 +07:00 [INF] HTTP GET /Admin/Tour responded 200 in 594.4521 ms
2026-04-05 03:14:16.403 +07:00 [INF] HTTP GET /lib/bootstrap/dist/css/bootstrap.min.css responded 200 in 24.9740 ms
2026-04-05 03:14:16.453 +07:00 [INF] HTTP GET /css/site.css responded 200 in 31.6990 ms
2026-04-05 03:14:16.632 +07:00 [INF] HTTP GET /js/site.js responded 200 in 5.3738 ms
2026-04-05 03:14:16.652 +07:00 [INF] HTTP GET /images/tours/vt2.jpg responded 404 in 1.5468 ms
2026-04-05 03:14:16.678 +07:00 [INF] HTTP GET /images/tours/vt3.jpg responded 404 in 1.6673 ms
2026-04-05 03:14:16.698 +07:00 [INF] HTTP GET /images/tours/vt4.jpg responded 404 in 1.7765 ms
2026-04-05 03:14:16.760 +07:00 [INF] HTTP GET /lib/jquery/dist/jquery.min.js responded 200 in 11.1453 ms
2026-04-05 03:14:16.777 +07:00 [INF] HTTP GET /images/tours/vt1.jpg responded 404 in 7.6529 ms
2026-04-05 03:14:16.797 +07:00 [INF] HTTP GET /images/tours/ct1.jpg responded 404 in 4.6745 ms
2026-04-05 03:14:16.815 +07:00 [INF] HTTP GET /images/tours/ct2.jpg responded 404 in 5.8793 ms
2026-04-05 03:14:16.818 +07:00 [INF] HTTP GET /images/tours/ct3.jpg responded 404 in 1.5976 ms
2026-04-05 03:14:16.827 +07:00 [INF] HTTP GET /images/tours/vt5.jpg responded 404 in 3.4311 ms
2026-04-05 03:14:16.846 +07:00 [INF] HTTP GET /images/tours/ct4.jpg responded 404 in 6.9487 ms
2026-04-05 03:14:16.856 +07:00 [INF] HTTP GET /images/tours/ct5.jpg responded 404 in 1.6267 ms
2026-04-05 03:14:16.872 +07:00 [INF] HTTP GET /images/tours/ag1.jpg responded 404 in 5.6774 ms
2026-04-05 03:14:16.885 +07:00 [INF] HTTP GET /images/tours/ag2.jpg responded 404 in 2.7381 ms
2026-04-05 03:14:16.894 +07:00 [INF] HTTP GET /images/tours/ag3.jpg responded 404 in 1.5975 ms
2026-04-05 03:14:16.908 +07:00 [INF] HTTP GET /images/tours/ag4.jpg responded 404 in 1.6347 ms
2026-04-05 03:14:16.921 +07:00 [INF] HTTP GET /images/tours/ag5.jpg responded 404 in 1.5657 ms
2026-04-05 03:14:16.933 +07:00 [INF] HTTP GET /images/tours/ht1.jpg responded 404 in 1.7828 ms
2026-04-05 03:14:16.963 +07:00 [INF] HTTP GET /images/tours/ht2.jpg responded 404 in 3.0117 ms
2026-04-05 03:14:16.978 +07:00 [INF] HTTP GET /images/tours/ht3.jpg responded 404 in 7.1155 ms
2026-04-05 03:14:16.997 +07:00 [INF] HTTP GET /images/tours/ht4.jpg responded 404 in 1.5367 ms
2026-04-05 03:14:17.051 +07:00 [INF] HTTP GET /lib/bootstrap/dist/js/bootstrap.bundle.min.js responded 200 in 10.2490 ms
2026-04-05 03:14:17.056 +07:00 [INF] HTTP GET /images/tours/ht5.jpg responded 404 in 7.4381 ms
2026-04-05 03:14:17.133 +07:00 [INF] HTTP GET /favicon.ico responded 200 in 6.5001 ms
2026-04-05 03:14:17.501 +07:00 [INF] HTTP GET /Admin/Tour responded 200 in 318.3481 ms
2026-04-05 03:14:17.519 +07:00 [INF] HTTP GET /images/tours/tl2.jpg responded 404 in 1.0988 ms
2026-04-05 03:14:17.520 +07:00 [INF] HTTP GET /images/tours/tl1.jpg responded 404 in 2.2010 ms
2026-04-05 03:14:17.522 +07:00 [INF] HTTP GET /css/site.css responded 200 in 5.9195 ms
2026-04-05 03:14:17.537 +07:00 [INF] HTTP GET /lib/bootstrap/dist/css/bootstrap.min.css responded 200 in 21.1056 ms
2026-04-05 03:14:17.538 +07:00 [INF] HTTP GET /images/tours/tl5.jpg responded 404 in 1.8864 ms
2026-04-05 03:14:17.540 +07:00 [INF] HTTP GET /images/tours/tl4.jpg responded 404 in 4.2607 ms
2026-04-05 03:14:17.573 +07:00 [INF] HTTP GET /lib/bootstrap/dist/js/bootstrap.bundle.min.js responded 200 in 12.0283 ms
2026-04-05 03:14:17.585 +07:00 [INF] HTTP GET /js/site.js responded 200 in 11.7373 ms
2026-04-05 03:14:17.590 +07:00 [INF] HTTP GET /images/tours/tl3.jpg responded 404 in 2.8616 ms
2026-04-05 03:14:17.628 +07:00 [INF] HTTP GET /lib/jquery/dist/jquery.min.js responded 200 in 22.7526 ms
2026-04-05 03:14:17.801 +07:00 [INF] HTTP GET /images/tours/jp4.jpg responded 404 in 25.4692 ms
2026-04-05 03:14:17.838 +07:00 [INF] HTTP GET /images/tours/jp5.jpg responded 404 in 1.8503 ms
2026-04-05 03:14:17.884 +07:00 [INF] HTTP GET /images/tours/jp1.jpg responded 404 in 10.8507 ms
2026-04-05 03:14:17.969 +07:00 [INF] HTTP GET /images/tours/jp2.jpg responded 404 in 1.5254 ms
2026-04-05 03:14:18.007 +07:00 [INF] HTTP GET /images/tours/kr1.jpg responded 404 in 6.3724 ms
2026-04-05 03:14:18.047 +07:00 [INF] HTTP GET /images/tours/jp3.jpg responded 404 in 4.6364 ms
2026-04-05 03:14:18.071 +07:00 [INF] HTTP GET /images/tours/kr2.jpg responded 404 in 10.3188 ms
2026-04-05 03:14:18.085 +07:00 [INF] HTTP GET /images/tours/kr3.jpg responded 404 in 1.4970 ms
2026-04-05 03:14:18.095 +07:00 [INF] HTTP GET /images/tours/kr4.jpg responded 404 in 5.2759 ms
2026-04-05 03:14:18.099 +07:00 [INF] HTTP GET /images/tours/kr5.jpg responded 404 in 1.9519 ms
2026-04-05 03:14:18.106 +07:00 [INF] HTTP GET /images/tours/sg1.jpg responded 404 in 1.4612 ms
2026-04-05 03:14:18.113 +07:00 [INF] HTTP GET /images/tours/sg2.jpg responded 404 in 1.8381 ms
2026-04-05 03:14:18.129 +07:00 [INF] HTTP GET /images/tours/sg3.jpg responded 404 in 5.5632 ms
2026-04-05 03:14:18.135 +07:00 [INF] HTTP GET /images/tours/sg4.jpg responded 404 in 1.9408 ms
2026-04-05 03:14:18.150 +07:00 [INF] HTTP GET /images/tours/sg5.jpg responded 404 in 2.2599 ms
2026-04-05 03:14:18.176 +07:00 [INF] HTTP GET /images/tours/fr1.jpg responded 404 in 6.1577 ms
2026-04-05 03:14:18.190 +07:00 [INF] HTTP GET /images/tours/fr2.jpg responded 404 in 5.8635 ms
2026-04-05 03:14:18.206 +07:00 [INF] HTTP GET /images/tours/fr3.jpg responded 404 in 4.4769 ms
2026-04-05 03:14:18.211 +07:00 [INF] HTTP GET /images/tours/fr4.jpg responded 404 in 2.6422 ms
2026-04-05 03:14:18.218 +07:00 [INF] HTTP GET /images/tours/fr5.jpg responded 404 in 1.6055 ms
2026-04-05 03:14:18.228 +07:00 [INF] HTTP GET /images/tours/pq1.jpg responded 304 in 4.8150 ms
2026-04-05 03:14:18.239 +07:00 [INF] HTTP GET /images/tours/pq2.jpg responded 404 in 3.6306 ms
2026-04-05 03:14:18.246 +07:00 [INF] HTTP GET /images/tours/pq3.jpg responded 404 in 2.1638 ms
2026-04-05 03:14:18.257 +07:00 [INF] HTTP GET /images/tours/pq4.jpg responded 404 in 3.1666 ms
2026-04-05 03:14:18.261 +07:00 [INF] HTTP GET /images/tours/pq5.jpg responded 404 in 1.7918 ms
2026-04-05 03:14:18.273 +07:00 [INF] HTTP GET /images/tours/dn1.jpg responded 304 in 5.1835 ms
2026-04-05 03:14:18.282 +07:00 [INF] HTTP GET /images/tours/dn2.jpg responded 404 in 6.2261 ms
2026-04-05 03:14:18.288 +07:00 [INF] HTTP GET /images/tours/dn3.jpg responded 404 in 2.2181 ms
2026-04-05 03:14:18.303 +07:00 [INF] HTTP GET /images/tours/dn4.jpg responded 404 in 8.3009 ms
2026-04-05 03:14:18.305 +07:00 [INF] HTTP GET /images/tours/dn5.jpg responded 404 in 1.6855 ms
2026-04-05 03:14:18.319 +07:00 [INF] HTTP GET /images/tours/dl1.jpg responded 304 in 2.4359 ms
2026-04-05 03:14:18.325 +07:00 [INF] HTTP GET /images/tours/dl2.jpg responded 404 in 1.4263 ms
2026-04-05 03:14:18.331 +07:00 [INF] HTTP GET /images/tours/dl3.jpg responded 404 in 1.8568 ms
2026-04-05 03:14:18.344 +07:00 [INF] HTTP GET /images/tours/dl4.jpg responded 404 in 4.1631 ms
2026-04-05 03:14:18.352 +07:00 [INF] HTTP GET /images/tours/dl5.jpg responded 404 in 1.9728 ms
2026-04-05 03:14:18.358 +07:00 [INF] HTTP GET /images/tours/sp1.jpg responded 304 in 3.9077 ms
2026-04-05 03:14:18.365 +07:00 [INF] HTTP GET /images/tours/sp2.jpg responded 404 in 1.7161 ms
2026-04-05 03:14:18.375 +07:00 [INF] HTTP GET /images/tours/sp3.jpg responded 404 in 4.2549 ms
2026-04-05 03:14:18.393 +07:00 [INF] HTTP GET /images/tours/sp4.jpg responded 404 in 6.9233 ms
2026-04-05 03:14:18.398 +07:00 [INF] HTTP GET /images/tours/sp5.jpg responded 404 in 10.0638 ms
2026-04-05 03:14:18.425 +07:00 [INF] HTTP GET /images/tours/qn1.jpg responded 304 in 1.8437 ms
2026-04-05 03:14:18.433 +07:00 [INF] HTTP GET /images/tours/qn2.jpg responded 404 in 1.3926 ms
2026-04-05 03:14:18.448 +07:00 [INF] HTTP GET /images/tours/qn3.jpg responded 404 in 7.3931 ms
2026-04-05 03:14:18.694 +07:00 [INF] HTTP GET /images/tours/qn4.jpg responded 404 in 4.3777 ms
2026-04-05 03:14:18.727 +07:00 [INF] HTTP GET /images/tours/qn5.jpg responded 404 in 8.9259 ms
2026-04-05 03:14:18.747 +07:00 [INF] HTTP GET /images/tours/nb1.jpg responded 304 in 3.0696 ms
2026-04-05 03:14:19.976 +07:00 [INF] HTTP GET /images/tours/nb2.jpg responded 404 in 2.0331 ms
2026-04-05 03:14:20.030 +07:00 [INF] HTTP GET /images/tours/nb3.jpg responded 404 in 1.7102 ms
2026-04-05 03:14:20.099 +07:00 [INF] HTTP GET /Admin/Tour responded 200 in 1705.2357 ms
2026-04-05 03:14:20.193 +07:00 [INF] HTTP GET /lib/bootstrap/dist/css/bootstrap.min.css responded 200 in 10.1961 ms
2026-04-05 03:14:20.210 +07:00 [INF] HTTP GET /images/tours/tl5.jpg responded 404 in 1.5971 ms
2026-04-05 03:14:20.225 +07:00 [INF] HTTP GET /images/tours/jp1.jpg responded 404 in 7.5827 ms
2026-04-05 03:14:20.238 +07:00 [INF] HTTP GET /images/tours/jp4.jpg responded 404 in 2.4266 ms
2026-04-05 03:14:20.249 +07:00 [INF] HTTP GET /images/tours/jp2.jpg responded 404 in 3.3274 ms
2026-04-05 03:14:20.254 +07:00 [INF] HTTP GET /images/tours/jp3.jpg responded 404 in 1.7076 ms
2026-04-05 03:14:20.272 +07:00 [INF] HTTP GET /css/site.css responded 200 in 15.6410 ms
2026-04-05 03:14:20.294 +07:00 [INF] HTTP GET /images/tours/tl1.jpg responded 404 in 4.7269 ms
2026-04-05 03:14:20.314 +07:00 [INF] HTTP GET /images/tours/tl2.jpg responded 404 in 2.7664 ms
2026-04-05 03:14:20.323 +07:00 [INF] HTTP GET /images/tours/tl3.jpg responded 404 in 2.0316 ms
2026-04-05 03:14:20.335 +07:00 [INF] HTTP GET /images/tours/tl4.jpg responded 404 in 3.1270 ms
2026-04-05 03:14:20.343 +07:00 [INF] HTTP GET /images/tours/nb4.jpg responded 404 in 6.2910 ms
2026-04-05 03:14:20.358 +07:00 [INF] HTTP GET /lib/jquery/dist/jquery.min.js responded 200 in 8.7131 ms
2026-04-05 03:14:20.377 +07:00 [INF] HTTP GET /js/site.js responded 200 in 10.9674 ms
2026-04-05 03:14:20.394 +07:00 [INF] HTTP GET /images/tours/hue1.jpg responded 404 in 2.4309 ms
2026-04-05 03:14:20.407 +07:00 [INF] HTTP GET /images/tours/hue2.jpg responded 404 in 6.7093 ms
2026-04-05 03:14:20.415 +07:00 [INF] HTTP GET /images/tours/hue3.jpg responded 404 in 2.0558 ms
2026-04-05 03:14:20.427 +07:00 [INF] HTTP GET /images/tours/hue4.jpg responded 404 in 5.6878 ms
2026-04-05 03:14:20.591 +07:00 [INF] HTTP GET /images/tours/kr3.jpg responded 404 in 4.7473 ms
2026-04-05 03:14:20.496 +07:00 [INF] HTTP GET /images/tours/nb5.jpg responded 404 in 4.7544 ms
2026-04-05 03:14:20.568 +07:00 [INF] HTTP GET /images/tours/kr1.jpg responded 404 in 25.3120 ms
2026-04-05 03:14:20.569 +07:00 [INF] HTTP GET /images/tours/kr2.jpg responded 404 in 20.0096 ms
2026-04-05 03:14:20.443 +07:00 [INF] HTTP GET /lib/bootstrap/dist/js/bootstrap.bundle.min.js responded 200 in 10.5949 ms
2026-04-05 03:14:20.600 +07:00 [INF] HTTP GET /images/tours/kr4.jpg responded 404 in 5.3118 ms
2026-04-05 03:14:20.647 +07:00 [INF] HTTP GET /images/tours/hue5.jpg responded 404 in 26.1901 ms
2026-04-05 03:14:20.654 +07:00 [INF] HTTP GET /images/tours/kr5.jpg responded 404 in 12.0605 ms
2026-04-05 03:14:20.689 +07:00 [INF] HTTP GET /images/tours/ha1.jpg responded 404 in 3.3479 ms
2026-04-05 03:14:21.500 +07:00 [INF] HTTP GET /images/tours/jp5.jpg responded 404 in 1.7862 ms
2026-04-05 03:14:21.513 +07:00 [INF] HTTP GET /images/tours/ha2.jpg responded 404 in 7.7185 ms
2026-04-05 03:14:21.515 +07:00 [INF] HTTP GET /images/tours/ha3.jpg responded 404 in 1.6235 ms
2026-04-05 03:14:21.527 +07:00 [INF] HTTP GET /images/tours/ha4.jpg responded 404 in 2.3549 ms
2026-04-05 03:14:21.531 +07:00 [INF] HTTP GET /Admin/Tour responded 200 in 60.5135 ms
2026-04-05 03:14:21.540 +07:00 [INF] HTTP GET /images/tours/sg1.jpg responded 404 in 3.1880 ms
2026-04-05 03:14:21.565 +07:00 [INF] HTTP GET /lib/bootstrap/dist/css/bootstrap.min.css responded 200 in 11.4764 ms
2026-04-05 03:14:21.571 +07:00 [INF] HTTP GET /css/site.css responded 200 in 6.9869 ms
2026-04-05 03:14:21.592 +07:00 [INF] HTTP GET /lib/bootstrap/dist/js/bootstrap.bundle.min.js responded 200 in 8.3071 ms
2026-04-05 03:14:21.600 +07:00 [INF] HTTP GET /images/tours/sg2.jpg responded 404 in 1.7893 ms
2026-04-05 03:14:21.611 +07:00 [INF] HTTP GET /images/tours/sg3.jpg responded 404 in 1.7136 ms
2026-04-05 03:14:21.620 +07:00 [INF] HTTP GET /images/tours/sg4.jpg responded 404 in 2.3635 ms
2026-04-05 03:14:21.626 +07:00 [INF] HTTP GET /js/site.js responded 200 in 5.5532 ms
2026-04-05 03:14:21.634 +07:00 [INF] HTTP GET /lib/jquery/dist/jquery.min.js responded 200 in 7.4503 ms
2026-04-05 03:14:21.639 +07:00 [INF] HTTP GET /images/tours/ha5.jpg responded 404 in 1.8344 ms
2026-04-05 03:14:21.649 +07:00 [INF] HTTP GET /images/tours/nt2.jpg responded 404 in 2.5341 ms
2026-04-05 03:14:21.662 +07:00 [INF] HTTP GET /images/tours/pq1.jpg responded 304 in 2.1568 ms
2026-04-05 03:14:21.670 +07:00 [INF] HTTP GET /images/tours/nt3.jpg responded 404 in 1.7292 ms
2026-04-05 03:14:21.676 +07:00 [INF] HTTP GET /images/tours/nt1.jpg responded 304 in 4.2732 ms
2026-04-05 03:14:21.684 +07:00 [INF] HTTP GET /images/tours/sg5.jpg responded 404 in 2.2440 ms
2026-04-05 03:14:21.699 +07:00 [INF] HTTP GET /images/tours/nt4.jpg responded 404 in 2.1113 ms
2026-04-05 03:14:21.712 +07:00 [INF] HTTP GET /images/tours/nt5.jpg responded 404 in 2.0684 ms
2026-04-05 03:14:21.726 +07:00 [INF] HTTP GET /images/tours/dn1.jpg responded 304 in 2.8207 ms
2026-04-05 03:14:21.739 +07:00 [INF] HTTP GET /images/tours/dl1.jpg responded 304 in 2.4383 ms
2026-04-05 03:14:21.746 +07:00 [INF] HTTP GET /images/tours/fr1.jpg responded 404 in 1.6699 ms
2026-04-05 03:14:21.770 +07:00 [INF] HTTP GET /images/tours/fr2.jpg responded 404 in 1.9701 ms
2026-04-05 03:14:21.777 +07:00 [INF] HTTP GET /images/tours/mn1.jpg responded 304 in 2.3535 ms
2026-04-05 03:14:21.787 +07:00 [INF] HTTP GET /images/tours/mn2.jpg responded 404 in 4.9300 ms
2026-04-05 03:14:21.794 +07:00 [INF] HTTP GET /images/tours/fr3.jpg responded 404 in 1.7662 ms
2026-04-05 03:14:21.803 +07:00 [INF] HTTP GET /images/tours/mn3.jpg responded 404 in 5.4178 ms
2026-04-05 03:14:21.820 +07:00 [INF] HTTP GET /images/tours/mn4.jpg responded 404 in 3.0248 ms
2026-04-05 03:14:21.832 +07:00 [INF] HTTP GET /images/tours/fr4.jpg responded 404 in 4.9778 ms
2026-04-05 03:14:21.836 +07:00 [INF] HTTP GET /images/tours/mn5.jpg responded 404 in 1.6469 ms
2026-04-05 03:14:21.844 +07:00 [INF] HTTP GET /images/tours/hcm1.jpg responded 404 in 1.7638 ms
2026-04-05 03:14:21.851 +07:00 [INF] HTTP GET /images/tours/fr5.jpg responded 404 in 1.6753 ms
2026-04-05 03:14:21.856 +07:00 [INF] HTTP GET /images/tours/pq2.jpg responded 404 in 1.5855 ms
2026-04-05 03:14:21.865 +07:00 [INF] HTTP GET /images/tours/pq3.jpg responded 404 in 2.8473 ms
2026-04-05 03:14:21.875 +07:00 [INF] HTTP GET /images/tours/pq4.jpg responded 404 in 2.7001 ms
2026-04-05 03:14:21.880 +07:00 [INF] HTTP GET /images/tours/hcm2.jpg responded 404 in 3.0581 ms
2026-04-05 03:14:21.888 +07:00 [INF] HTTP GET /images/tours/hcm3.jpg responded 404 in 1.6318 ms
2026-04-05 03:14:21.898 +07:00 [INF] HTTP GET /images/tours/pq5.jpg responded 404 in 7.2485 ms
2026-04-05 03:14:21.904 +07:00 [INF] HTTP GET /images/tours/hcm4.jpg responded 404 in 3.6173 ms
2026-04-05 03:14:21.913 +07:00 [INF] HTTP GET /images/tours/hcm5.jpg responded 404 in 2.2027 ms
2026-04-05 03:14:21.927 +07:00 [INF] HTTP GET /images/tours/dn2.jpg responded 404 in 9.9939 ms
2026-04-05 03:14:21.933 +07:00 [INF] HTTP GET /images/tours/vt1.jpg responded 404 in 9.8895 ms
2026-04-05 03:14:21.946 +07:00 [INF] HTTP GET /images/tours/vt2.jpg responded 404 in 2.9343 ms
2026-04-05 03:14:21.960 +07:00 [INF] HTTP GET /images/tours/dn3.jpg responded 404 in 2.1770 ms
2026-04-05 03:14:21.993 +07:00 [INF] HTTP GET /images/tours/dn4.jpg responded 404 in 4.6084 ms
2026-04-05 03:14:22.014 +07:00 [INF] HTTP GET /images/tours/dn5.jpg responded 404 in 5.3027 ms
2026-04-05 03:14:22.015 +07:00 [INF] HTTP GET /images/tours/dl2.jpg responded 404 in 2.0232 ms
2026-04-05 03:14:22.050 +07:00 [INF] HTTP GET /images/tours/vt3.jpg responded 404 in 7.9604 ms
2026-04-05 03:14:22.070 +07:00 [INF] HTTP GET /images/tours/vt4.jpg responded 404 in 5.6928 ms
2026-04-05 03:14:22.092 +07:00 [INF] HTTP GET /images/tours/dl3.jpg responded 404 in 11.9913 ms
2026-04-05 03:14:22.159 +07:00 [INF] HTTP GET /images/tours/vt5.jpg responded 404 in 8.8589 ms
2026-04-05 03:14:22.183 +07:00 [INF] HTTP GET /images/tours/ct1.jpg responded 404 in 12.2874 ms
2026-04-05 03:14:22.252 +07:00 [INF] HTTP GET /images/tours/dl4.jpg responded 404 in 20.6793 ms
2026-04-05 03:14:22.291 +07:00 [INF] HTTP GET /images/tours/ct2.jpg responded 404 in 40.7946 ms
2026-04-05 03:14:22.446 +07:00 [INF] HTTP GET /images/tours/ct3.jpg responded 404 in 2.2738 ms
2026-04-05 03:14:22.464 +07:00 [INF] HTTP GET /images/tours/dl5.jpg responded 404 in 3.2964 ms
2026-04-05 03:14:22.475 +07:00 [INF] HTTP GET /images/tours/sp1.jpg responded 304 in 4.3508 ms
2026-04-05 03:14:22.523 +07:00 [INF] HTTP GET /images/tours/qn1.jpg responded 304 in 16.5248 ms
2026-04-05 03:14:22.532 +07:00 [INF] HTTP GET /images/tours/qn4.jpg responded 404 in 8.0228 ms
2026-04-05 03:14:22.585 +07:00 [INF] HTTP GET /images/tours/ct4.jpg responded 404 in 6.7547 ms
2026-04-05 03:14:22.603 +07:00 [INF] HTTP GET /images/tours/ct5.jpg responded 404 in 4.3871 ms
2026-04-05 03:14:22.620 +07:00 [INF] HTTP GET /images/tours/qn5.jpg responded 404 in 10.0012 ms
2026-04-05 03:14:22.631 +07:00 [INF] HTTP GET /images/tours/ag1.jpg responded 404 in 2.0393 ms
2026-04-05 03:14:22.727 +07:00 [INF] HTTP GET /images/tours/nb1.jpg responded 304 in 2.5131 ms
2026-04-05 03:14:22.748 +07:00 [INF] HTTP GET /images/tours/ag3.jpg responded 404 in 1.9777 ms
2026-04-05 03:14:22.783 +07:00 [INF] HTTP GET /images/tours/ag4.jpg responded 404 in 14.4880 ms
2026-04-05 03:14:22.662 +07:00 [INF] HTTP GET /images/tours/ag2.jpg responded 404 in 14.8446 ms
2026-04-05 03:14:22.864 +07:00 [INF] HTTP GET /images/tours/nb2.jpg responded 404 in 22.3959 ms
2026-04-05 03:14:22.936 +07:00 [INF] HTTP GET /images/tours/nb3.jpg responded 404 in 9.4629 ms
2026-04-05 03:14:22.949 +07:00 [INF] HTTP GET /images/tours/ag5.jpg responded 404 in 2.5616 ms
2026-04-05 03:14:22.965 +07:00 [INF] HTTP GET /images/tours/ht1.jpg responded 404 in 18.4384 ms
2026-04-05 03:14:22.978 +07:00 [INF] HTTP GET /images/tours/ht2.jpg responded 404 in 1.7056 ms
2026-04-05 03:14:23.008 +07:00 [INF] HTTP GET /images/tours/ht3.jpg responded 404 in 10.0800 ms
2026-04-05 03:14:23.025 +07:00 [INF] HTTP GET /images/tours/ht4.jpg responded 404 in 5.3508 ms
2026-04-05 03:14:23.143 +07:00 [INF] HTTP GET /images/tours/ht5.jpg responded 404 in 2.1136 ms
2026-04-05 03:14:23.367 +07:00 [INF] HTTP GET /Admin/Tour responded 200 in 681.6874 ms
2026-04-05 03:14:23.701 +07:00 [INF] HTTP GET /Admin/Tour responded 200 in 793.8034 ms
2026-04-05 03:14:23.721 +07:00 [INF] HTTP GET /images/tours/tl1.jpg responded 404 in 5.9488 ms
2026-04-05 03:14:23.726 +07:00 [INF] HTTP GET /images/tours/tl2.jpg responded 404 in 6.9206 ms
2026-04-05 03:14:23.726 +07:00 [INF] HTTP GET /css/site.css responded 200 in 14.7093 ms
2026-04-05 03:14:23.728 +07:00 [INF] HTTP GET /images/tours/tl3.jpg responded 404 in 1.8967 ms
2026-04-05 03:14:23.724 +07:00 [INF] HTTP GET /lib/bootstrap/dist/css/bootstrap.min.css responded 200 in 13.3175 ms
2026-04-05 03:14:23.800 +07:00 [INF] HTTP GET /lib/jquery/dist/jquery.min.js responded 200 in 4.7662 ms
2026-04-05 03:14:23.809 +07:00 [INF] HTTP GET /lib/bootstrap/dist/js/bootstrap.bundle.min.js responded 200 in 6.3432 ms
2026-04-05 03:14:23.809 +07:00 [INF] HTTP GET /images/tours/jp1.jpg responded 404 in 1.6865 ms
2026-04-05 03:14:23.819 +07:00 [INF] HTTP GET /images/tours/tl5.jpg responded 404 in 6.2315 ms
2026-04-05 03:14:23.837 +07:00 [INF] HTTP GET /images/tours/jp3.jpg responded 404 in 2.8820 ms
2026-04-05 03:14:23.844 +07:00 [INF] HTTP GET /images/tours/tl4.jpg responded 404 in 3.0398 ms
2026-04-05 03:14:23.859 +07:00 [INF] HTTP GET /js/site.js responded 200 in 6.0116 ms
2026-04-05 03:14:23.867 +07:00 [INF] HTTP GET /images/tours/jp2.jpg responded 404 in 2.3385 ms
2026-04-05 03:14:23.885 +07:00 [INF] HTTP GET /images/tours/jp5.jpg responded 404 in 3.1461 ms
2026-04-05 03:14:23.896 +07:00 [INF] HTTP GET /images/tours/kr1.jpg responded 404 in 1.6385 ms
2026-04-05 03:14:23.901 +07:00 [INF] HTTP GET /images/tours/kr2.jpg responded 404 in 1.6923 ms
2026-04-05 03:14:23.910 +07:00 [INF] HTTP GET /images/tours/kr3.jpg responded 404 in 1.7462 ms
2026-04-05 03:14:23.923 +07:00 [INF] HTTP GET /images/tours/jp4.jpg responded 404 in 3.0156 ms
2026-04-05 03:14:23.945 +07:00 [INF] HTTP GET /images/tours/kr4.jpg responded 404 in 6.4775 ms
2026-04-05 03:14:23.960 +07:00 [INF] HTTP GET /images/tours/kr5.jpg responded 404 in 5.8468 ms
2026-04-05 03:14:23.995 +07:00 [INF] HTTP GET /images/tours/sg1.jpg responded 404 in 6.0081 ms
2026-04-05 03:14:24.145 +07:00 [INF] HTTP GET /images/tours/sg2.jpg responded 404 in 4.3076 ms
2026-04-05 03:14:24.166 +07:00 [INF] HTTP GET /images/tours/sg3.jpg responded 404 in 4.5462 ms
2026-04-05 03:14:24.237 +07:00 [INF] HTTP GET /images/tours/sg4.jpg responded 404 in 17.1106 ms
2026-04-05 03:14:24.272 +07:00 [INF] HTTP GET /images/tours/sg5.jpg responded 404 in 20.8609 ms
2026-04-05 03:14:24.386 +07:00 [INF] HTTP GET /images/tours/fr1.jpg responded 404 in 9.2954 ms
2026-04-05 03:14:24.542 +07:00 [INF] HTTP GET /images/tours/fr2.jpg responded 404 in 13.8192 ms
2026-04-05 03:14:24.546 +07:00 [INF] HTTP GET /images/tours/fr3.jpg responded 404 in 3.1228 ms
2026-04-05 03:14:24.591 +07:00 [INF] HTTP GET /images/tours/fr4.jpg responded 404 in 1.6088 ms
2026-04-05 03:14:24.599 +07:00 [INF] HTTP GET /images/tours/fr5.jpg responded 404 in 2.7995 ms
2026-04-05 03:14:24.614 +07:00 [INF] HTTP GET /images/tours/pq1.jpg responded 304 in 2.9849 ms
2026-04-05 03:14:24.616 +07:00 [INF] HTTP GET /images/tours/pq2.jpg responded 404 in 1.5263 ms
2026-04-05 03:14:24.626 +07:00 [INF] HTTP GET /images/tours/pq3.jpg responded 404 in 1.8532 ms
2026-04-05 03:14:24.633 +07:00 [INF] HTTP GET /images/tours/pq4.jpg responded 404 in 1.6963 ms
2026-04-05 03:14:24.645 +07:00 [INF] HTTP GET /images/tours/pq5.jpg responded 404 in 1.8035 ms
2026-04-05 03:14:24.655 +07:00 [INF] HTTP GET /images/tours/dn1.jpg responded 304 in 2.4129 ms
2026-04-05 03:14:24.669 +07:00 [INF] HTTP GET /images/tours/dn2.jpg responded 404 in 4.7280 ms
2026-04-05 03:14:24.671 +07:00 [INF] HTTP GET /images/tours/dn3.jpg responded 404 in 2.0993 ms
2026-04-05 03:14:24.682 +07:00 [INF] HTTP GET /images/tours/dn4.jpg responded 404 in 4.3586 ms
2026-04-05 03:14:24.687 +07:00 [INF] HTTP GET /images/tours/dn5.jpg responded 404 in 3.4771 ms
2026-04-05 03:14:24.702 +07:00 [INF] HTTP GET /images/tours/dl1.jpg responded 304 in 6.4855 ms
2026-04-05 03:14:24.738 +07:00 [INF] HTTP GET /images/tours/dl2.jpg responded 404 in 10.0473 ms
2026-04-05 03:14:24.739 +07:00 [INF] HTTP GET /images/tours/dl3.jpg responded 404 in 3.6646 ms
2026-04-05 03:14:24.754 +07:00 [INF] HTTP GET /images/tours/dl4.jpg responded 404 in 1.8560 ms
2026-04-05 03:14:24.782 +07:00 [INF] HTTP GET /images/tours/dl5.jpg responded 404 in 7.5362 ms
2026-04-05 03:14:25.006 +07:00 [INF] HTTP GET /images/tours/sp1.jpg responded 304 in 14.3568 ms
2026-04-05 03:14:25.066 +07:00 [INF] HTTP GET /images/tours/sp3.jpg responded 404 in 1.4378 ms
2026-04-05 03:14:25.081 +07:00 [INF] HTTP GET /images/tours/sp2.jpg responded 404 in 17.2491 ms
2026-04-05 03:14:25.103 +07:00 [INF] HTTP GET /images/tours/sp4.jpg responded 404 in 11.0806 ms
2026-04-05 03:14:25.138 +07:00 [INF] HTTP GET /images/tours/sp5.jpg responded 404 in 15.3593 ms
2026-04-05 03:14:25.215 +07:00 [INF] HTTP GET /images/tours/qn1.jpg responded 304 in 3.5456 ms
2026-04-05 03:14:25.222 +07:00 [INF] HTTP GET /images/tours/qn2.jpg responded 404 in 2.5059 ms
2026-04-05 03:14:25.232 +07:00 [INF] HTTP GET /images/tours/qn3.jpg responded 404 in 2.0215 ms
2026-04-05 03:14:25.238 +07:00 [INF] HTTP GET /images/tours/qn4.jpg responded 404 in 2.8224 ms
2026-04-05 03:14:25.247 +07:00 [INF] HTTP GET /images/tours/qn5.jpg responded 404 in 5.6281 ms
2026-04-05 03:14:25.255 +07:00 [INF] HTTP GET /images/tours/nb1.jpg responded 304 in 2.8615 ms
2026-04-05 03:14:25.272 +07:00 [INF] HTTP GET /images/tours/nb2.jpg responded 404 in 2.3542 ms
2026-04-05 03:14:25.276 +07:00 [INF] HTTP GET /images/tours/nb3.jpg responded 404 in 4.5971 ms
2026-04-05 03:14:25.282 +07:00 [INF] HTTP GET /images/tours/nb4.jpg responded 404 in 2.1603 ms
2026-04-05 03:14:25.290 +07:00 [INF] HTTP GET /images/tours/nb5.jpg responded 404 in 2.9933 ms
2026-04-05 03:14:25.297 +07:00 [INF] HTTP GET /images/tours/hue1.jpg responded 404 in 3.2731 ms
2026-04-05 03:14:25.306 +07:00 [INF] HTTP GET /images/tours/hue2.jpg responded 404 in 1.6886 ms
2026-04-05 03:14:25.314 +07:00 [INF] HTTP GET /images/tours/hue3.jpg responded 404 in 1.7142 ms
2026-04-05 03:14:25.314 +07:00 [INF] HTTP GET /images/tours/hue4.jpg responded 404 in 1.8891 ms
2026-04-05 03:14:25.320 +07:00 [INF] HTTP GET /images/tours/hue5.jpg responded 404 in 1.7231 ms
2026-04-05 03:14:25.328 +07:00 [INF] HTTP GET /images/tours/ha1.jpg responded 404 in 1.7295 ms
2026-04-05 03:14:25.337 +07:00 [INF] HTTP GET /images/tours/ha2.jpg responded 404 in 2.3243 ms
2026-04-05 03:14:25.344 +07:00 [INF] HTTP GET /images/tours/ha3.jpg responded 404 in 1.9978 ms
2026-04-05 03:14:25.351 +07:00 [INF] HTTP GET /images/tours/ha4.jpg responded 404 in 1.9100 ms
2026-04-05 03:14:25.359 +07:00 [INF] HTTP GET /images/tours/ha5.jpg responded 404 in 3.5403 ms
2026-04-05 03:14:25.377 +07:00 [INF] HTTP GET /images/tours/nt1.jpg responded 304 in 11.1243 ms
2026-04-05 03:14:25.381 +07:00 [INF] HTTP GET /images/tours/nt2.jpg responded 404 in 2.1040 ms
2026-04-05 03:14:25.394 +07:00 [INF] HTTP GET /images/tours/nt3.jpg responded 404 in 3.6962 ms
2026-04-05 03:14:25.408 +07:00 [INF] HTTP GET /images/tours/nt4.jpg responded 404 in 3.8857 ms
2026-04-05 03:14:25.423 +07:00 [INF] HTTP GET /images/tours/nt5.jpg responded 404 in 9.7263 ms
2026-04-05 03:14:25.429 +07:00 [INF] HTTP GET /images/tours/mn1.jpg responded 304 in 3.5925 ms
2026-04-05 03:14:25.455 +07:00 [INF] HTTP GET /images/tours/mn2.jpg responded 404 in 2.5445 ms
2026-04-05 03:14:25.468 +07:00 [INF] HTTP GET /images/tours/mn3.jpg responded 404 in 3.2355 ms
2026-04-05 03:14:25.504 +07:00 [INF] HTTP GET /images/tours/mn4.jpg responded 404 in 1.8027 ms
2026-04-05 03:14:25.520 +07:00 [INF] HTTP GET /images/tours/mn5.jpg responded 404 in 2.5348 ms
2026-04-05 03:14:25.545 +07:00 [INF] HTTP GET /images/tours/hcm1.jpg responded 404 in 2.8056 ms
2026-04-05 03:14:25.561 +07:00 [INF] HTTP GET /images/tours/hcm2.jpg responded 404 in 1.8742 ms
2026-04-05 03:14:25.568 +07:00 [INF] HTTP GET /images/tours/hcm3.jpg responded 404 in 1.7029 ms
2026-04-05 03:14:25.590 +07:00 [INF] HTTP GET /images/tours/hcm4.jpg responded 404 in 7.4707 ms
2026-04-05 03:14:25.896 +07:00 [INF] HTTP GET /images/tours/hcm5.jpg responded 404 in 1.6469 ms
2026-04-05 03:14:25.977 +07:00 [INF] HTTP GET /images/tours/vt1.jpg responded 404 in 15.8102 ms
2026-04-05 03:14:26.055 +07:00 [INF] HTTP GET /images/tours/vt2.jpg responded 404 in 8.4897 ms
2026-04-05 03:14:26.648 +07:00 [INF] HTTP GET /images/tours/vt3.jpg responded 404 in 1.7290 ms
2026-04-05 03:14:26.755 +07:00 [INF] HTTP GET /images/tours/vt4.jpg responded 404 in 10.0031 ms
2026-04-05 03:14:26.907 +07:00 [INF] HTTP GET /images/tours/vt5.jpg responded 404 in 1.8063 ms
2026-04-05 03:14:26.945 +07:00 [INF] HTTP GET /images/tours/ct1.jpg responded 404 in 3.7191 ms
2026-04-05 03:14:26.958 +07:00 [INF] HTTP GET /images/tours/ct2.jpg responded 404 in 2.3341 ms
2026-04-05 03:14:26.979 +07:00 [INF] HTTP GET /images/tours/ct3.jpg responded 404 in 3.3581 ms
2026-04-05 03:14:26.996 +07:00 [INF] HTTP GET /images/tours/ct4.jpg responded 404 in 5.7477 ms
2026-04-05 03:14:27.004 +07:00 [INF] HTTP GET /images/tours/ct5.jpg responded 404 in 6.0052 ms
2026-04-05 03:14:27.016 +07:00 [INF] HTTP GET /images/tours/ag1.jpg responded 404 in 9.2463 ms
2026-04-05 03:14:27.044 +07:00 [INF] HTTP GET /images/tours/ag2.jpg responded 404 in 8.9855 ms
2026-04-05 03:14:27.120 +07:00 [INF] HTTP GET /images/tours/ag3.jpg responded 404 in 37.5209 ms
2026-04-05 03:14:27.166 +07:00 [INF] HTTP GET /images/tours/ag4.jpg responded 404 in 20.8625 ms
2026-04-05 03:14:27.240 +07:00 [INF] HTTP GET /images/tours/ag5.jpg responded 404 in 12.8605 ms
2026-04-05 03:14:27.240 +07:00 [INF] HTTP GET /images/tours/ht1.jpg responded 404 in 5.1470 ms
2026-04-05 03:14:27.249 +07:00 [INF] HTTP GET /images/tours/ht2.jpg responded 404 in 3.5319 ms
2026-04-05 03:14:27.262 +07:00 [INF] HTTP GET /images/tours/ht3.jpg responded 404 in 2.0124 ms
2026-04-05 03:14:27.279 +07:00 [INF] HTTP GET /images/tours/ht4.jpg responded 404 in 7.1367 ms
2026-04-05 03:14:27.298 +07:00 [INF] HTTP GET /images/tours/ht5.jpg responded 404 in 5.5092 ms
2026-04-05 03:14:31.097 +07:00 [INF] HTTP GET /Admin/Tour responded 200 in 291.0073 ms
2026-04-05 03:14:31.156 +07:00 [INF] HTTP GET /lib/bootstrap/dist/css/bootstrap.min.css responded 200 in 45.5269 ms
2026-04-05 03:14:31.157 +07:00 [INF] HTTP GET /css/site.css responded 200 in 42.4823 ms
2026-04-05 03:14:31.157 +07:00 [INF] HTTP GET /images/tours/tl1.jpg responded 404 in 40.7043 ms
2026-04-05 03:14:31.160 +07:00 [INF] HTTP GET /images/tours/tl2.jpg responded 404 in 40.1274 ms
2026-04-05 03:14:31.161 +07:00 [INF] HTTP GET /images/tours/tl3.jpg responded 404 in 5.0072 ms
2026-04-05 03:14:31.161 +07:00 [INF] HTTP GET /images/tours/tl4.jpg responded 404 in 6.0713 ms
2026-04-05 03:14:31.205 +07:00 [INF] HTTP GET /lib/jquery/dist/jquery.min.js responded 200 in 13.6266 ms
2026-04-05 03:14:31.301 +07:00 [INF] HTTP GET /images/tours/tl5.jpg responded 404 in 3.7467 ms
2026-04-05 03:14:31.315 +07:00 [INF] HTTP GET /images/tours/jp1.jpg responded 404 in 6.3699 ms
2026-04-05 03:14:31.331 +07:00 [INF] HTTP GET /js/site.js responded 200 in 5.3046 ms
2026-04-05 03:14:31.352 +07:00 [INF] HTTP GET /images/tours/jp3.jpg responded 404 in 5.9635 ms
2026-04-05 03:14:31.358 +07:00 [INF] HTTP GET /images/tours/jp4.jpg responded 404 in 7.1280 ms
2026-04-05 03:14:31.405 +07:00 [INF] HTTP GET /lib/bootstrap/dist/js/bootstrap.bundle.min.js responded 200 in 7.8397 ms
2026-04-05 03:14:31.445 +07:00 [INF] HTTP GET /images/tours/kr1.jpg responded 404 in 1.7169 ms
2026-04-05 03:14:31.469 +07:00 [INF] HTTP GET /images/tours/kr2.jpg responded 404 in 2.9624 ms
2026-04-05 03:14:31.473 +07:00 [INF] HTTP GET /images/tours/jp2.jpg responded 404 in 1.8653 ms
2026-04-05 03:14:31.484 +07:00 [INF] HTTP GET /images/tours/kr3.jpg responded 404 in 1.5673 ms
2026-04-05 03:14:31.497 +07:00 [INF] HTTP GET /images/tours/kr4.jpg responded 404 in 2.9088 ms
2026-04-05 03:14:31.502 +07:00 [INF] HTTP GET /images/tours/jp5.jpg responded 404 in 5.3016 ms
2026-04-05 03:14:31.510 +07:00 [INF] HTTP GET /images/tours/kr5.jpg responded 404 in 1.5697 ms
2026-04-05 03:14:31.520 +07:00 [INF] HTTP GET /images/tours/sg1.jpg responded 404 in 1.6176 ms
2026-04-05 03:14:31.526 +07:00 [INF] HTTP GET /images/tours/sg2.jpg responded 404 in 1.7919 ms
2026-04-05 03:14:31.533 +07:00 [INF] HTTP GET /images/tours/sg3.jpg responded 404 in 3.7680 ms
2026-04-05 03:14:31.538 +07:00 [INF] HTTP GET /images/tours/sg4.jpg responded 404 in 2.2580 ms
2026-04-05 03:14:31.546 +07:00 [INF] HTTP GET /images/tours/sg5.jpg responded 404 in 1.5123 ms
2026-04-05 03:14:31.553 +07:00 [INF] HTTP GET /images/tours/fr1.jpg responded 404 in 2.1056 ms
2026-04-05 03:14:31.555 +07:00 [INF] HTTP GET /images/tours/fr2.jpg responded 404 in 2.3781 ms
2026-04-05 03:14:31.565 +07:00 [INF] HTTP GET /images/tours/fr3.jpg responded 404 in 4.1108 ms
2026-04-05 03:14:31.579 +07:00 [INF] HTTP GET /images/tours/fr4.jpg responded 404 in 2.9094 ms
2026-04-05 03:14:31.601 +07:00 [INF] HTTP GET /images/tours/fr5.jpg responded 404 in 7.5672 ms
2026-04-05 03:14:31.616 +07:00 [INF] HTTP GET /images/tours/pq1.jpg responded 304 in 6.0205 ms
2026-04-05 03:14:31.633 +07:00 [INF] HTTP GET /images/tours/pq2.jpg responded 404 in 2.9070 ms
2026-04-05 03:14:31.661 +07:00 [INF] HTTP GET /images/tours/pq3.jpg responded 404 in 18.3719 ms
2026-04-05 03:14:31.768 +07:00 [INF] HTTP GET /images/tours/pq4.jpg responded 404 in 1.8305 ms
2026-04-05 03:14:31.789 +07:00 [INF] HTTP GET /images/tours/pq5.jpg responded 404 in 9.9305 ms
2026-04-05 03:14:31.972 +07:00 [INF] HTTP GET /images/tours/dn1.jpg responded 304 in 13.2453 ms
2026-04-05 03:14:31.990 +07:00 [INF] HTTP GET /images/tours/dn2.jpg responded 404 in 1.7234 ms
2026-04-05 03:14:32.025 +07:00 [INF] HTTP GET /images/tours/dn3.jpg responded 404 in 6.8677 ms
2026-04-05 03:14:32.024 +07:00 [INF] HTTP GET /Admin/Tour responded 200 in 71.9942 ms
2026-04-05 03:14:32.052 +07:00 [INF] HTTP GET /images/tours/dn4.jpg responded 404 in 2.5198 ms
2026-04-05 03:14:32.193 +07:00 [INF] HTTP GET /css/site.css responded 200 in 52.7718 ms
2026-04-05 03:14:32.207 +07:00 [INF] HTTP GET /lib/bootstrap/dist/css/bootstrap.min.css responded 200 in 68.8573 ms
2026-04-05 03:14:32.273 +07:00 [INF] HTTP GET /js/site.js responded 200 in 5.3675 ms
2026-04-05 03:14:32.355 +07:00 [INF] HTTP GET /images/tours/dl1.jpg responded 304 in 28.0388 ms
2026-04-05 03:14:32.440 +07:00 [INF] HTTP GET /images/tours/dl2.jpg responded 404 in 13.4141 ms
2026-04-05 03:14:32.482 +07:00 [INF] HTTP GET /images/tours/dl3.jpg responded 404 in 9.6161 ms
2026-04-05 03:14:32.566 +07:00 [INF] HTTP GET /lib/jquery/dist/jquery.min.js responded 200 in 16.4279 ms
2026-04-05 03:14:32.610 +07:00 [INF] HTTP GET /lib/bootstrap/dist/js/bootstrap.bundle.min.js responded 200 in 29.8456 ms
2026-04-05 03:14:32.628 +07:00 [INF] HTTP GET /images/tours/dn5.jpg responded 404 in 6.9444 ms
2026-04-05 03:14:32.667 +07:00 [INF] HTTP GET /images/tours/sp1.jpg responded 304 in 8.4593 ms
2026-04-05 03:14:32.762 +07:00 [INF] HTTP GET /images/tours/sp2.jpg responded 404 in 9.3581 ms
2026-04-05 03:14:32.771 +07:00 [INF] HTTP GET /images/tours/sp3.jpg responded 404 in 1.6449 ms
2026-04-05 03:14:32.783 +07:00 [INF] HTTP GET /images/tours/dl4.jpg responded 404 in 2.7322 ms
2026-04-05 03:14:32.787 +07:00 [INF] HTTP GET /images/tours/dl5.jpg responded 404 in 1.8379 ms
2026-04-05 03:14:32.802 +07:00 [INF] HTTP GET /images/tours/sp4.jpg responded 404 in 2.6115 ms
2026-04-05 03:14:32.808 +07:00 [INF] HTTP GET /images/tours/sp5.jpg responded 404 in 1.8705 ms
2026-04-05 03:14:32.828 +07:00 [INF] HTTP GET /images/tours/qn1.jpg responded 304 in 2.1138 ms
2026-04-05 03:14:32.843 +07:00 [INF] HTTP GET /images/tours/qn2.jpg responded 404 in 2.9923 ms
2026-04-05 03:14:32.856 +07:00 [INF] HTTP GET /images/tours/qn3.jpg responded 404 in 3.1192 ms
2026-04-05 03:14:32.863 +07:00 [INF] HTTP GET /images/tours/qn4.jpg responded 404 in 1.5537 ms
2026-04-05 03:14:32.870 +07:00 [INF] HTTP GET /images/tours/qn5.jpg responded 404 in 4.7080 ms
2026-04-05 03:14:32.876 +07:00 [INF] HTTP GET /images/tours/nb1.jpg responded 304 in 2.7175 ms
2026-04-05 03:14:32.883 +07:00 [INF] HTTP GET /images/tours/nb2.jpg responded 404 in 3.0546 ms
2026-04-05 03:14:32.891 +07:00 [INF] HTTP GET /images/tours/nb3.jpg responded 404 in 2.0336 ms
2026-04-05 03:14:32.898 +07:00 [INF] HTTP GET /images/tours/nb4.jpg responded 404 in 1.5502 ms
2026-04-05 03:14:32.908 +07:00 [INF] HTTP GET /images/tours/nb5.jpg responded 404 in 2.6969 ms
2026-04-05 03:14:32.911 +07:00 [INF] HTTP GET /images/tours/hue1.jpg responded 404 in 1.9293 ms
2026-04-05 03:14:32.919 +07:00 [INF] HTTP GET /images/tours/hue2.jpg responded 404 in 2.2436 ms
2026-04-05 03:14:32.927 +07:00 [INF] HTTP GET /images/tours/hue3.jpg responded 404 in 2.8604 ms
2026-04-05 03:14:32.945 +07:00 [INF] HTTP GET /images/tours/hue4.jpg responded 404 in 1.8049 ms
2026-04-05 03:14:33.004 +07:00 [INF] HTTP GET /images/tours/ha1.jpg responded 404 in 1.6739 ms
2026-04-05 03:14:33.007 +07:00 [INF] HTTP GET /images/tours/hue5.jpg responded 404 in 21.3340 ms
2026-04-05 03:14:33.025 +07:00 [INF] HTTP GET /images/tours/ha2.jpg responded 404 in 22.8140 ms
2026-04-05 03:14:33.030 +07:00 [INF] HTTP GET /images/tours/ha3.jpg responded 404 in 1.7877 ms
2026-04-05 03:14:33.061 +07:00 [INF] HTTP GET /images/tours/ha4.jpg responded 404 in 16.9763 ms
2026-04-05 03:14:33.065 +07:00 [INF] HTTP GET /images/tours/ha5.jpg responded 404 in 1.6593 ms
2026-04-05 03:14:33.173 +07:00 [INF] HTTP GET /images/tours/nt1.jpg responded 304 in 19.6636 ms
2026-04-05 03:14:33.324 +07:00 [INF] HTTP GET /images/tours/nt2.jpg responded 404 in 1.9259 ms
2026-04-05 03:14:33.336 +07:00 [INF] HTTP GET /images/tours/nt3.jpg responded 404 in 1.8132 ms
2026-04-05 03:14:33.346 +07:00 [INF] HTTP GET /images/tours/nt4.jpg responded 404 in 2.0968 ms
2026-04-05 03:14:33.357 +07:00 [INF] HTTP GET /images/tours/nt5.jpg responded 404 in 6.6795 ms
2026-04-05 03:14:33.364 +07:00 [INF] HTTP GET /images/tours/mn1.jpg responded 304 in 1.7793 ms
2026-04-05 03:14:33.372 +07:00 [INF] HTTP GET /images/tours/mn2.jpg responded 404 in 1.5362 ms
2026-04-05 03:14:33.378 +07:00 [INF] HTTP GET /images/tours/mn3.jpg responded 404 in 1.4237 ms
2026-04-05 03:14:33.388 +07:00 [INF] HTTP GET /images/tours/mn4.jpg responded 404 in 3.2078 ms
2026-04-05 03:14:33.396 +07:00 [INF] HTTP GET /images/tours/mn5.jpg responded 404 in 3.3782 ms
2026-04-05 03:14:33.404 +07:00 [INF] HTTP GET /images/tours/hcm1.jpg responded 404 in 1.7155 ms
2026-04-05 03:14:33.412 +07:00 [INF] HTTP GET /images/tours/hcm2.jpg responded 404 in 1.4666 ms
2026-04-05 03:14:33.419 +07:00 [INF] HTTP GET /images/tours/hcm3.jpg responded 404 in 2.5438 ms
2026-04-05 03:14:33.428 +07:00 [INF] HTTP GET /images/tours/hcm4.jpg responded 404 in 1.8074 ms
2026-04-05 03:14:33.440 +07:00 [INF] HTTP GET /images/tours/hcm5.jpg responded 404 in 2.5526 ms
2026-04-05 03:14:33.451 +07:00 [INF] HTTP GET /images/tours/vt1.jpg responded 404 in 3.8702 ms
2026-04-05 03:14:33.466 +07:00 [INF] HTTP GET /images/tours/vt2.jpg responded 404 in 3.8618 ms
2026-04-05 03:14:33.475 +07:00 [INF] HTTP GET /images/tours/vt3.jpg responded 404 in 3.1354 ms
2026-04-05 03:14:33.487 +07:00 [INF] HTTP GET /images/tours/vt4.jpg responded 404 in 1.5465 ms
2026-04-05 03:14:33.493 +07:00 [INF] HTTP GET /images/tours/vt5.jpg responded 404 in 1.8817 ms
2026-04-05 03:14:33.506 +07:00 [INF] HTTP GET /images/tours/ct1.jpg responded 404 in 2.4567 ms
2026-04-05 03:14:33.523 +07:00 [INF] HTTP GET /images/tours/ct2.jpg responded 404 in 1.6625 ms
2026-04-05 03:14:33.555 +07:00 [INF] HTTP GET /images/tours/ct3.jpg responded 404 in 3.7068 ms
2026-04-05 03:14:33.628 +07:00 [INF] HTTP GET /images/tours/ct4.jpg responded 404 in 1.9774 ms
2026-04-05 03:14:33.743 +07:00 [INF] HTTP GET /Admin/Tour responded 200 in 590.2709 ms
2026-04-05 03:14:33.842 +07:00 [INF] HTTP GET /css/site.css responded 200 in 2.8844 ms
2026-04-05 03:14:33.858 +07:00 [INF] HTTP GET /lib/bootstrap/dist/css/bootstrap.min.css responded 200 in 23.2875 ms
2026-04-05 03:14:33.873 +07:00 [INF] HTTP GET /lib/jquery/dist/jquery.min.js responded 200 in 24.5617 ms
2026-04-05 03:14:33.902 +07:00 [INF] HTTP GET /images/tours/tl4.jpg responded 404 in 3.7963 ms
2026-04-05 03:14:33.920 +07:00 [INF] HTTP GET /images/tours/tl5.jpg responded 404 in 1.7273 ms
2026-04-05 03:14:33.988 +07:00 [INF] HTTP GET /lib/bootstrap/dist/js/bootstrap.bundle.min.js responded 200 in 22.7635 ms
2026-04-05 03:14:34.062 +07:00 [INF] HTTP GET /images/tours/tl1.jpg responded 404 in 4.2416 ms
2026-04-05 03:14:34.079 +07:00 [INF] HTTP GET /images/tours/tl2.jpg responded 404 in 2.2747 ms
2026-04-05 03:14:34.097 +07:00 [INF] HTTP GET /images/tours/tl3.jpg responded 404 in 1.7940 ms
2026-04-05 03:14:34.114 +07:00 [INF] HTTP GET /js/site.js responded 200 in 12.1673 ms
2026-04-05 03:14:34.174 +07:00 [INF] HTTP GET /images/tours/ag1.jpg responded 404 in 10.2138 ms
2026-04-05 03:14:34.187 +07:00 [INF] HTTP GET /images/tours/jp1.jpg responded 404 in 2.4450 ms
2026-04-05 03:14:34.199 +07:00 [INF] HTTP GET /images/tours/ag2.jpg responded 404 in 5.8878 ms
2026-04-05 03:14:34.201 +07:00 [INF] HTTP GET /images/tours/ag3.jpg responded 404 in 1.9621 ms
2026-04-05 03:14:34.209 +07:00 [INF] HTTP GET /images/tours/ag4.jpg responded 404 in 1.4129 ms
2026-04-05 03:14:34.224 +07:00 [INF] HTTP GET /images/tours/ct5.jpg responded 404 in 3.3381 ms
2026-04-05 03:14:34.231 +07:00 [INF] HTTP GET /images/tours/ag5.jpg responded 404 in 1.5300 ms
2026-04-05 03:14:34.239 +07:00 [INF] HTTP GET /images/tours/jp2.jpg responded 404 in 1.7893 ms
2026-04-05 03:14:34.271 +07:00 [INF] HTTP GET /images/tours/ht1.jpg responded 404 in 1.6377 ms
2026-04-05 03:14:34.250 +07:00 [INF] HTTP GET /images/tours/jp4.jpg responded 404 in 1.6966 ms
2026-04-05 03:14:34.256 +07:00 [INF] HTTP GET /images/tours/jp5.jpg responded 404 in 4.3484 ms
2026-04-05 03:14:34.266 +07:00 [INF] HTTP GET /images/tours/kr1.jpg responded 404 in 4.0396 ms
2026-04-05 03:14:34.245 +07:00 [INF] HTTP GET /images/tours/jp3.jpg responded 404 in 2.3717 ms
2026-04-05 03:14:34.279 +07:00 [INF] HTTP GET /images/tours/kr2.jpg responded 404 in 5.7073 ms
2026-04-05 03:14:34.286 +07:00 [INF] HTTP GET /images/tours/ht2.jpg responded 404 in 1.5133 ms
2026-04-05 03:14:34.291 +07:00 [INF] HTTP GET /images/tours/ht3.jpg responded 404 in 1.5445 ms
2026-04-05 03:14:34.298 +07:00 [INF] HTTP GET /images/tours/ht4.jpg responded 404 in 1.4367 ms
2026-04-05 03:14:34.303 +07:00 [INF] HTTP GET /images/tours/ht5.jpg responded 404 in 2.1506 ms
2026-04-05 03:14:34.314 +07:00 [INF] HTTP GET /images/tours/kr3.jpg responded 404 in 1.8082 ms
2026-04-05 03:14:34.322 +07:00 [INF] HTTP GET /images/tours/kr4.jpg responded 404 in 2.0999 ms
2026-04-05 03:14:34.328 +07:00 [INF] HTTP GET /images/tours/kr5.jpg responded 404 in 2.8692 ms
2026-04-05 03:14:34.368 +07:00 [INF] HTTP GET /images/tours/sg1.jpg responded 404 in 6.3503 ms
2026-04-05 03:14:34.390 +07:00 [INF] HTTP GET /images/tours/sg2.jpg responded 404 in 1.6946 ms
2026-04-05 03:14:34.444 +07:00 [INF] HTTP GET /images/tours/sg3.jpg responded 404 in 5.4503 ms
2026-04-05 03:14:34.501 +07:00 [INF] HTTP GET /images/tours/sg4.jpg responded 404 in 5.6395 ms
2026-04-05 03:14:34.521 +07:00 [INF] HTTP GET /images/tours/sg5.jpg responded 404 in 6.3014 ms
2026-04-05 03:14:34.572 +07:00 [INF] HTTP GET /images/tours/fr1.jpg responded 404 in 2.2724 ms
2026-04-05 03:14:34.619 +07:00 [INF] HTTP GET /images/tours/fr2.jpg responded 404 in 7.0484 ms
2026-04-05 03:14:34.671 +07:00 [INF] HTTP GET /images/tours/fr3.jpg responded 404 in 4.3999 ms
2026-04-05 03:14:34.695 +07:00 [INF] HTTP GET /images/tours/fr4.jpg responded 404 in 4.9885 ms
2026-04-05 03:14:34.716 +07:00 [INF] HTTP GET /images/tours/fr5.jpg responded 404 in 8.3728 ms
2026-04-05 03:14:34.732 +07:00 [INF] HTTP GET /images/tours/pq1.jpg responded 304 in 2.8385 ms
2026-04-05 03:14:34.747 +07:00 [INF] HTTP GET /images/tours/pq2.jpg responded 404 in 2.8903 ms
2026-04-05 03:14:34.763 +07:00 [INF] HTTP GET /images/tours/pq3.jpg responded 404 in 2.9255 ms
2026-04-05 03:14:34.778 +07:00 [INF] HTTP GET /images/tours/pq4.jpg responded 404 in 6.9451 ms
2026-04-05 03:14:34.796 +07:00 [INF] HTTP GET /images/tours/pq5.jpg responded 404 in 5.8940 ms
2026-04-05 03:14:34.797 +07:00 [INF] HTTP GET /images/tours/dn1.jpg responded 304 in 2.6344 ms
2026-04-05 03:14:34.809 +07:00 [INF] HTTP GET /images/tours/dn2.jpg responded 404 in 1.6905 ms
2026-04-05 03:14:34.821 +07:00 [INF] HTTP GET /images/tours/dn3.jpg responded 404 in 1.9730 ms
2026-04-05 03:14:35.096 +07:00 [INF] HTTP GET /images/tours/dl3.jpg responded 404 in 1.6465 ms
2026-04-05 03:14:34.840 +07:00 [INF] HTTP GET /images/tours/dn5.jpg responded 404 in 7.4906 ms
2026-04-05 03:14:34.904 +07:00 [INF] HTTP GET /images/tours/dl1.jpg responded 304 in 2.1975 ms
2026-04-05 03:14:34.967 +07:00 [INF] HTTP GET /images/tours/dl2.jpg responded 404 in 24.9284 ms
2026-04-05 03:14:34.826 +07:00 [INF] HTTP GET /images/tours/dn4.jpg responded 404 in 1.8272 ms
2026-04-05 03:14:35.102 +07:00 [INF] HTTP GET /images/tours/dl4.jpg responded 404 in 2.6176 ms
2026-04-05 03:14:35.120 +07:00 [INF] HTTP GET /images/tours/dl5.jpg responded 404 in 1.5503 ms
2026-04-05 03:14:35.126 +07:00 [INF] HTTP GET /images/tours/sp1.jpg responded 304 in 1.6759 ms
2026-04-05 03:14:35.157 +07:00 [INF] HTTP GET /images/tours/sp2.jpg responded 404 in 1.8228 ms
2026-04-05 03:14:35.169 +07:00 [INF] HTTP GET /images/tours/sp3.jpg responded 404 in 1.5117 ms
2026-04-05 03:14:35.186 +07:00 [INF] HTTP GET /images/tours/sp4.jpg responded 404 in 6.7149 ms
2026-04-05 03:14:35.201 +07:00 [INF] HTTP GET /images/tours/sp5.jpg responded 404 in 5.2907 ms
2026-04-05 03:14:35.222 +07:00 [INF] HTTP GET /images/tours/qn1.jpg responded 304 in 2.7638 ms
2026-04-05 03:14:35.244 +07:00 [INF] HTTP GET /images/tours/qn3.jpg responded 404 in 1.5059 ms
2026-04-05 03:14:35.246 +07:00 [INF] HTTP GET /images/tours/qn2.jpg responded 404 in 2.8816 ms
2026-04-05 03:14:35.277 +07:00 [INF] HTTP GET /images/tours/qn4.jpg responded 404 in 2.1110 ms
2026-04-05 03:14:35.286 +07:00 [INF] HTTP GET /images/tours/qn5.jpg responded 404 in 2.3928 ms
2026-04-05 03:14:35.332 +07:00 [INF] HTTP GET /images/tours/nb1.jpg responded 304 in 3.5272 ms
2026-04-05 03:14:35.371 +07:00 [INF] HTTP GET /images/tours/nb3.jpg responded 404 in 1.8201 ms
2026-04-05 03:14:35.374 +07:00 [INF] HTTP GET /images/tours/nb2.jpg responded 404 in 4.6164 ms
2026-04-05 03:14:35.384 +07:00 [INF] HTTP GET /images/tours/nb4.jpg responded 404 in 1.6412 ms
2026-04-05 03:14:35.402 +07:00 [INF] HTTP GET /images/tours/nb5.jpg responded 404 in 1.8930 ms
2026-04-05 03:14:35.419 +07:00 [INF] HTTP GET /images/tours/hue1.jpg responded 404 in 3.4679 ms
2026-04-05 03:14:35.446 +07:00 [INF] HTTP GET /images/tours/hue2.jpg responded 404 in 4.4860 ms
2026-04-05 03:14:35.461 +07:00 [INF] HTTP GET /images/tours/hue3.jpg responded 404 in 1.6580 ms
2026-04-05 03:14:35.463 +07:00 [INF] HTTP GET /images/tours/hue4.jpg responded 404 in 6.4247 ms
2026-04-05 03:14:35.492 +07:00 [INF] HTTP GET /images/tours/ha1.jpg responded 404 in 1.4910 ms
2026-04-05 03:14:35.494 +07:00 [INF] HTTP GET /images/tours/hue5.jpg responded 404 in 6.5570 ms
2026-04-05 03:14:35.513 +07:00 [INF] HTTP GET /images/tours/ha2.jpg responded 404 in 2.2389 ms
2026-04-05 03:14:35.515 +07:00 [INF] HTTP GET /images/tours/ha3.jpg responded 404 in 1.8071 ms
2026-04-05 03:14:35.526 +07:00 [INF] HTTP GET /images/tours/ha4.jpg responded 404 in 1.4543 ms
2026-04-05 03:14:35.553 +07:00 [INF] HTTP GET /images/tours/ha5.jpg responded 404 in 10.8902 ms
2026-04-05 03:14:35.571 +07:00 [INF] HTTP GET /images/tours/nt1.jpg responded 304 in 2.3012 ms
2026-04-05 03:14:35.602 +07:00 [INF] HTTP GET /images/tours/nt2.jpg responded 404 in 6.6519 ms
2026-04-05 03:14:35.634 +07:00 [INF] HTTP GET /images/tours/nt3.jpg responded 404 in 1.4651 ms
2026-04-05 03:14:35.674 +07:00 [INF] HTTP GET /images/tours/nt4.jpg responded 404 in 2.6921 ms
2026-04-05 03:14:35.689 +07:00 [INF] HTTP GET /images/tours/nt5.jpg responded 404 in 1.6884 ms
2026-04-05 03:14:35.710 +07:00 [INF] HTTP GET /images/tours/mn1.jpg responded 304 in 2.5860 ms
2026-04-05 03:14:35.763 +07:00 [INF] HTTP GET /images/tours/mn3.jpg responded 404 in 1.9297 ms
2026-04-05 03:14:35.764 +07:00 [INF] HTTP GET /images/tours/mn2.jpg responded 404 in 9.0416 ms
2026-04-05 03:14:35.776 +07:00 [INF] HTTP GET /images/tours/mn4.jpg responded 404 in 1.6319 ms
2026-04-05 03:14:35.787 +07:00 [INF] HTTP GET /images/tours/mn5.jpg responded 404 in 3.4887 ms
2026-04-05 03:14:35.799 +07:00 [INF] HTTP GET /images/tours/hcm1.jpg responded 404 in 1.8918 ms
2026-04-05 03:14:35.833 +07:00 [INF] HTTP GET /images/tours/hcm3.jpg responded 404 in 6.9614 ms
2026-04-05 03:14:35.833 +07:00 [INF] HTTP GET /images/tours/hcm2.jpg responded 404 in 5.2018 ms
2026-04-05 03:14:35.856 +07:00 [INF] HTTP GET /images/tours/hcm4.jpg responded 404 in 1.5202 ms
2026-04-05 03:14:35.871 +07:00 [INF] HTTP GET /images/tours/hcm5.jpg responded 404 in 1.9070 ms
2026-04-05 03:14:35.888 +07:00 [INF] HTTP GET /images/tours/vt1.jpg responded 404 in 5.6109 ms
2026-04-05 03:14:35.904 +07:00 [INF] HTTP GET /images/tours/vt2.jpg responded 404 in 1.4913 ms
2026-04-05 03:14:35.910 +07:00 [INF] HTTP GET /images/tours/vt3.jpg responded 404 in 2.6431 ms
2026-04-05 03:14:35.928 +07:00 [INF] HTTP GET /images/tours/vt4.jpg responded 404 in 5.8324 ms
2026-04-05 03:14:35.949 +07:00 [INF] HTTP GET /images/tours/vt5.jpg responded 404 in 5.6903 ms
2026-04-05 03:14:35.964 +07:00 [INF] HTTP GET /images/tours/ct1.jpg responded 404 in 3.8099 ms
2026-04-05 03:14:35.972 +07:00 [INF] HTTP GET /images/tours/ct2.jpg responded 404 in 2.4251 ms
2026-04-05 03:14:35.980 +07:00 [INF] HTTP GET /images/tours/ct3.jpg responded 404 in 2.8332 ms
2026-04-05 03:14:35.988 +07:00 [INF] HTTP GET /images/tours/ct4.jpg responded 404 in 1.4174 ms
2026-04-05 03:14:36.003 +07:00 [INF] HTTP GET /images/tours/ct5.jpg responded 404 in 2.2972 ms
2026-04-05 03:14:36.043 +07:00 [INF] HTTP GET /images/tours/ag5.jpg responded 404 in 1.6133 ms
2026-04-05 03:14:36.022 +07:00 [INF] HTTP GET /images/tours/ag2.jpg responded 404 in 3.1043 ms
2026-04-05 03:14:36.030 +07:00 [INF] HTTP GET /images/tours/ag3.jpg responded 404 in 1.5402 ms
2026-04-05 03:14:36.038 +07:00 [INF] HTTP GET /images/tours/ag4.jpg responded 404 in 3.1152 ms
2026-04-05 03:14:36.014 +07:00 [INF] HTTP GET /images/tours/ag1.jpg responded 404 in 4.0567 ms
2026-04-05 03:14:36.048 +07:00 [INF] HTTP GET /images/tours/ht1.jpg responded 404 in 1.5921 ms
2026-04-05 03:14:36.055 +07:00 [INF] HTTP GET /images/tours/ht2.jpg responded 404 in 2.2463 ms
2026-04-05 03:14:36.069 +07:00 [INF] HTTP GET /images/tours/ht3.jpg responded 404 in 4.5989 ms
2026-04-05 03:14:36.076 +07:00 [INF] HTTP GET /images/tours/ht4.jpg responded 404 in 2.0116 ms
2026-04-05 03:14:36.083 +07:00 [INF] HTTP GET /images/tours/ht5.jpg responded 404 in 3.6664 ms
2026-04-05 03:15:29.807 +07:00 [INF] Seed dữ liệu ban đầu thành công
2026-04-05 03:15:30.431 +07:00 [INF] Ứng dụng Tour Du Lịch khởi chạy
2026-04-05 03:15:30.990 +07:00 [WRN] Failed to determine the https port for redirect.
2026-04-05 03:15:32.208 +07:00 [INF] HTTP GET /Admin/Tour responded 200 in 1084.7010 ms
2026-04-05 03:15:32.534 +07:00 [INF] HTTP GET /lib/bootstrap/dist/css/bootstrap.min.css responded 200 in 97.6291 ms
2026-04-05 03:15:32.577 +07:00 [INF] HTTP GET /images/tours/tl1.jpg responded 404 in 36.4219 ms
2026-04-05 03:15:32.577 +07:00 [INF] HTTP GET /images/tours/tl2.jpg responded 404 in 36.4992 ms
2026-04-05 03:15:32.579 +07:00 [INF] HTTP GET /css/site.css responded 200 in 53.3454 ms
2026-04-05 03:15:32.580 +07:00 [INF] HTTP GET /lib/jquery/dist/jquery.min.js responded 200 in 39.6356 ms
2026-04-05 03:15:32.662 +07:00 [INF] HTTP GET /images/tours/tl3.jpg responded 404 in 1.1830 ms
2026-04-05 03:15:32.662 +07:00 [INF] HTTP GET /images/tours/tl4.jpg responded 404 in 1.3284 ms
2026-04-05 03:15:32.662 +07:00 [INF] HTTP GET /images/tours/tl5.jpg responded 404 in 1.3322 ms
2026-04-05 03:15:32.684 +07:00 [INF] HTTP GET /js/site.js responded 200 in 2.6363 ms
2026-04-05 03:15:32.685 +07:00 [INF] HTTP GET /images/tours/jp1.jpg responded 404 in 0.8652 ms
2026-04-05 03:15:32.686 +07:00 [INF] HTTP GET /lib/bootstrap/dist/js/bootstrap.bundle.min.js responded 200 in 3.3335 ms
2026-04-05 03:15:32.698 +07:00 [INF] HTTP GET /images/tours/jp2.jpg responded 404 in 1.0437 ms
2026-04-05 03:15:32.711 +07:00 [INF] HTTP GET /images/tours/jp3.jpg responded 404 in 1.1392 ms
2026-04-05 03:15:32.722 +07:00 [INF] HTTP GET /images/tours/jp4.jpg responded 404 in 1.2823 ms
2026-04-05 03:15:32.723 +07:00 [INF] HTTP GET /images/tours/jp5.jpg responded 404 in 1.4250 ms
2026-04-05 03:15:32.980 +07:00 [INF] HTTP GET /images/tours/kr1.jpg responded 404 in 1.7578 ms
2026-04-05 03:15:32.981 +07:00 [INF] HTTP GET /images/tours/kr3.jpg responded 404 in 1.3072 ms
2026-04-05 03:15:32.982 +07:00 [INF] HTTP GET /images/tours/kr4.jpg responded 404 in 1.3024 ms
2026-04-05 03:15:32.983 +07:00 [INF] HTTP GET /images/tours/kr5.jpg responded 404 in 1.2139 ms
2026-04-05 03:15:32.983 +07:00 [INF] HTTP GET /images/tours/kr2.jpg responded 404 in 4.2622 ms
2026-04-05 03:15:32.983 +07:00 [INF] HTTP GET /images/tours/sg1.jpg responded 404 in 1.1221 ms
2026-04-05 03:15:32.996 +07:00 [INF] HTTP GET /images/tours/sg2.jpg responded 404 in 1.7601 ms
2026-04-05 03:15:33.012 +07:00 [INF] HTTP GET /images/tours/sg3.jpg responded 404 in 1.6690 ms
2026-04-05 03:15:33.023 +07:00 [INF] HTTP GET /images/tours/sg4.jpg responded 404 in 1.9166 ms
2026-04-05 03:15:33.035 +07:00 [INF] HTTP GET /images/tours/sg5.jpg responded 404 in 2.9973 ms
2026-04-05 03:15:33.050 +07:00 [INF] HTTP GET /images/tours/fr1.jpg responded 404 in 4.7676 ms
2026-04-05 03:15:33.065 +07:00 [INF] HTTP GET /images/tours/fr2.jpg responded 404 in 5.4136 ms
2026-04-05 03:15:33.073 +07:00 [INF] HTTP GET /images/tours/fr3.jpg responded 404 in 2.6759 ms
2026-04-05 03:15:33.086 +07:00 [INF] HTTP GET /images/tours/fr4.jpg responded 404 in 2.8241 ms
2026-04-05 03:15:33.101 +07:00 [INF] HTTP GET /images/tours/fr5.jpg responded 404 in 2.3997 ms
2026-04-05 03:15:33.108 +07:00 [INF] HTTP GET /images/tours/pq1.jpg responded 304 in 1.8317 ms
2026-04-05 03:15:33.121 +07:00 [INF] HTTP GET /images/tours/pq2.jpg responded 404 in 4.2132 ms
2026-04-05 03:15:33.124 +07:00 [INF] HTTP GET /images/tours/pq3.jpg responded 404 in 1.7761 ms
2026-04-05 03:15:33.133 +07:00 [INF] HTTP GET /images/tours/pq4.jpg responded 404 in 4.3523 ms
2026-04-05 03:15:33.148 +07:00 [INF] HTTP GET /images/tours/pq5.jpg responded 404 in 1.6850 ms
2026-04-05 03:15:33.162 +07:00 [INF] HTTP GET /images/tours/dn1.jpg responded 304 in 1.7237 ms
2026-04-05 03:15:33.171 +07:00 [INF] HTTP GET /images/tours/dn2.jpg responded 404 in 4.1913 ms
2026-04-05 03:15:33.183 +07:00 [INF] HTTP GET /images/tours/dn3.jpg responded 404 in 5.4415 ms
2026-04-05 03:15:33.198 +07:00 [INF] HTTP GET /images/tours/dn4.jpg responded 404 in 2.6257 ms
2026-04-05 03:15:33.204 +07:00 [INF] HTTP GET /images/tours/dn5.jpg responded 404 in 1.7440 ms
2026-04-05 03:15:33.212 +07:00 [INF] HTTP GET /images/tours/dl1.jpg responded 304 in 1.6937 ms
2026-04-05 03:15:33.226 +07:00 [INF] HTTP GET /images/tours/dl2.jpg responded 404 in 1.7033 ms
2026-04-05 03:15:33.233 +07:00 [INF] HTTP GET /images/tours/dl3.jpg responded 404 in 1.7417 ms
2026-04-05 03:15:33.247 +07:00 [INF] HTTP GET /images/tours/dl4.jpg responded 404 in 4.9788 ms
2026-04-05 03:15:33.284 +07:00 [INF] HTTP GET /images/tours/sp3.jpg responded 404 in 1.7144 ms
2026-04-05 03:15:33.260 +07:00 [INF] HTTP GET /images/tours/sp1.jpg responded 304 in 4.2733 ms
2026-04-05 03:15:33.277 +07:00 [INF] HTTP GET /images/tours/sp2.jpg responded 404 in 5.0461 ms
2026-04-05 03:15:33.253 +07:00 [INF] HTTP GET /images/tours/dl5.jpg responded 404 in 1.5962 ms
2026-04-05 03:15:33.288 +07:00 [INF] HTTP GET /images/tours/sp4.jpg responded 404 in 1.5194 ms
2026-04-05 03:15:33.295 +07:00 [INF] HTTP GET /images/tours/sp5.jpg responded 404 in 2.0693 ms
2026-04-05 03:15:33.300 +07:00 [INF] HTTP GET /images/tours/qn1.jpg responded 304 in 1.7803 ms
2026-04-05 03:15:33.308 +07:00 [INF] HTTP GET /images/tours/qn2.jpg responded 404 in 4.8078 ms
2026-04-05 03:15:33.314 +07:00 [INF] HTTP GET /images/tours/qn3.jpg responded 404 in 1.4436 ms
2026-04-05 03:15:33.318 +07:00 [INF] HTTP GET /images/tours/qn4.jpg responded 404 in 1.7344 ms
2026-04-05 03:15:33.327 +07:00 [INF] HTTP GET /images/tours/qn5.jpg responded 404 in 3.1537 ms
2026-04-05 03:15:33.336 +07:00 [INF] HTTP GET /images/tours/nb1.jpg responded 304 in 4.1472 ms
2026-04-05 03:15:33.360 +07:00 [INF] HTTP GET /images/tours/nb2.jpg responded 404 in 1.9467 ms
2026-04-05 03:15:33.364 +07:00 [INF] HTTP GET /images/tours/nb3.jpg responded 404 in 1.5642 ms
2026-04-05 03:15:33.371 +07:00 [INF] HTTP GET /images/tours/nb4.jpg responded 404 in 1.7923 ms
2026-04-05 03:15:33.376 +07:00 [INF] HTTP GET /images/tours/nb5.jpg responded 404 in 1.5951 ms
2026-04-05 03:15:33.385 +07:00 [INF] HTTP GET /images/tours/hue1.jpg responded 404 in 4.0800 ms
2026-04-05 03:15:33.404 +07:00 [INF] HTTP GET /images/tours/hue2.jpg responded 404 in 2.9092 ms
2026-04-05 03:15:33.405 +07:00 [INF] HTTP GET /images/tours/hue3.jpg responded 404 in 1.1424 ms
2026-04-05 03:15:33.413 +07:00 [INF] HTTP GET /images/tours/hue4.jpg responded 404 in 2.1201 ms
2026-04-05 03:15:33.424 +07:00 [INF] HTTP GET /images/tours/hue5.jpg responded 404 in 3.0197 ms
2026-04-05 03:15:33.425 +07:00 [INF] HTTP GET /images/tours/ha1.jpg responded 404 in 1.1286 ms
2026-04-05 03:15:33.434 +07:00 [INF] HTTP GET /images/tours/ha2.jpg responded 404 in 4.7167 ms
2026-04-05 03:15:33.444 +07:00 [INF] HTTP GET /images/tours/ha3.jpg responded 404 in 2.9450 ms
2026-04-05 03:15:33.450 +07:00 [INF] HTTP GET /images/tours/ha4.jpg responded 404 in 2.2425 ms
2026-04-05 03:15:33.463 +07:00 [INF] HTTP GET /images/tours/ha5.jpg responded 404 in 4.5768 ms
2026-04-05 03:15:33.481 +07:00 [INF] HTTP GET /images/tours/nt1.jpg responded 304 in 6.4666 ms
2026-04-05 03:15:33.489 +07:00 [INF] HTTP GET /images/tours/nt2.jpg responded 404 in 1.7962 ms
2026-04-05 03:15:33.495 +07:00 [INF] HTTP GET /images/tours/nt3.jpg responded 404 in 3.9808 ms
2026-04-05 03:15:33.503 +07:00 [INF] HTTP GET /images/tours/nt4.jpg responded 404 in 1.3986 ms
2026-04-05 03:15:33.513 +07:00 [INF] HTTP GET /images/tours/nt5.jpg responded 404 in 6.8655 ms
2026-04-05 03:15:33.528 +07:00 [INF] HTTP GET /images/tours/mn1.jpg responded 304 in 6.6792 ms
2026-04-05 03:15:33.560 +07:00 [INF] HTTP GET /images/tours/mn2.jpg responded 404 in 9.0188 ms
2026-04-05 03:15:33.560 +07:00 [INF] HTTP GET /images/tours/mn3.jpg responded 404 in 1.3823 ms
2026-04-05 03:15:33.566 +07:00 [INF] HTTP GET /images/tours/mn4.jpg responded 404 in 1.6516 ms
2026-04-05 03:15:33.624 +07:00 [INF] HTTP GET /images/tours/mn5.jpg responded 404 in 9.7526 ms
2026-04-05 03:15:34.141 +07:00 [INF] HTTP GET /images/tours/hcm1.jpg responded 404 in 1.6508 ms
2026-04-05 03:15:34.165 +07:00 [INF] HTTP GET /images/tours/hcm2.jpg responded 404 in 5.4001 ms
2026-04-05 03:15:34.182 +07:00 [INF] HTTP GET /images/tours/hcm3.jpg responded 404 in 8.0636 ms
2026-04-05 03:15:34.258 +07:00 [INF] HTTP GET /images/tours/hcm4.jpg responded 404 in 8.5231 ms
2026-04-05 03:15:34.292 +07:00 [INF] HTTP GET /images/tours/hcm5.jpg responded 404 in 8.8450 ms
2026-04-05 03:15:34.296 +07:00 [INF] HTTP GET /images/tours/vt1.jpg responded 404 in 2.3467 ms
2026-04-05 03:15:34.315 +07:00 [INF] HTTP GET /images/tours/vt3.jpg responded 404 in 1.6246 ms
2026-04-05 03:15:34.315 +07:00 [INF] HTTP GET /images/tours/vt2.jpg responded 404 in 7.6703 ms
2026-04-05 03:15:34.342 +07:00 [INF] HTTP GET /images/tours/vt4.jpg responded 404 in 2.1543 ms
2026-04-05 03:15:34.355 +07:00 [INF] HTTP GET /images/tours/vt5.jpg responded 404 in 1.9232 ms
2026-04-05 03:15:34.389 +07:00 [INF] HTTP GET /images/tours/ct1.jpg responded 404 in 1.5348 ms
2026-04-05 03:15:34.417 +07:00 [INF] HTTP GET /images/tours/ct2.jpg responded 404 in 5.1210 ms
2026-04-05 03:15:34.432 +07:00 [INF] HTTP GET /images/tours/ct3.jpg responded 404 in 2.2172 ms
2026-04-05 03:15:34.648 +07:00 [INF] HTTP GET /images/tours/ct4.jpg responded 404 in 13.7390 ms
2026-04-05 03:15:35.055 +07:00 [INF] HTTP GET /images/tours/ct5.jpg responded 404 in 2.3229 ms
2026-04-05 03:15:35.701 +07:00 [INF] HTTP GET /images/tours/ag1.jpg responded 404 in 4.0180 ms
2026-04-05 03:15:35.711 +07:00 [INF] HTTP GET /images/tours/ag2.jpg responded 404 in 4.4877 ms
2026-04-05 03:15:35.723 +07:00 [INF] HTTP GET /images/tours/ag3.jpg responded 404 in 1.9090 ms
2026-04-05 03:15:35.742 +07:00 [INF] HTTP GET /images/tours/ag4.jpg responded 404 in 3.4752 ms
2026-04-05 03:15:35.752 +07:00 [INF] HTTP GET /images/tours/ag5.jpg responded 404 in 1.7472 ms
2026-04-05 03:15:35.760 +07:00 [INF] HTTP GET /images/tours/ht1.jpg responded 404 in 1.6414 ms
2026-04-05 03:15:35.780 +07:00 [INF] HTTP GET /images/tours/ht2.jpg responded 404 in 3.5797 ms
2026-04-05 03:15:35.793 +07:00 [INF] HTTP GET /images/tours/ht3.jpg responded 404 in 3.8486 ms
2026-04-05 03:15:35.800 +07:00 [INF] HTTP GET /images/tours/ht4.jpg responded 404 in 1.9235 ms
2026-04-05 03:15:35.816 +07:00 [INF] HTTP GET /images/tours/ht5.jpg responded 404 in 2.1657 ms
2026-04-05 03:15:35.927 +07:00 [INF] HTTP GET /favicon.ico responded 200 in 4.0098 ms
2026-04-05 03:15:43.259 +07:00 [INF] HTTP GET /Admin responded 200 in 617.7212 ms
2026-04-05 03:15:43.267 +07:00 [INF] HTTP GET /css/site.css responded 200 in 1.0101 ms
2026-04-05 03:15:43.268 +07:00 [INF] HTTP GET /lib/bootstrap/dist/css/bootstrap.min.css responded 200 in 2.1630 ms
2026-04-05 03:15:43.268 +07:00 [INF] HTTP GET /js/site.js responded 200 in 0.9523 ms
2026-04-05 03:15:43.277 +07:00 [INF] HTTP GET /lib/jquery/dist/jquery.min.js responded 200 in 3.2183 ms
2026-04-05 03:15:43.316 +07:00 [INF] HTTP GET /lib/bootstrap/dist/js/bootstrap.bundle.min.js responded 200 in 1.7091 ms
2026-04-05 03:15:45.196 +07:00 [INF] HTTP GET /Admin/Category responded 200 in 197.5898 ms
2026-04-05 03:15:45.241 +07:00 [INF] HTTP GET /js/site.js responded 200 in 9.5388 ms
2026-04-05 03:15:45.244 +07:00 [INF] HTTP GET /lib/bootstrap/dist/js/bootstrap.bundle.min.js responded 200 in 19.3407 ms
2026-04-05 03:15:45.245 +07:00 [INF] HTTP GET /lib/jquery/dist/jquery.min.js responded 200 in 20.5264 ms
2026-04-05 03:15:45.249 +07:00 [INF] HTTP GET /css/site.css responded 200 in 27.2758 ms
2026-04-05 03:15:45.249 +07:00 [INF] HTTP GET /lib/bootstrap/dist/css/bootstrap.min.css responded 200 in 27.6777 ms
2026-04-05 03:15:46.146 +07:00 [INF] HTTP GET /Admin/Order responded 200 in 229.8195 ms
2026-04-05 03:15:46.179 +07:00 [INF] HTTP GET /css/site.css responded 200 in 12.8152 ms
2026-04-05 03:15:46.184 +07:00 [INF] HTTP GET /lib/jquery/dist/jquery.min.js responded 200 in 13.4489 ms
2026-04-05 03:15:46.185 +07:00 [INF] HTTP GET /lib/bootstrap/dist/css/bootstrap.min.css responded 200 in 19.5859 ms
2026-04-05 03:15:46.188 +07:00 [INF] HTTP GET /js/site.js responded 200 in 9.2247 ms
2026-04-05 03:15:46.190 +07:00 [INF] HTTP GET /lib/bootstrap/dist/js/bootstrap.bundle.min.js responded 200 in 14.2781 ms
2026-04-05 03:21:19.660 +07:00 [INF] Seed dữ liệu ban đầu thành công
2026-04-05 03:21:19.950 +07:00 [INF] Ứng dụng Tour Du Lịch khởi chạy
2026-04-05 03:21:20.155 +07:00 [WRN] Failed to determine the https port for redirect.
2026-04-05 03:21:21.213 +07:00 [INF] HTTP GET /Admin/Order responded 200 in 949.3397 ms
2026-04-05 03:21:21.347 +07:00 [INF] HTTP GET /css/site.css responded 200 in 84.9827 ms
2026-04-05 03:21:21.348 +07:00 [INF] HTTP GET /lib/jquery/dist/jquery.min.js responded 200 in 86.4505 ms
2026-04-05 03:21:21.350 +07:00 [INF] HTTP GET /lib/bootstrap/dist/css/bootstrap.min.css responded 200 in 87.6099 ms
2026-04-05 03:21:21.433 +07:00 [INF] HTTP GET /js/site.js responded 200 in 56.6132 ms
2026-04-05 03:21:21.452 +07:00 [INF] HTTP GET /lib/bootstrap/dist/js/bootstrap.bundle.min.js responded 200 in 69.6284 ms
2026-04-05 03:21:21.505 +07:00 [INF] HTTP GET /favicon.ico responded 200 in 4.3305 ms
2026-04-05 03:21:25.669 +07:00 [INF] HTTP GET /Admin/Tour responded 200 in 1071.1095 ms
2026-04-05 03:21:25.704 +07:00 [INF] HTTP GET /images/tours/tl3.jpg responded 404 in 9.8872 ms
2026-04-05 03:21:25.704 +07:00 [INF] HTTP GET /images/tours/tl1.jpg responded 404 in 10.4405 ms
2026-04-05 03:21:25.704 +07:00 [INF] HTTP GET /images/tours/tl2.jpg responded 404 in 9.3713 ms
2026-04-05 03:21:25.707 +07:00 [INF] HTTP GET /images/tours/tl4.jpg responded 404 in 7.7427 ms
2026-04-05 03:21:25.708 +07:00 [INF] HTTP GET /lib/bootstrap/dist/css/bootstrap.min.css responded 200 in 31.8124 ms
2026-04-05 03:21:25.711 +07:00 [INF] HTTP GET /css/site.css responded 200 in 6.6281 ms
2026-04-05 03:21:25.763 +07:00 [INF] HTTP GET /js/site.js responded 200 in 9.9892 ms
2026-04-05 03:21:25.879 +07:00 [INF] HTTP GET /images/tours/jp3.jpg responded 404 in 7.7263 ms
2026-04-05 03:21:25.880 +07:00 [INF] HTTP GET /images/tours/jp2.jpg responded 404 in 7.5520 ms
2026-04-05 03:21:25.885 +07:00 [INF] HTTP GET /images/tours/tl5.jpg responded 404 in 5.5216 ms
2026-04-05 03:21:25.983 +07:00 [INF] HTTP GET /lib/jquery/dist/jquery.min.js responded 200 in 14.2821 ms
2026-04-05 03:21:26.041 +07:00 [INF] HTTP GET /images/tours/jp1.jpg responded 404 in 4.4648 ms
2026-04-05 03:21:26.062 +07:00 [INF] HTTP GET /lib/bootstrap/dist/js/bootstrap.bundle.min.js responded 200 in 7.4637 ms
2026-04-05 03:21:26.088 +07:00 [INF] HTTP GET /images/tours/kr1.jpg responded 404 in 2.0444 ms
2026-04-05 03:21:26.109 +07:00 [INF] HTTP GET /images/tours/kr2.jpg responded 404 in 2.3741 ms
2026-04-05 03:21:26.120 +07:00 [INF] HTTP GET /images/tours/kr3.jpg responded 404 in 1.9569 ms
2026-04-05 03:21:26.122 +07:00 [INF] HTTP GET /images/tours/jp4.jpg responded 404 in 1.4091 ms
2026-04-05 03:21:26.138 +07:00 [INF] HTTP GET /images/tours/kr4.jpg responded 404 in 1.6253 ms
2026-04-05 03:21:26.141 +07:00 [INF] HTTP GET /images/tours/jp5.jpg responded 404 in 2.0319 ms
2026-04-05 03:21:26.162 +07:00 [INF] HTTP GET /images/tours/kr5.jpg responded 404 in 6.2862 ms
2026-04-05 03:21:26.162 +07:00 [INF] HTTP GET /images/tours/sg1.jpg responded 404 in 3.4943 ms
2026-04-05 03:21:26.180 +07:00 [INF] HTTP GET /images/tours/sg2.jpg responded 404 in 5.3439 ms
2026-04-05 03:21:26.193 +07:00 [INF] HTTP GET /images/tours/sg3.jpg responded 404 in 2.1875 ms
2026-04-05 03:21:26.209 +07:00 [INF] HTTP GET /images/tours/sg4.jpg responded 404 in 4.0173 ms
2026-04-05 03:21:26.217 +07:00 [INF] HTTP GET /images/tours/sg5.jpg responded 404 in 2.0851 ms
2026-04-05 03:21:26.223 +07:00 [INF] HTTP GET /images/tours/fr1.jpg responded 404 in 3.0446 ms
2026-04-05 03:21:26.228 +07:00 [INF] HTTP GET /images/tours/fr2.jpg responded 404 in 1.9554 ms
2026-04-05 03:21:26.238 +07:00 [INF] HTTP GET /images/tours/fr3.jpg responded 404 in 3.4624 ms
2026-04-05 03:21:26.243 +07:00 [INF] HTTP GET /images/tours/fr4.jpg responded 404 in 2.0727 ms
2026-04-05 03:21:26.257 +07:00 [INF] HTTP GET /images/tours/fr5.jpg responded 404 in 6.9555 ms
2026-04-05 03:21:26.263 +07:00 [INF] HTTP GET /images/tours/pq1.jpg responded 304 in 1.8290 ms
2026-04-05 03:21:26.275 +07:00 [INF] HTTP GET /images/tours/pq2.jpg responded 404 in 5.1676 ms
2026-04-05 03:21:26.297 +07:00 [INF] HTTP GET /images/tours/pq3.jpg responded 404 in 3.6480 ms
2026-04-05 03:21:26.677 +07:00 [INF] HTTP GET /images/tours/pq4.jpg responded 404 in 1.8178 ms
2026-04-05 03:21:26.696 +07:00 [INF] HTTP GET /images/tours/pq5.jpg responded 404 in 2.3145 ms
2026-04-05 03:21:27.097 +07:00 [INF] HTTP GET /images/tours/dn1.jpg responded 304 in 4.5670 ms
2026-04-05 03:21:27.130 +07:00 [INF] HTTP GET /images/tours/dn2.jpg responded 404 in 4.2410 ms
2026-04-05 03:21:27.148 +07:00 [INF] HTTP GET /images/tours/dn3.jpg responded 404 in 3.3503 ms
2026-04-05 03:21:27.163 +07:00 [INF] HTTP GET /images/tours/dn4.jpg responded 404 in 7.7079 ms
2026-04-05 03:21:27.173 +07:00 [INF] HTTP GET /images/tours/dn5.jpg responded 404 in 3.4856 ms
2026-04-05 03:21:27.192 +07:00 [INF] HTTP GET /images/tours/dl1.jpg responded 304 in 4.1363 ms
2026-04-05 03:21:27.207 +07:00 [INF] HTTP GET /images/tours/dl2.jpg responded 404 in 1.7786 ms
2026-04-05 03:21:27.213 +07:00 [INF] HTTP GET /images/tours/dl3.jpg responded 404 in 1.7832 ms
2026-04-05 03:21:27.221 +07:00 [INF] HTTP GET /images/tours/dl4.jpg responded 404 in 1.5849 ms
2026-04-05 03:21:27.229 +07:00 [INF] HTTP GET /images/tours/dl5.jpg responded 404 in 1.7966 ms
2026-04-05 03:21:27.241 +07:00 [INF] HTTP GET /images/tours/sp1.jpg responded 304 in 2.0287 ms
2026-04-05 03:21:27.251 +07:00 [INF] HTTP GET /images/tours/sp2.jpg responded 404 in 2.0359 ms
2026-04-05 03:21:27.267 +07:00 [INF] HTTP GET /images/tours/sp3.jpg responded 404 in 2.8783 ms
2026-04-05 03:21:27.275 +07:00 [INF] HTTP GET /images/tours/sp4.jpg responded 404 in 1.7555 ms
2026-04-05 03:21:27.289 +07:00 [INF] HTTP GET /images/tours/sp5.jpg responded 404 in 5.1302 ms
2026-04-05 03:21:27.301 +07:00 [INF] HTTP GET /images/tours/qn1.jpg responded 304 in 5.8390 ms
2026-04-05 03:21:27.311 +07:00 [INF] HTTP GET /images/tours/qn2.jpg responded 404 in 2.9688 ms
2026-04-05 03:21:27.332 +07:00 [INF] HTTP GET /lib/bootstrap/dist/css/bootstrap.min.css responded 200 in 9.9169 ms
2026-04-05 03:21:27.350 +07:00 [INF] HTTP GET /Admin/Tour responded 200 in 270.5476 ms
2026-04-05 03:21:27.363 +07:00 [INF] HTTP GET /images/tours/tl1.jpg responded 404 in 3.3463 ms
2026-04-05 03:21:27.370 +07:00 [INF] HTTP GET /images/tours/tl2.jpg responded 404 in 3.8596 ms
2026-04-05 03:21:27.380 +07:00 [INF] HTTP GET /images/tours/tl3.jpg responded 404 in 2.0276 ms
2026-04-05 03:21:27.388 +07:00 [INF] HTTP GET /images/tours/tl4.jpg responded 404 in 3.4295 ms
2026-04-05 03:21:27.393 +07:00 [INF] HTTP GET /css/site.css responded 200 in 5.3353 ms
2026-04-05 03:21:27.402 +07:00 [INF] HTTP GET /images/tours/tl5.jpg responded 404 in 3.2689 ms
2026-04-05 03:21:27.416 +07:00 [INF] HTTP GET /images/tours/qn4.jpg responded 404 in 2.1751 ms
2026-04-05 03:21:27.426 +07:00 [INF] HTTP GET /images/tours/qn5.jpg responded 404 in 2.9130 ms
2026-04-05 03:21:27.437 +07:00 [INF] HTTP GET /images/tours/nb1.jpg responded 304 in 2.5354 ms
2026-04-05 03:21:27.445 +07:00 [INF] HTTP GET /images/tours/nb2.jpg responded 404 in 2.1630 ms
2026-04-05 03:21:27.450 +07:00 [INF] HTTP GET /images/tours/qn3.jpg responded 404 in 1.9162 ms
2026-04-05 03:21:27.464 +07:00 [INF] HTTP GET /lib/jquery/dist/jquery.min.js responded 200 in 8.2776 ms
2026-04-05 03:21:27.471 +07:00 [INF] HTTP GET /images/tours/jp1.jpg responded 404 in 4.9301 ms
2026-04-05 03:21:27.484 +07:00 [INF] HTTP GET /lib/bootstrap/dist/js/bootstrap.bundle.min.js responded 200 in 7.2266 ms
2026-04-05 03:21:27.486 +07:00 [INF] HTTP GET /images/tours/jp3.jpg responded 404 in 3.0329 ms
2026-04-05 03:21:27.506 +07:00 [INF] HTTP GET /js/site.js responded 200 in 10.2306 ms
2026-04-05 03:21:27.506 +07:00 [INF] HTTP GET /images/tours/jp5.jpg responded 404 in 1.8253 ms
2026-04-05 03:21:27.517 +07:00 [INF] HTTP GET /images/tours/jp2.jpg responded 404 in 4.1138 ms
2026-04-05 03:21:27.529 +07:00 [INF] HTTP GET /images/tours/nb4.jpg responded 404 in 6.1210 ms
2026-04-05 03:21:27.532 +07:00 [INF] HTTP GET /images/tours/jp4.jpg responded 404 in 5.2092 ms
2026-04-05 03:21:27.556 +07:00 [INF] HTTP GET /images/tours/nb5.jpg responded 404 in 2.6127 ms
2026-04-05 03:21:27.572 +07:00 [INF] HTTP GET /images/tours/nb3.jpg responded 404 in 4.3038 ms
2026-04-05 03:21:27.589 +07:00 [INF] HTTP GET /images/tours/kr1.jpg responded 404 in 1.8582 ms
2026-04-05 03:21:27.590 +07:00 [INF] HTTP GET /images/tours/kr2.jpg responded 404 in 5.9734 ms
2026-04-05 03:21:27.593 +07:00 [INF] HTTP GET /images/tours/kr3.jpg responded 404 in 3.3928 ms
2026-04-05 03:21:27.611 +07:00 [INF] HTTP GET /images/tours/kr4.jpg responded 404 in 4.9154 ms
2026-04-05 03:21:27.627 +07:00 [INF] HTTP GET /images/tours/kr5.jpg responded 404 in 9.1650 ms
2026-04-05 03:21:27.693 +07:00 [INF] HTTP GET /images/tours/sg1.jpg responded 404 in 2.1388 ms
2026-04-05 03:21:27.760 +07:00 [INF] HTTP GET /images/tours/sg2.jpg responded 404 in 11.6560 ms
2026-04-05 03:21:27.779 +07:00 [INF] HTTP GET /images/tours/sg3.jpg responded 404 in 2.4444 ms
2026-04-05 03:21:28.238 +07:00 [INF] HTTP GET /images/tours/sg4.jpg responded 404 in 9.5373 ms
2026-04-05 03:21:28.438 +07:00 [INF] HTTP GET /images/tours/sg5.jpg responded 404 in 3.4793 ms
2026-04-05 03:21:28.447 +07:00 [INF] HTTP GET /images/tours/fr1.jpg responded 404 in 1.8855 ms
2026-04-05 03:21:28.463 +07:00 [INF] HTTP GET /images/tours/fr2.jpg responded 404 in 2.4092 ms
2026-04-05 03:21:28.491 +07:00 [INF] HTTP GET /images/tours/fr3.jpg responded 404 in 6.4840 ms
2026-04-05 03:21:28.581 +07:00 [INF] HTTP GET /images/tours/pq1.jpg responded 304 in 8.5599 ms
2026-04-05 03:21:28.622 +07:00 [INF] HTTP GET /images/tours/dn1.jpg responded 304 in 6.1057 ms
2026-04-05 03:21:28.632 +07:00 [INF] HTTP GET /images/tours/dl1.jpg responded 304 in 4.3108 ms
2026-04-05 03:21:28.642 +07:00 [INF] HTTP GET /images/tours/sp1.jpg responded 304 in 4.6980 ms
2026-04-05 03:21:28.655 +07:00 [INF] HTTP GET /images/tours/sp3.jpg responded 404 in 2.7281 ms
2026-04-05 03:21:28.672 +07:00 [INF] HTTP GET /images/tours/sp4.jpg responded 404 in 3.1627 ms
2026-04-05 03:21:28.691 +07:00 [INF] HTTP GET /images/tours/sp5.jpg responded 404 in 5.0205 ms
2026-04-05 03:21:28.701 +07:00 [INF] HTTP GET /images/tours/qn1.jpg responded 304 in 2.4785 ms
2026-04-05 03:21:28.714 +07:00 [INF] HTTP GET /images/tours/qn2.jpg responded 404 in 6.0680 ms
2026-04-05 03:21:28.735 +07:00 [INF] HTTP GET /images/tours/qn3.jpg responded 404 in 9.1977 ms
2026-04-05 03:21:28.748 +07:00 [INF] HTTP GET /images/tours/qn5.jpg responded 404 in 1.6405 ms
2026-04-05 03:21:28.750 +07:00 [INF] HTTP GET /images/tours/qn4.jpg responded 404 in 8.2580 ms
2026-04-05 03:21:28.762 +07:00 [INF] HTTP GET /images/tours/nb1.jpg responded 304 in 6.6900 ms
2026-04-05 03:21:28.782 +07:00 [INF] HTTP GET /images/tours/nb2.jpg responded 404 in 2.1739 ms
2026-04-05 03:21:28.796 +07:00 [INF] HTTP GET /images/tours/nb3.jpg responded 404 in 2.3698 ms
2026-04-05 03:21:28.809 +07:00 [INF] HTTP GET /images/tours/nb4.jpg responded 404 in 5.2296 ms
2026-04-05 03:21:28.888 +07:00 [INF] HTTP GET /images/tours/fr4.jpg responded 404 in 3.0568 ms
2026-04-05 03:21:28.912 +07:00 [INF] HTTP GET /images/tours/fr5.jpg responded 404 in 1.9315 ms
2026-04-05 03:21:29.117 +07:00 [INF] HTTP GET /images/tours/pq2.jpg responded 404 in 9.1549 ms
2026-04-05 03:21:29.181 +07:00 [INF] HTTP GET /images/tours/pq3.jpg responded 404 in 3.9996 ms
2026-04-05 03:21:29.197 +07:00 [INF] HTTP GET /images/tours/pq4.jpg responded 404 in 7.6821 ms
2026-04-05 03:21:29.218 +07:00 [INF] HTTP GET /images/tours/pq5.jpg responded 404 in 6.7641 ms
2026-04-05 03:21:29.230 +07:00 [INF] HTTP GET /images/tours/dn2.jpg responded 404 in 2.4816 ms
2026-04-05 03:21:29.244 +07:00 [INF] HTTP GET /images/tours/dn3.jpg responded 404 in 1.8874 ms
2026-04-05 03:21:29.253 +07:00 [INF] HTTP GET /images/tours/dn4.jpg responded 404 in 1.8222 ms
2026-04-05 03:21:29.266 +07:00 [INF] HTTP GET /images/tours/dn5.jpg responded 404 in 1.8472 ms
2026-04-05 03:21:29.290 +07:00 [INF] HTTP GET /images/tours/dl2.jpg responded 404 in 14.0829 ms
2026-04-05 03:21:29.296 +07:00 [INF] HTTP GET /images/tours/dl3.jpg responded 404 in 6.0748 ms
2026-04-05 03:21:29.323 +07:00 [INF] HTTP GET /images/tours/dl4.jpg responded 404 in 2.5352 ms
2026-04-05 03:21:29.340 +07:00 [INF] HTTP GET /images/tours/dl5.jpg responded 404 in 7.0793 ms
2026-04-05 03:21:29.359 +07:00 [INF] HTTP GET /images/tours/sp2.jpg responded 404 in 8.0023 ms
2026-04-05 03:21:29.410 +07:00 [INF] HTTP GET /images/tours/nb5.jpg responded 404 in 2.4290 ms
2026-04-05 03:21:29.491 +07:00 [INF] HTTP GET /images/tours/hue1.jpg responded 404 in 14.0235 ms
2026-04-05 03:21:29.906 +07:00 [INF] HTTP GET /images/tours/hue2.jpg responded 404 in 7.7978 ms
2026-04-05 03:21:30.006 +07:00 [INF] HTTP GET /images/tours/hue3.jpg responded 404 in 5.6039 ms
2026-04-05 03:21:30.028 +07:00 [INF] HTTP GET /images/tours/hue4.jpg responded 404 in 9.1067 ms
2026-04-05 03:21:30.049 +07:00 [INF] HTTP GET /images/tours/hue5.jpg responded 404 in 5.1582 ms
2026-04-05 03:21:30.072 +07:00 [INF] HTTP GET /images/tours/ha1.jpg responded 404 in 1.8693 ms
2026-04-05 03:21:30.116 +07:00 [INF] HTTP GET /images/tours/ha2.jpg responded 404 in 5.2610 ms
2026-04-05 03:21:30.144 +07:00 [INF] HTTP GET /images/tours/ha3.jpg responded 404 in 1.7810 ms
2026-04-05 03:21:30.180 +07:00 [INF] HTTP GET /images/tours/ha4.jpg responded 404 in 10.1308 ms
2026-04-05 03:21:30.378 +07:00 [INF] HTTP GET /images/tours/ha5.jpg responded 404 in 1.6710 ms
2026-04-05 03:21:30.385 +07:00 [INF] HTTP GET /images/tours/nt1.jpg responded 304 in 2.3550 ms
2026-04-05 03:21:30.398 +07:00 [INF] HTTP GET /images/tours/nt2.jpg responded 404 in 2.3665 ms
2026-04-05 03:21:30.424 +07:00 [INF] HTTP GET /images/tours/nt3.jpg responded 404 in 4.0746 ms
2026-04-05 03:21:30.427 +07:00 [INF] HTTP GET /images/tours/nt4.jpg responded 404 in 3.1797 ms
2026-04-05 03:21:30.446 +07:00 [INF] HTTP GET /images/tours/nt5.jpg responded 404 in 6.5497 ms
2026-04-05 03:21:30.478 +07:00 [INF] HTTP GET /images/tours/mn1.jpg responded 304 in 4.2014 ms
2026-04-05 03:21:30.496 +07:00 [INF] HTTP GET /images/tours/mn2.jpg responded 404 in 8.7644 ms
2026-04-05 03:21:30.504 +07:00 [INF] HTTP GET /images/tours/mn3.jpg responded 404 in 1.6700 ms
2026-04-05 03:21:30.515 +07:00 [INF] HTTP GET /images/tours/mn5.jpg responded 404 in 6.1811 ms
2026-04-05 03:21:30.516 +07:00 [INF] HTTP GET /images/tours/mn4.jpg responded 404 in 7.8949 ms
2026-04-05 03:21:30.543 +07:00 [INF] HTTP GET /images/tours/hcm1.jpg responded 404 in 9.7395 ms
2026-04-05 03:21:30.556 +07:00 [INF] HTTP GET /images/tours/hcm2.jpg responded 404 in 2.3788 ms
2026-04-05 03:21:30.565 +07:00 [INF] HTTP GET /images/tours/hcm3.jpg responded 404 in 1.9593 ms
2026-04-05 03:21:30.587 +07:00 [INF] HTTP GET /images/tours/hcm4.jpg responded 404 in 3.1245 ms
2026-04-05 03:21:30.603 +07:00 [INF] HTTP GET /images/tours/hcm5.jpg responded 404 in 7.9255 ms
2026-04-05 03:21:30.621 +07:00 [INF] HTTP GET /images/tours/vt1.jpg responded 404 in 2.8757 ms
2026-04-05 03:21:30.636 +07:00 [INF] HTTP GET /images/tours/vt2.jpg responded 404 in 1.7558 ms
2026-04-05 03:21:30.662 +07:00 [INF] HTTP GET /images/tours/vt3.jpg responded 404 in 6.0623 ms
2026-04-05 03:21:30.670 +07:00 [INF] HTTP GET /images/tours/vt4.jpg responded 404 in 2.1565 ms
2026-04-05 03:21:30.686 +07:00 [INF] HTTP GET /images/tours/vt5.jpg responded 404 in 2.5251 ms
2026-04-05 03:21:30.692 +07:00 [INF] HTTP GET /images/tours/ct1.jpg responded 404 in 1.7948 ms
2026-04-05 03:21:30.740 +07:00 [INF] HTTP GET /images/tours/ct2.jpg responded 404 in 1.8329 ms
2026-04-05 03:21:30.768 +07:00 [INF] HTTP GET /images/tours/ct3.jpg responded 404 in 21.6532 ms
2026-04-05 03:21:31.901 +07:00 [INF] HTTP GET /images/tours/ct4.jpg responded 404 in 1.7918 ms
2026-04-05 03:21:31.984 +07:00 [INF] HTTP GET /images/tours/ag1.jpg responded 404 in 15.1535 ms
2026-04-05 03:21:32.212 +07:00 [INF] HTTP GET /images/tours/ag2.jpg responded 404 in 8.2846 ms
2026-04-05 03:21:31.914 +07:00 [INF] HTTP GET /images/tours/ct5.jpg responded 404 in 2.8170 ms
2026-04-05 03:21:32.249 +07:00 [INF] HTTP GET /images/tours/ag3.jpg responded 404 in 9.6009 ms
2026-04-05 03:21:32.256 +07:00 [INF] HTTP GET /Admin/Tour responded 200 in 383.5611 ms
2026-04-05 03:21:32.260 +07:00 [INF] HTTP GET /images/tours/ag4.jpg responded 404 in 13.8616 ms
2026-04-05 03:21:32.281 +07:00 [INF] HTTP GET /css/site.css responded 200 in 11.9756 ms
2026-04-05 03:21:32.297 +07:00 [INF] HTTP GET /lib/bootstrap/dist/css/bootstrap.min.css responded 200 in 25.7520 ms
2026-04-05 03:21:32.308 +07:00 [INF] HTTP GET /images/tours/tl3.jpg responded 404 in 21.2277 ms
2026-04-05 03:21:32.327 +07:00 [INF] HTTP GET /images/tours/tl2.jpg responded 404 in 22.6458 ms
2026-04-05 03:21:32.278 +07:00 [INF] HTTP GET /images/tours/tl1.jpg responded 404 in 6.3160 ms
2026-04-05 03:21:33.530 +07:00 [INF] HTTP GET /Admin/Tour responded 200 in 216.5250 ms
2026-04-05 03:21:33.170 +07:00 [INF] HTTP GET /images/tours/jp1.jpg responded 404 in 1.9237 ms
2026-04-05 03:21:33.539 +07:00 [INF] HTTP GET /lib/jquery/dist/jquery.min.js responded 200 in 27.6676 ms
2026-04-05 03:21:33.543 +07:00 [INF] HTTP GET /images/tours/tl5.jpg responded 404 in 2.5327 ms
2026-04-05 03:21:33.551 +07:00 [INF] HTTP GET /images/tours/kr3.jpg responded 404 in 2.2428 ms
2026-04-05 03:21:33.560 +07:00 [INF] HTTP GET /images/tours/kr1.jpg responded 404 in 11.0566 ms
2026-04-05 03:21:33.560 +07:00 [INF] HTTP GET /images/tours/kr5.jpg responded 404 in 11.2572 ms
2026-04-05 03:21:33.568 +07:00 [INF] HTTP GET /images/tours/tl1.jpg responded 404 in 5.9368 ms
2026-04-05 03:21:33.595 +07:00 [INF] HTTP GET /lib/bootstrap/dist/css/bootstrap.min.css responded 200 in 29.3235 ms
2026-04-05 03:21:33.611 +07:00 [INF] HTTP GET /css/site.css responded 200 in 13.5919 ms
2026-04-05 03:21:33.612 +07:00 [INF] HTTP GET /images/tours/tl2.jpg responded 404 in 5.7069 ms
2026-04-05 03:21:33.613 +07:00 [INF] HTTP GET /images/tours/tl3.jpg responded 404 in 4.2225 ms
2026-04-05 03:21:33.626 +07:00 [INF] HTTP GET /images/tours/tl4.jpg responded 404 in 5.7199 ms
2026-04-05 03:21:33.693 +07:00 [INF] HTTP GET /images/tours/tl5.jpg responded 404 in 7.4095 ms
2026-04-05 03:21:34.626 +07:00 [INF] HTTP GET /images/tours/jp1.jpg responded 404 in 14.4289 ms
2026-04-05 03:21:34.660 +07:00 [INF] HTTP GET /lib/jquery/dist/jquery.min.js responded 200 in 16.5030 ms
2026-04-05 03:21:34.681 +07:00 [INF] HTTP GET /images/tours/tl4.jpg responded 404 in 7.7159 ms
2026-04-05 03:21:34.705 +07:00 [INF] HTTP GET /js/site.js responded 200 in 10.0965 ms
2026-04-05 03:21:34.714 +07:00 [INF] HTTP GET /images/tours/jp3.jpg responded 404 in 2.0975 ms
2026-04-05 03:21:34.765 +07:00 [INF] HTTP GET /images/tours/jp4.jpg responded 404 in 7.1149 ms
2026-04-05 03:21:34.778 +07:00 [INF] HTTP GET /images/tours/jp5.jpg responded 404 in 4.8013 ms
2026-04-05 03:21:34.793 +07:00 [INF] HTTP GET /lib/bootstrap/dist/js/bootstrap.bundle.min.js responded 200 in 14.0866 ms
2026-04-05 03:21:34.813 +07:00 [INF] HTTP GET /images/tours/kr2.jpg responded 404 in 2.9846 ms
2026-04-05 03:21:34.825 +07:00 [INF] HTTP GET /images/tours/jp2.jpg responded 404 in 4.1828 ms
2026-04-05 03:21:34.845 +07:00 [INF] HTTP GET /images/tours/kr3.jpg responded 404 in 3.0940 ms
2026-04-05 03:21:34.857 +07:00 [INF] HTTP GET /images/tours/kr4.jpg responded 404 in 3.9905 ms
2026-04-05 03:21:34.883 +07:00 [INF] HTTP GET /images/tours/kr5.jpg responded 404 in 11.6408 ms
2026-04-05 03:21:34.895 +07:00 [INF] HTTP GET /images/tours/kr1.jpg responded 404 in 6.6170 ms
2026-04-05 03:21:34.913 +07:00 [INF] HTTP GET /images/tours/sg1.jpg responded 404 in 2.6960 ms
2026-04-05 03:21:34.932 +07:00 [INF] HTTP GET /images/tours/sg2.jpg responded 404 in 2.0526 ms
2026-04-05 03:21:34.945 +07:00 [INF] HTTP GET /images/tours/sg3.jpg responded 404 in 1.9292 ms
2026-04-05 03:21:34.958 +07:00 [INF] HTTP GET /images/tours/sg4.jpg responded 404 in 2.9955 ms
2026-04-05 03:21:34.979 +07:00 [INF] HTTP GET /images/tours/sg5.jpg responded 404 in 5.6803 ms
2026-04-05 03:21:34.983 +07:00 [INF] HTTP GET /images/tours/fr1.jpg responded 404 in 2.8035 ms
2026-04-05 03:21:35.001 +07:00 [INF] HTTP GET /images/tours/fr2.jpg responded 404 in 1.7719 ms
2026-04-05 03:21:35.015 +07:00 [INF] HTTP GET /images/tours/fr3.jpg responded 404 in 4.2525 ms
2026-04-05 03:21:35.034 +07:00 [INF] HTTP GET /images/tours/fr4.jpg responded 404 in 2.6206 ms
2026-04-05 03:21:35.049 +07:00 [INF] HTTP GET /images/tours/fr5.jpg responded 404 in 7.7185 ms
2026-04-05 03:21:35.061 +07:00 [INF] HTTP GET /images/tours/pq1.jpg responded 304 in 4.0695 ms
2026-04-05 03:21:35.077 +07:00 [INF] HTTP GET /images/tours/pq2.jpg responded 404 in 3.3675 ms
2026-04-05 03:21:35.099 +07:00 [INF] HTTP GET /images/tours/pq3.jpg responded 404 in 3.1107 ms
2026-04-05 03:21:35.104 +07:00 [INF] HTTP GET /images/tours/pq4.jpg responded 404 in 1.9648 ms
2026-04-05 03:21:35.124 +07:00 [INF] HTTP GET /images/tours/pq5.jpg responded 404 in 1.7348 ms
2026-04-05 03:21:35.148 +07:00 [INF] HTTP GET /images/tours/dn1.jpg responded 304 in 3.8261 ms
2026-04-05 03:21:35.168 +07:00 [INF] HTTP GET /images/tours/dn2.jpg responded 404 in 1.8589 ms
2026-04-05 03:21:35.182 +07:00 [INF] HTTP GET /images/tours/dn3.jpg responded 404 in 1.8063 ms
2026-04-05 03:21:35.208 +07:00 [INF] HTTP GET /images/tours/dn4.jpg responded 404 in 2.8121 ms
2026-04-05 03:21:35.227 +07:00 [INF] HTTP GET /images/tours/dn5.jpg responded 404 in 6.9353 ms
2026-04-05 03:21:35.236 +07:00 [INF] HTTP GET /images/tours/dl1.jpg responded 304 in 2.7263 ms
2026-04-05 03:21:35.278 +07:00 [INF] HTTP GET /images/tours/dl2.jpg responded 404 in 4.9316 ms
2026-04-05 03:21:35.285 +07:00 [INF] HTTP GET /images/tours/dl3.jpg responded 404 in 3.7509 ms
2026-04-05 03:21:35.835 +07:00 [INF] HTTP GET /images/tours/dl4.jpg responded 404 in 2.8004 ms
2026-04-05 03:21:35.937 +07:00 [INF] HTTP GET /images/tours/dl5.jpg responded 404 in 6.0645 ms
2026-04-05 03:21:36.047 +07:00 [INF] HTTP GET /images/tours/sp1.jpg responded 304 in 11.0507 ms
2026-04-05 03:21:36.153 +07:00 [INF] HTTP GET /images/tours/sp2.jpg responded 404 in 8.5130 ms
2026-04-05 03:21:36.366 +07:00 [INF] HTTP GET /images/tours/sp3.jpg responded 404 in 4.4967 ms
2026-04-05 03:21:36.383 +07:00 [INF] HTTP GET /images/tours/sp4.jpg responded 404 in 2.4914 ms
2026-04-05 03:21:36.409 +07:00 [INF] HTTP GET /images/tours/sp5.jpg responded 404 in 2.9615 ms
2026-04-05 03:21:36.427 +07:00 [INF] HTTP GET /images/tours/qn1.jpg responded 304 in 3.2303 ms
2026-04-05 03:21:36.444 +07:00 [INF] HTTP GET /images/tours/qn2.jpg responded 404 in 5.3642 ms
2026-04-05 03:21:36.457 +07:00 [INF] HTTP GET /images/tours/qn3.jpg responded 404 in 6.4505 ms
2026-04-05 03:21:36.471 +07:00 [INF] HTTP GET /images/tours/qn4.jpg responded 404 in 5.4069 ms
2026-04-05 03:21:36.480 +07:00 [INF] HTTP GET /images/tours/qn5.jpg responded 404 in 1.7756 ms
2026-04-05 03:21:36.494 +07:00 [INF] HTTP GET /images/tours/nb1.jpg responded 304 in 6.5083 ms
2026-04-05 03:21:36.524 +07:00 [INF] HTTP GET /images/tours/nb2.jpg responded 404 in 2.5358 ms
2026-04-05 03:21:36.528 +07:00 [INF] HTTP GET /images/tours/nb3.jpg responded 404 in 3.1382 ms
2026-04-05 03:21:36.541 +07:00 [INF] HTTP GET /images/tours/nb4.jpg responded 404 in 1.7535 ms
2026-04-05 03:21:36.556 +07:00 [INF] HTTP GET /images/tours/nb5.jpg responded 404 in 2.3486 ms
2026-04-05 03:21:36.576 +07:00 [INF] HTTP GET /images/tours/hue1.jpg responded 404 in 3.9133 ms
2026-04-05 03:21:36.595 +07:00 [INF] HTTP GET /images/tours/hue2.jpg responded 404 in 3.2621 ms
2026-04-05 03:21:36.610 +07:00 [INF] HTTP GET /images/tours/hue3.jpg responded 404 in 8.5339 ms
2026-04-05 03:21:36.614 +07:00 [INF] HTTP GET /images/tours/hue4.jpg responded 404 in 3.7155 ms
2026-04-05 03:21:36.636 +07:00 [INF] HTTP GET /images/tours/hue5.jpg responded 404 in 3.0665 ms
2026-04-05 03:21:36.706 +07:00 [INF] HTTP GET /images/tours/ha1.jpg responded 404 in 2.1135 ms
2026-04-05 03:21:36.721 +07:00 [INF] HTTP GET /images/tours/ha2.jpg responded 404 in 4.7126 ms
2026-04-05 03:21:36.733 +07:00 [INF] HTTP GET /images/tours/ha3.jpg responded 404 in 1.7614 ms
2026-04-05 03:21:36.748 +07:00 [INF] HTTP GET /images/tours/ha4.jpg responded 404 in 1.9415 ms
2026-04-05 03:21:36.761 +07:00 [INF] HTTP GET /images/tours/ha5.jpg responded 404 in 1.6934 ms
2026-04-05 03:21:36.776 +07:00 [INF] HTTP GET /images/tours/nt1.jpg responded 304 in 6.1566 ms
2026-04-05 03:21:37.430 +07:00 [INF] HTTP GET /images/tours/nt2.jpg responded 404 in 1.7765 ms
2026-04-05 03:21:37.455 +07:00 [INF] HTTP GET /images/tours/nt3.jpg responded 404 in 1.6754 ms
2026-04-05 03:21:37.549 +07:00 [INF] HTTP GET /images/tours/nt5.jpg responded 404 in 1.3791 ms
2026-04-05 03:21:37.551 +07:00 [INF] HTTP GET /images/tours/nt4.jpg responded 404 in 6.0071 ms
2026-04-05 03:21:37.573 +07:00 [INF] HTTP GET /images/tours/mn1.jpg responded 304 in 3.4187 ms
2026-04-05 03:21:37.603 +07:00 [INF] HTTP GET /images/tours/mn2.jpg responded 404 in 7.2294 ms
2026-04-05 03:21:37.610 +07:00 [INF] HTTP GET /images/tours/mn3.jpg responded 404 in 7.7441 ms
2026-04-05 03:21:37.625 +07:00 [INF] HTTP GET /images/tours/mn4.jpg responded 404 in 5.6822 ms
2026-04-05 03:21:37.640 +07:00 [INF] HTTP GET /images/tours/mn5.jpg responded 404 in 1.6984 ms
2026-04-05 03:21:37.674 +07:00 [INF] HTTP GET /images/tours/hcm1.jpg responded 404 in 1.6594 ms
2026-04-05 03:21:37.703 +07:00 [INF] HTTP GET /images/tours/hcm2.jpg responded 404 in 2.3653 ms
2026-04-05 03:21:37.713 +07:00 [INF] HTTP GET /images/tours/hcm3.jpg responded 404 in 2.1708 ms
2026-04-05 03:21:37.727 +07:00 [INF] HTTP GET /images/tours/hcm4.jpg responded 404 in 2.1445 ms
2026-04-05 03:21:37.732 +07:00 [INF] HTTP GET /images/tours/hcm5.jpg responded 404 in 2.4264 ms
2026-04-05 03:21:37.744 +07:00 [INF] HTTP GET /images/tours/vt1.jpg responded 404 in 1.9282 ms
2026-04-05 03:21:37.756 +07:00 [INF] HTTP GET /images/tours/vt2.jpg responded 404 in 2.3091 ms
2026-04-05 03:21:37.763 +07:00 [INF] HTTP GET /images/tours/vt3.jpg responded 404 in 3.6917 ms
2026-04-05 03:21:37.771 +07:00 [INF] HTTP GET /images/tours/vt4.jpg responded 404 in 1.7928 ms
2026-04-05 03:21:37.781 +07:00 [INF] HTTP GET /images/tours/vt5.jpg responded 404 in 2.8122 ms
2026-04-05 03:21:37.792 +07:00 [INF] HTTP GET /images/tours/ct1.jpg responded 404 in 1.5509 ms
2026-04-05 03:21:37.805 +07:00 [INF] HTTP GET /images/tours/ct2.jpg responded 404 in 3.3308 ms
2026-04-05 03:21:37.810 +07:00 [INF] HTTP GET /images/tours/ct3.jpg responded 404 in 3.1343 ms
2026-04-05 03:21:37.819 +07:00 [INF] HTTP GET /images/tours/ct4.jpg responded 404 in 2.5707 ms
2026-04-05 03:21:37.825 +07:00 [INF] HTTP GET /images/tours/ct5.jpg responded 404 in 3.1883 ms
2026-04-05 03:21:37.832 +07:00 [INF] HTTP GET /images/tours/ag1.jpg responded 404 in 2.3264 ms
2026-04-05 03:21:37.838 +07:00 [INF] HTTP GET /images/tours/ag2.jpg responded 404 in 3.1445 ms
2026-04-05 03:21:37.846 +07:00 [INF] HTTP GET /images/tours/ag3.jpg responded 404 in 5.4657 ms
2026-04-05 03:21:37.854 +07:00 [INF] HTTP GET /images/tours/ag4.jpg responded 404 in 2.2813 ms
2026-04-05 03:21:37.868 +07:00 [INF] HTTP GET /images/tours/ag5.jpg responded 404 in 3.5485 ms
2026-04-05 03:21:37.880 +07:00 [INF] HTTP GET /images/tours/ht1.jpg responded 404 in 2.4891 ms
2026-04-05 03:21:37.888 +07:00 [INF] HTTP GET /images/tours/ht2.jpg responded 404 in 2.3729 ms
2026-04-05 03:21:37.898 +07:00 [INF] HTTP GET /images/tours/ht3.jpg responded 404 in 2.1394 ms
2026-04-05 03:21:37.909 +07:00 [INF] HTTP GET /images/tours/ht4.jpg responded 404 in 1.7123 ms
2026-04-05 03:21:37.919 +07:00 [INF] HTTP GET /images/tours/ht5.jpg responded 404 in 3.5188 ms
2026-04-05 03:21:39.094 +07:00 [INF] HTTP GET /Admin/Tour responded 200 in 81.7828 ms
2026-04-05 03:21:39.116 +07:00 [INF] HTTP GET /images/tours/tl1.jpg responded 404 in 4.2530 ms
2026-04-05 03:21:39.116 +07:00 [INF] HTTP GET /images/tours/tl2.jpg responded 404 in 2.8270 ms
2026-04-05 03:21:39.117 +07:00 [INF] HTTP GET /css/site.css responded 200 in 7.5968 ms
2026-04-05 03:21:39.121 +07:00 [INF] HTTP GET /lib/bootstrap/dist/css/bootstrap.min.css responded 200 in 12.3473 ms
2026-04-05 03:21:39.126 +07:00 [INF] HTTP GET /images/tours/tl4.jpg responded 404 in 2.3833 ms
2026-04-05 03:21:39.126 +07:00 [INF] HTTP GET /images/tours/tl3.jpg responded 404 in 2.4626 ms
2026-04-05 03:21:39.144 +07:00 [INF] HTTP GET /lib/bootstrap/dist/js/bootstrap.bundle.min.js responded 200 in 6.9915 ms
2026-04-05 03:21:39.153 +07:00 [INF] HTTP GET /js/site.js responded 200 in 5.8195 ms
2026-04-05 03:21:39.163 +07:00 [INF] HTTP GET /images/tours/tl5.jpg responded 404 in 4.8834 ms
2026-04-05 03:21:39.181 +07:00 [INF] HTTP GET /lib/jquery/dist/jquery.min.js responded 200 in 12.3508 ms
2026-04-05 03:21:39.194 +07:00 [INF] HTTP GET /images/tours/jp4.jpg responded 404 in 4.6931 ms
2026-04-05 03:21:39.201 +07:00 [INF] HTTP GET /images/tours/jp5.jpg responded 404 in 2.7808 ms
2026-04-05 03:21:39.201 +07:00 [INF] HTTP GET /images/tours/jp2.jpg responded 404 in 2.0094 ms
2026-04-05 03:21:39.243 +07:00 [INF] HTTP GET /images/tours/kr3.jpg responded 404 in 1.8842 ms
2026-04-05 03:21:39.221 +07:00 [INF] HTTP GET /images/tours/kr1.jpg responded 404 in 2.8640 ms
2026-04-05 03:21:39.222 +07:00 [INF] HTTP GET /images/tours/jp3.jpg responded 404 in 1.5933 ms
2026-04-05 03:21:39.234 +07:00 [INF] HTTP GET /images/tours/kr2.jpg responded 404 in 2.8698 ms
2026-04-05 03:21:39.209 +07:00 [INF] HTTP GET /images/tours/jp1.jpg responded 404 in 2.6621 ms
2026-04-05 03:21:39.249 +07:00 [INF] HTTP GET /images/tours/kr4.jpg responded 404 in 1.5768 ms
2026-04-05 03:21:39.264 +07:00 [INF] HTTP GET /images/tours/kr5.jpg responded 404 in 2.3171 ms
2026-04-05 03:21:39.272 +07:00 [INF] HTTP GET /images/tours/sg1.jpg responded 404 in 2.7485 ms
2026-04-05 03:21:39.290 +07:00 [INF] HTTP GET /images/tours/sg2.jpg responded 404 in 5.9291 ms
2026-04-05 03:21:39.295 +07:00 [INF] HTTP GET /images/tours/sg3.jpg responded 404 in 1.8764 ms
2026-04-05 03:21:39.298 +07:00 [INF] HTTP GET /images/tours/sg4.jpg responded 404 in 2.3662 ms
2026-04-05 03:21:39.305 +07:00 [INF] HTTP GET /images/tours/sg5.jpg responded 404 in 1.6499 ms
2026-04-05 03:21:39.311 +07:00 [INF] HTTP GET /images/tours/fr1.jpg responded 404 in 1.8479 ms
2026-04-05 03:21:39.319 +07:00 [INF] HTTP GET /images/tours/fr2.jpg responded 404 in 2.1220 ms
2026-04-05 03:21:39.334 +07:00 [INF] HTTP GET /images/tours/fr3.jpg responded 404 in 4.8173 ms
2026-04-05 03:21:39.341 +07:00 [INF] HTTP GET /images/tours/fr4.jpg responded 404 in 1.8640 ms
2026-04-05 03:21:39.353 +07:00 [INF] HTTP GET /images/tours/fr5.jpg responded 404 in 2.1850 ms
2026-04-05 03:21:39.363 +07:00 [INF] HTTP GET /images/tours/pq1.jpg responded 304 in 4.4324 ms
2026-04-05 03:21:39.384 +07:00 [INF] HTTP GET /images/tours/pq2.jpg responded 404 in 3.2632 ms
2026-04-05 03:21:39.395 +07:00 [INF] HTTP GET /images/tours/pq3.jpg responded 404 in 2.8862 ms
2026-04-05 03:21:39.414 +07:00 [INF] HTTP GET /images/tours/pq4.jpg responded 404 in 6.5874 ms
2026-04-05 03:21:39.422 +07:00 [INF] HTTP GET /images/tours/pq5.jpg responded 404 in 3.4370 ms
2026-04-05 03:21:39.427 +07:00 [INF] HTTP GET /images/tours/dn1.jpg responded 304 in 2.3485 ms
2026-04-05 03:21:39.434 +07:00 [INF] HTTP GET /images/tours/dn2.jpg responded 404 in 2.0299 ms
2026-04-05 03:21:39.442 +07:00 [INF] HTTP GET /images/tours/dn3.jpg responded 404 in 2.1644 ms
2026-04-05 03:21:39.450 +07:00 [INF] HTTP GET /images/tours/dn4.jpg responded 404 in 2.7277 ms
2026-04-05 03:21:39.458 +07:00 [INF] HTTP GET /images/tours/dn5.jpg responded 404 in 5.0341 ms
2026-04-05 03:21:39.463 +07:00 [INF] HTTP GET /images/tours/dl1.jpg responded 304 in 1.9121 ms
2026-04-05 03:21:39.475 +07:00 [INF] HTTP GET /images/tours/dl2.jpg responded 404 in 1.6903 ms
2026-04-05 03:21:39.511 +07:00 [INF] HTTP GET /images/tours/dl3.jpg responded 404 in 6.4509 ms
2026-04-05 03:21:39.539 +07:00 [INF] HTTP GET /images/tours/dl4.jpg responded 404 in 1.8458 ms
2026-04-05 03:21:39.555 +07:00 [INF] HTTP GET /images/tours/dl5.jpg responded 404 in 6.9939 ms
2026-04-05 03:21:39.586 +07:00 [INF] HTTP GET /images/tours/sp1.jpg responded 304 in 2.1399 ms
2026-04-05 03:21:39.611 +07:00 [INF] HTTP GET /images/tours/sp2.jpg responded 404 in 5.3974 ms
2026-04-05 03:21:39.767 +07:00 [INF] HTTP GET /images/tours/sp3.jpg responded 404 in 1.7599 ms
2026-04-05 03:21:40.612 +07:00 [INF] HTTP GET /images/tours/sp4.jpg responded 404 in 2.7015 ms
2026-04-05 03:21:40.626 +07:00 [INF] HTTP GET /images/tours/sp5.jpg responded 404 in 2.5114 ms
2026-04-05 03:21:40.649 +07:00 [INF] HTTP GET /images/tours/qn1.jpg responded 304 in 12.6773 ms
2026-04-05 03:21:40.696 +07:00 [INF] HTTP GET /images/tours/qn2.jpg responded 404 in 2.3501 ms
2026-04-05 03:21:41.079 +07:00 [INF] HTTP GET /images/tours/qn3.jpg responded 404 in 6.9173 ms
2026-04-05 03:21:41.106 +07:00 [INF] HTTP GET /images/tours/qn4.jpg responded 404 in 1.7737 ms
2026-04-05 03:21:41.122 +07:00 [INF] HTTP GET /images/tours/qn5.jpg responded 404 in 4.1572 ms
2026-04-05 03:21:41.138 +07:00 [INF] HTTP GET /images/tours/nb1.jpg responded 304 in 2.6902 ms
2026-04-05 03:21:41.174 +07:00 [INF] HTTP GET /images/tours/nb2.jpg responded 404 in 5.1481 ms
2026-04-05 03:21:41.222 +07:00 [INF] HTTP GET /images/tours/nb3.jpg responded 404 in 3.8744 ms
2026-04-05 03:21:41.275 +07:00 [INF] HTTP GET /images/tours/nb4.jpg responded 404 in 2.4264 ms
2026-04-05 03:21:41.292 +07:00 [INF] HTTP GET /images/tours/nb5.jpg responded 404 in 3.3430 ms
2026-04-05 03:21:41.313 +07:00 [INF] HTTP GET /images/tours/hue1.jpg responded 404 in 5.4029 ms
2026-04-05 03:21:41.331 +07:00 [INF] HTTP GET /images/tours/hue2.jpg responded 404 in 9.1371 ms
2026-04-05 03:21:41.454 +07:00 [INF] HTTP GET /images/tours/hue3.jpg responded 404 in 7.0493 ms
2026-04-05 03:21:41.917 +07:00 [INF] HTTP GET /images/tours/hue4.jpg responded 404 in 2.2406 ms
2026-04-05 03:21:41.935 +07:00 [INF] HTTP GET /images/tours/hue5.jpg responded 404 in 3.0961 ms
2026-04-05 03:21:41.949 +07:00 [INF] HTTP GET /images/tours/ha1.jpg responded 404 in 1.9976 ms
2026-04-05 03:21:41.978 +07:00 [INF] HTTP GET /images/tours/ha2.jpg responded 404 in 15.6961 ms
2026-04-05 03:21:42.026 +07:00 [INF] HTTP GET /images/tours/ha3.jpg responded 404 in 8.0729 ms
2026-04-05 03:21:42.080 +07:00 [INF] HTTP GET /images/tours/ha4.jpg responded 404 in 7.9184 ms
2026-04-05 03:21:42.136 +07:00 [INF] HTTP GET /images/tours/ha5.jpg responded 404 in 18.9412 ms
2026-04-05 03:21:42.231 +07:00 [INF] HTTP GET /images/tours/nt1.jpg responded 304 in 6.2152 ms
2026-04-05 03:21:42.241 +07:00 [INF] HTTP GET /images/tours/nt2.jpg responded 404 in 2.6529 ms
2026-04-05 03:21:42.263 +07:00 [INF] HTTP GET /images/tours/nt3.jpg responded 404 in 4.3859 ms
2026-04-05 03:21:42.279 +07:00 [INF] HTTP GET /images/tours/nt4.jpg responded 404 in 2.9384 ms
2026-04-05 03:21:42.289 +07:00 [INF] HTTP GET /images/tours/nt5.jpg responded 404 in 4.0930 ms
2026-04-05 03:21:42.299 +07:00 [INF] HTTP GET /images/tours/mn1.jpg responded 304 in 3.2953 ms
2026-04-05 03:21:42.310 +07:00 [INF] HTTP GET /images/tours/mn2.jpg responded 404 in 8.9346 ms
2026-04-05 03:21:42.319 +07:00 [INF] HTTP GET /images/tours/mn3.jpg responded 404 in 2.8187 ms
2026-04-05 03:21:42.332 +07:00 [INF] HTTP GET /images/tours/mn4.jpg responded 404 in 8.3964 ms
2026-04-05 03:21:42.342 +07:00 [INF] HTTP GET /images/tours/mn5.jpg responded 404 in 1.8417 ms
2026-04-05 03:21:42.352 +07:00 [INF] HTTP GET /images/tours/hcm1.jpg responded 404 in 4.3426 ms
2026-04-05 03:21:42.364 +07:00 [INF] HTTP GET /images/tours/hcm2.jpg responded 404 in 4.8917 ms
2026-04-05 03:21:42.373 +07:00 [INF] HTTP GET /images/tours/hcm3.jpg responded 404 in 1.9694 ms
2026-04-05 03:21:42.387 +07:00 [INF] HTTP GET /images/tours/hcm4.jpg responded 404 in 1.7806 ms
2026-04-05 03:21:42.400 +07:00 [INF] HTTP GET /images/tours/hcm5.jpg responded 404 in 8.0461 ms
2026-04-05 03:21:42.407 +07:00 [INF] HTTP GET /images/tours/vt1.jpg responded 404 in 1.8236 ms
2026-04-05 03:21:42.416 +07:00 [INF] HTTP GET /images/tours/vt2.jpg responded 404 in 3.2582 ms
2026-04-05 03:21:42.432 +07:00 [INF] HTTP GET /images/tours/vt3.jpg responded 404 in 8.6501 ms
2026-04-05 03:21:42.439 +07:00 [INF] HTTP GET /images/tours/vt4.jpg responded 404 in 1.6684 ms
2026-04-05 03:21:42.453 +07:00 [INF] HTTP GET /images/tours/vt5.jpg responded 404 in 2.4853 ms
2026-04-05 03:21:42.467 +07:00 [INF] HTTP GET /images/tours/ct1.jpg responded 404 in 2.7436 ms
2026-04-05 03:21:42.475 +07:00 [INF] HTTP GET /images/tours/ct2.jpg responded 404 in 1.6359 ms
2026-04-05 03:21:42.493 +07:00 [INF] HTTP GET /images/tours/ct3.jpg responded 404 in 7.2586 ms
2026-04-05 03:21:42.507 +07:00 [INF] HTTP GET /images/tours/ct4.jpg responded 404 in 5.0667 ms
2026-04-05 03:21:42.532 +07:00 [INF] HTTP GET /images/tours/ct5.jpg responded 404 in 13.7969 ms
2026-04-05 03:21:42.533 +07:00 [INF] HTTP GET /images/tours/ag1.jpg responded 404 in 7.2878 ms
2026-04-05 03:21:42.556 +07:00 [INF] HTTP GET /images/tours/ag2.jpg responded 404 in 2.9098 ms
2026-04-05 03:21:42.574 +07:00 [INF] HTTP GET /images/tours/ag3.jpg responded 404 in 1.7506 ms
2026-04-05 03:21:42.578 +07:00 [INF] HTTP GET /images/tours/ag4.jpg responded 404 in 1.7738 ms
2026-04-05 03:21:42.600 +07:00 [INF] HTTP GET /images/tours/ag5.jpg responded 404 in 10.1123 ms
2026-04-05 03:21:42.616 +07:00 [INF] HTTP GET /images/tours/ht1.jpg responded 404 in 6.8295 ms
2026-04-05 03:21:42.637 +07:00 [INF] HTTP GET /images/tours/ht2.jpg responded 404 in 9.9972 ms
2026-04-05 03:21:42.649 +07:00 [INF] HTTP GET /images/tours/ht3.jpg responded 404 in 7.6513 ms
2026-04-05 03:21:42.669 +07:00 [INF] HTTP GET /images/tours/ht4.jpg responded 404 in 12.3104 ms
2026-04-05 03:21:42.686 +07:00 [INF] HTTP GET /images/tours/ht5.jpg responded 404 in 3.0444 ms
2026-04-05 03:21:44.659 +07:00 [INF] HTTP GET /Admin/Tour responded 200 in 323.0737 ms
2026-04-05 03:21:44.675 +07:00 [INF] HTTP GET /images/tours/tl1.jpg responded 404 in 1.3847 ms
2026-04-05 03:21:44.690 +07:00 [INF] HTTP GET /images/tours/tl4.jpg responded 404 in 1.6179 ms
2026-04-05 03:21:44.683 +07:00 [INF] HTTP GET /css/site.css responded 200 in 9.7772 ms
2026-04-05 03:21:44.683 +07:00 [INF] HTTP GET /lib/bootstrap/dist/css/bootstrap.min.css responded 200 in 11.7018 ms
2026-04-05 03:21:44.676 +07:00 [INF] HTTP GET /images/tours/tl2.jpg responded 404 in 2.4398 ms
2026-04-05 03:21:44.724 +07:00 [INF] HTTP GET /lib/bootstrap/dist/js/bootstrap.bundle.min.js responded 200 in 3.9487 ms
2026-04-05 03:21:44.703 +07:00 [INF] HTTP GET /lib/jquery/dist/jquery.min.js responded 200 in 9.8870 ms
2026-04-05 03:21:44.712 +07:00 [INF] HTTP GET /js/site.js responded 200 in 4.7995 ms
2026-04-05 03:21:44.717 +07:00 [INF] HTTP GET /images/tours/tl5.jpg responded 404 in 2.0365 ms
2026-04-05 03:21:44.690 +07:00 [INF] HTTP GET /images/tours/tl3.jpg responded 404 in 1.8951 ms
2026-04-05 03:21:44.733 +07:00 [INF] HTTP GET /images/tours/jp4.jpg responded 404 in 1.5407 ms
2026-04-05 03:21:44.739 +07:00 [INF] HTTP GET /images/tours/jp3.jpg responded 404 in 1.4634 ms
2026-04-05 03:21:44.747 +07:00 [INF] HTTP GET /images/tours/jp2.jpg responded 404 in 1.5023 ms
2026-04-05 03:21:44.752 +07:00 [INF] HTTP GET /images/tours/jp1.jpg responded 404 in 1.5367 ms
2026-04-05 03:21:44.759 +07:00 [INF] HTTP GET /images/tours/jp5.jpg responded 404 in 1.8669 ms
2026-04-05 03:21:44.770 +07:00 [INF] HTTP GET /images/tours/kr1.jpg responded 404 in 1.6263 ms
2026-04-05 03:21:44.776 +07:00 [INF] HTTP GET /images/tours/kr2.jpg responded 404 in 2.1813 ms
2026-04-05 03:21:44.784 +07:00 [INF] HTTP GET /images/tours/kr3.jpg responded 404 in 1.9248 ms
2026-04-05 03:21:44.791 +07:00 [INF] HTTP GET /images/tours/kr4.jpg responded 404 in 2.2570 ms
2026-04-05 03:21:44.800 +07:00 [INF] HTTP GET /images/tours/kr5.jpg responded 404 in 2.6312 ms
2026-04-05 03:21:44.808 +07:00 [INF] HTTP GET /images/tours/sg1.jpg responded 404 in 3.8164 ms
2026-04-05 03:21:44.810 +07:00 [INF] HTTP GET /images/tours/sg2.jpg responded 404 in 1.5428 ms
2026-04-05 03:21:44.816 +07:00 [INF] HTTP GET /images/tours/sg3.jpg responded 404 in 1.6054 ms
2026-04-05 03:21:44.823 +07:00 [INF] HTTP GET /images/tours/sg4.jpg responded 404 in 2.1900 ms
2026-04-05 03:21:44.828 +07:00 [INF] HTTP GET /images/tours/sg5.jpg responded 404 in 3.3418 ms
2026-04-05 03:21:44.836 +07:00 [INF] HTTP GET /images/tours/fr1.jpg responded 404 in 4.7195 ms
2026-04-05 03:21:44.838 +07:00 [INF] HTTP GET /images/tours/fr2.jpg responded 404 in 1.8927 ms
2026-04-05 03:21:44.851 +07:00 [INF] HTTP GET /images/tours/fr3.jpg responded 404 in 2.7980 ms
2026-04-05 03:21:44.855 +07:00 [INF] HTTP GET /images/tours/fr4.jpg responded 404 in 3.5729 ms
2026-04-05 03:21:44.869 +07:00 [INF] HTTP GET /images/tours/fr5.jpg responded 404 in 5.8039 ms
2026-04-05 03:21:44.873 +07:00 [INF] HTTP GET /images/tours/pq1.jpg responded 304 in 5.7192 ms
2026-04-05 03:21:44.881 +07:00 [INF] HTTP GET /images/tours/pq2.jpg responded 404 in 4.2127 ms
2026-04-05 03:21:44.888 +07:00 [INF] HTTP GET /images/tours/pq3.jpg responded 404 in 2.0713 ms
2026-04-05 03:21:44.894 +07:00 [INF] HTTP GET /images/tours/pq4.jpg responded 404 in 1.7472 ms
2026-04-05 03:21:44.903 +07:00 [INF] HTTP GET /images/tours/pq5.jpg responded 404 in 1.6821 ms
2026-04-05 03:21:44.909 +07:00 [INF] HTTP GET /images/tours/dn1.jpg responded 304 in 1.9925 ms
2026-04-05 03:21:44.913 +07:00 [INF] HTTP GET /images/tours/dn2.jpg responded 404 in 2.4209 ms
2026-04-05 03:21:44.924 +07:00 [INF] HTTP GET /images/tours/dn3.jpg responded 404 in 2.5171 ms
2026-04-05 03:21:44.932 +07:00 [INF] HTTP GET /images/tours/dn4.jpg responded 404 in 2.2439 ms
2026-04-05 03:21:44.937 +07:00 [INF] HTTP GET /images/tours/dn5.jpg responded 404 in 1.4986 ms
2026-04-05 03:21:44.942 +07:00 [INF] HTTP GET /images/tours/dl1.jpg responded 304 in 2.0011 ms
2026-04-05 03:21:44.953 +07:00 [INF] HTTP GET /images/tours/dl2.jpg responded 404 in 2.1444 ms
2026-04-05 03:21:44.964 +07:00 [INF] HTTP GET /images/tours/dl3.jpg responded 404 in 2.0633 ms
2026-04-05 03:21:44.971 +07:00 [INF] HTTP GET /images/tours/dl4.jpg responded 404 in 1.8591 ms
2026-04-05 03:21:44.978 +07:00 [INF] HTTP GET /images/tours/dl5.jpg responded 404 in 1.9863 ms
2026-04-05 03:21:44.987 +07:00 [INF] HTTP GET /images/tours/sp1.jpg responded 304 in 3.3072 ms
2026-04-05 03:21:44.992 +07:00 [INF] HTTP GET /images/tours/sp2.jpg responded 404 in 2.6258 ms
2026-04-05 03:21:45.001 +07:00 [INF] HTTP GET /images/tours/sp3.jpg responded 404 in 1.6642 ms
2026-04-05 03:21:45.009 +07:00 [INF] HTTP GET /images/tours/sp4.jpg responded 404 in 1.7989 ms
2026-04-05 03:21:45.016 +07:00 [INF] HTTP GET /images/tours/sp5.jpg responded 404 in 3.2744 ms
2026-04-05 03:21:45.020 +07:00 [INF] HTTP GET /images/tours/qn1.jpg responded 304 in 1.8897 ms
2026-04-05 03:21:45.029 +07:00 [INF] HTTP GET /images/tours/qn2.jpg responded 404 in 2.1299 ms
2026-04-05 03:21:45.038 +07:00 [INF] HTTP GET /images/tours/qn3.jpg responded 404 in 4.0069 ms
2026-04-05 03:21:45.047 +07:00 [INF] HTTP GET /images/tours/qn4.jpg responded 404 in 2.3361 ms
2026-04-05 03:21:45.052 +07:00 [INF] HTTP GET /images/tours/qn5.jpg responded 404 in 2.1944 ms
2026-04-05 03:21:45.062 +07:00 [INF] HTTP GET /images/tours/nb1.jpg responded 304 in 2.2885 ms
2026-04-05 03:21:45.066 +07:00 [INF] HTTP GET /images/tours/nb2.jpg responded 404 in 2.0538 ms
2026-04-05 03:21:45.072 +07:00 [INF] HTTP GET /images/tours/nb3.jpg responded 404 in 1.7047 ms
2026-04-05 03:21:45.091 +07:00 [INF] HTTP GET /images/tours/nb4.jpg responded 404 in 9.8538 ms
2026-04-05 03:21:45.093 +07:00 [INF] HTTP GET /images/tours/nb5.jpg responded 404 in 1.5766 ms
2026-04-05 03:21:45.121 +07:00 [INF] HTTP GET /images/tours/hue1.jpg responded 404 in 2.2338 ms
2026-04-05 03:21:45.138 +07:00 [INF] HTTP GET /images/tours/hue2.jpg responded 404 in 1.5784 ms
2026-04-05 03:21:45.151 +07:00 [INF] HTTP GET /images/tours/hue3.jpg responded 404 in 2.1916 ms
2026-04-05 03:21:45.161 +07:00 [INF] HTTP GET /images/tours/hue4.jpg responded 404 in 5.2722 ms
2026-04-05 03:21:45.169 +07:00 [INF] HTTP GET /images/tours/hue5.jpg responded 404 in 8.5182 ms
2026-04-05 03:21:45.211 +07:00 [INF] HTTP GET /images/tours/ha1.jpg responded 404 in 6.1479 ms
2026-04-05 03:21:45.249 +07:00 [INF] HTTP GET /images/tours/ha2.jpg responded 404 in 7.9783 ms
2026-04-05 03:21:45.258 +07:00 [INF] HTTP GET /images/tours/ha3.jpg responded 404 in 1.9808 ms
2026-04-05 03:21:45.314 +07:00 [INF] HTTP GET /images/tours/ha4.jpg responded 404 in 1.8004 ms
2026-04-05 03:21:45.480 +07:00 [INF] HTTP GET /images/tours/ha5.jpg responded 404 in 6.3935 ms
2026-04-05 03:21:45.486 +07:00 [INF] HTTP GET /images/tours/nt1.jpg responded 304 in 2.1710 ms
2026-04-05 03:21:45.506 +07:00 [INF] HTTP GET /images/tours/nt2.jpg responded 404 in 1.6237 ms
2026-04-05 03:21:45.525 +07:00 [INF] HTTP GET /images/tours/nt3.jpg responded 404 in 4.5387 ms
2026-04-05 03:21:45.566 +07:00 [INF] HTTP GET /images/tours/nt4.jpg responded 404 in 29.1170 ms
2026-04-05 03:21:45.585 +07:00 [INF] HTTP GET /images/tours/nt5.jpg responded 404 in 2.8598 ms
2026-04-05 03:21:45.603 +07:00 [INF] HTTP GET /images/tours/mn1.jpg responded 304 in 5.1230 ms
2026-04-05 03:21:45.641 +07:00 [INF] HTTP GET /images/tours/mn2.jpg responded 404 in 1.5153 ms
2026-04-05 03:21:45.654 +07:00 [INF] HTTP GET /images/tours/mn3.jpg responded 404 in 5.0739 ms
2026-04-05 03:21:45.662 +07:00 [INF] HTTP GET /images/tours/mn4.jpg responded 404 in 1.4043 ms
2026-04-05 03:21:45.686 +07:00 [INF] HTTP GET /images/tours/mn5.jpg responded 404 in 9.9363 ms
2026-04-05 03:21:46.106 +07:00 [INF] HTTP GET /images/tours/hcm1.jpg responded 404 in 3.0604 ms
2026-04-05 03:21:46.122 +07:00 [INF] HTTP GET /images/tours/hcm2.jpg responded 404 in 2.1722 ms
2026-04-05 03:21:46.136 +07:00 [INF] HTTP GET /images/tours/hcm3.jpg responded 404 in 2.3338 ms
2026-04-05 03:21:46.153 +07:00 [INF] HTTP GET /images/tours/hcm4.jpg responded 404 in 1.4409 ms
2026-04-05 03:21:46.161 +07:00 [INF] HTTP GET /images/tours/hcm5.jpg responded 404 in 1.9754 ms
2026-04-05 03:21:46.213 +07:00 [INF] HTTP GET /images/tours/vt1.jpg responded 404 in 4.0427 ms
2026-04-05 03:21:46.249 +07:00 [INF] HTTP GET /images/tours/vt2.jpg responded 404 in 1.6676 ms
2026-04-05 03:21:46.269 +07:00 [INF] HTTP GET /images/tours/vt3.jpg responded 404 in 2.6031 ms
2026-04-05 03:21:46.306 +07:00 [INF] HTTP GET /images/tours/vt4.jpg responded 404 in 1.4170 ms
2026-04-05 03:21:46.342 +07:00 [INF] HTTP GET /images/tours/ct1.jpg responded 404 in 3.0685 ms
2026-04-05 03:21:46.342 +07:00 [INF] HTTP GET /images/tours/vt5.jpg responded 404 in 14.8836 ms
2026-04-05 03:21:46.364 +07:00 [INF] HTTP GET /images/tours/ct2.jpg responded 404 in 6.7436 ms
2026-04-05 03:21:46.397 +07:00 [INF] HTTP GET /images/tours/ct3.jpg responded 404 in 1.4507 ms
2026-04-05 03:21:46.428 +07:00 [INF] HTTP GET /images/tours/ct4.jpg responded 404 in 4.5108 ms
2026-04-05 03:21:46.449 +07:00 [INF] HTTP GET /images/tours/ct5.jpg responded 404 in 1.8534 ms
2026-04-05 03:21:46.674 +07:00 [INF] HTTP GET /images/tours/ag1.jpg responded 404 in 1.6006 ms
2026-04-05 03:21:46.689 +07:00 [INF] HTTP GET /images/tours/ag2.jpg responded 404 in 3.3693 ms
2026-04-05 03:21:46.763 +07:00 [INF] HTTP GET /images/tours/ag3.jpg responded 404 in 14.2943 ms
2026-04-05 03:21:46.830 +07:00 [INF] HTTP GET /images/tours/ag4.jpg responded 404 in 3.9238 ms
2026-04-05 03:21:46.848 +07:00 [INF] HTTP GET /images/tours/ag5.jpg responded 404 in 11.1460 ms
2026-04-05 03:21:46.865 +07:00 [INF] HTTP GET /images/tours/ht1.jpg responded 404 in 2.1666 ms
2026-04-05 03:21:46.878 +07:00 [INF] HTTP GET /images/tours/ht2.jpg responded 404 in 1.6795 ms
2026-04-05 03:21:46.908 +07:00 [INF] HTTP GET /images/tours/ht3.jpg responded 404 in 1.3925 ms
2026-04-05 03:21:46.927 +07:00 [INF] HTTP GET /images/tours/ht4.jpg responded 404 in 1.6352 ms
2026-04-05 03:21:46.935 +07:00 [INF] HTTP GET /images/tours/ht5.jpg responded 404 in 2.3416 ms
2026-04-05 03:21:49.627 +07:00 [INF] HTTP GET /Admin/Tour responded 200 in 188.0193 ms
2026-04-05 03:21:49.646 +07:00 [INF] HTTP GET /images/tours/tl1.jpg responded 404 in 1.1664 ms
2026-04-05 03:21:49.651 +07:00 [INF] HTTP GET /images/tours/tl2.jpg responded 404 in 0.7434 ms
2026-04-05 03:21:49.657 +07:00 [INF] HTTP GET /css/site.css responded 200 in 8.7616 ms
2026-04-05 03:21:49.663 +07:00 [INF] HTTP GET /images/tours/tl4.jpg responded 404 in 0.9006 ms
2026-04-05 03:21:49.664 +07:00 [INF] HTTP GET /images/tours/tl3.jpg responded 404 in 1.2000 ms
2026-04-05 03:21:49.666 +07:00 [INF] HTTP GET /lib/bootstrap/dist/css/bootstrap.min.css responded 200 in 21.0370 ms
2026-04-05 03:21:49.832 +07:00 [INF] HTTP GET /lib/bootstrap/dist/js/bootstrap.bundle.min.js responded 200 in 47.0480 ms
2026-04-05 03:21:50.047 +07:00 [INF] HTTP GET /js/site.js responded 200 in 5.3740 ms
2026-04-05 03:21:50.052 +07:00 [INF] HTTP GET /images/tours/tl5.jpg responded 404 in 1.0098 ms
2026-04-05 03:21:50.075 +07:00 [INF] HTTP GET /images/tours/jp3.jpg responded 404 in 4.5310 ms
2026-04-05 03:21:50.088 +07:00 [INF] HTTP GET /images/tours/jp4.jpg responded 404 in 1.6069 ms
2026-04-05 03:21:50.100 +07:00 [INF] HTTP GET /lib/jquery/dist/jquery.min.js responded 200 in 7.4068 ms
2026-04-05 03:21:50.130 +07:00 [INF] HTTP GET /images/tours/jp1.jpg responded 404 in 1.1382 ms
2026-04-05 03:21:50.149 +07:00 [INF] HTTP GET /images/tours/jp2.jpg responded 404 in 3.5093 ms
2026-04-05 03:21:50.162 +07:00 [INF] HTTP GET /images/tours/kr1.jpg responded 404 in 0.8154 ms
2026-04-05 03:21:50.171 +07:00 [INF] HTTP GET /images/tours/kr2.jpg responded 404 in 0.8622 ms
2026-04-05 03:21:50.195 +07:00 [INF] HTTP GET /images/tours/kr3.jpg responded 404 in 1.0251 ms
2026-04-05 03:21:50.203 +07:00 [INF] HTTP GET /images/tours/jp5.jpg responded 404 in 1.3303 ms
2026-04-05 03:21:50.217 +07:00 [INF] HTTP GET /images/tours/kr4.jpg responded 404 in 1.2934 ms
2026-04-05 03:21:50.230 +07:00 [INF] HTTP GET /images/tours/kr5.jpg responded 404 in 1.1837 ms
2026-04-05 03:21:50.249 +07:00 [INF] HTTP GET /images/tours/sg1.jpg responded 404 in 0.8537 ms
2026-04-05 03:21:50.262 +07:00 [INF] HTTP GET /images/tours/sg2.jpg responded 404 in 1.8962 ms
2026-04-05 03:21:50.270 +07:00 [INF] HTTP GET /images/tours/sg3.jpg responded 404 in 0.8014 ms
2026-04-05 03:21:50.280 +07:00 [INF] HTTP GET /images/tours/sg4.jpg responded 404 in 1.9646 ms
2026-04-05 03:21:50.291 +07:00 [INF] HTTP GET /images/tours/sg5.jpg responded 404 in 1.5975 ms
2026-04-05 03:21:50.305 +07:00 [INF] HTTP GET /images/tours/fr1.jpg responded 404 in 0.9940 ms
2026-04-05 03:21:50.317 +07:00 [INF] HTTP GET /images/tours/fr2.jpg responded 404 in 1.6424 ms
2026-04-05 03:21:50.328 +07:00 [INF] HTTP GET /images/tours/fr3.jpg responded 404 in 1.5249 ms
2026-04-05 03:21:50.338 +07:00 [INF] HTTP GET /images/tours/fr4.jpg responded 404 in 0.8946 ms
2026-04-05 03:21:50.354 +07:00 [INF] HTTP GET /images/tours/fr5.jpg responded 404 in 1.5441 ms
2026-04-05 03:21:50.368 +07:00 [INF] HTTP GET /images/tours/pq1.jpg responded 304 in 2.7619 ms
2026-04-05 03:21:50.386 +07:00 [INF] HTTP GET /images/tours/pq2.jpg responded 404 in 5.3115 ms
2026-04-05 03:21:50.407 +07:00 [INF] HTTP GET /images/tours/pq3.jpg responded 404 in 2.5877 ms
2026-04-05 03:21:50.446 +07:00 [INF] HTTP GET /images/tours/pq4.jpg responded 404 in 0.9831 ms
2026-04-05 03:21:50.560 +07:00 [INF] HTTP GET /images/tours/pq5.jpg responded 404 in 0.8918 ms
2026-04-05 03:21:50.578 +07:00 [INF] HTTP GET /images/tours/dn1.jpg responded 304 in 2.5954 ms
2026-04-05 03:21:50.585 +07:00 [INF] HTTP GET /images/tours/dn2.jpg responded 404 in 1.6553 ms
2026-04-05 03:21:50.596 +07:00 [INF] HTTP GET /images/tours/dn3.jpg responded 404 in 2.8504 ms
2026-04-05 03:21:50.652 +07:00 [INF] HTTP GET /images/tours/dn4.jpg responded 404 in 1.2483 ms
2026-04-05 03:21:51.013 +07:00 [INF] HTTP GET /images/tours/dn5.jpg responded 404 in 0.9109 ms
2026-04-05 03:21:51.026 +07:00 [INF] HTTP GET /images/tours/dl1.jpg responded 304 in 5.8263 ms
2026-04-05 03:21:51.060 +07:00 [INF] HTTP GET /images/tours/dl2.jpg responded 404 in 2.6980 ms
2026-04-05 03:21:51.393 +07:00 [INF] HTTP GET /Admin/Tour responded 200 in 300.9869 ms
2026-04-05 03:21:51.433 +07:00 [INF] HTTP GET /images/tours/dl3.jpg responded 404 in 0.8964 ms
2026-04-05 03:21:51.451 +07:00 [INF] HTTP GET /lib/bootstrap/dist/css/bootstrap.min.css responded 200 in 11.8097 ms
2026-04-05 03:21:51.464 +07:00 [INF] HTTP GET /css/site.css responded 200 in 7.6775 ms
2026-04-05 03:21:51.500 +07:00 [INF] HTTP GET /images/tours/tl3.jpg responded 404 in 0.9952 ms
2026-04-05 03:21:51.514 +07:00 [INF] HTTP GET /images/tours/tl4.jpg responded 404 in 1.2277 ms
2026-04-05 03:21:51.519 +07:00 [INF] HTTP GET /images/tours/tl5.jpg responded 404 in 1.0477 ms
2026-04-05 03:21:51.540 +07:00 [INF] HTTP GET /lib/jquery/dist/jquery.min.js responded 200 in 9.1236 ms
2026-04-05 03:21:51.553 +07:00 [INF] HTTP GET /images/tours/tl1.jpg responded 404 in 4.2845 ms
2026-04-05 03:21:51.566 +07:00 [INF] HTTP GET /images/tours/tl2.jpg responded 404 in 1.2694 ms
2026-04-05 03:21:51.601 +07:00 [INF] HTTP GET /lib/bootstrap/dist/js/bootstrap.bundle.min.js responded 200 in 6.1717 ms
2026-04-05 03:21:51.624 +07:00 [INF] HTTP GET /images/tours/dl5.jpg responded 404 in 15.4865 ms
2026-04-05 03:21:51.632 +07:00 [INF] HTTP GET /images/tours/sp1.jpg responded 304 in 1.1187 ms
2026-04-05 03:21:51.641 +07:00 [INF] HTTP GET /images/tours/dl4.jpg responded 404 in 0.8829 ms
2026-04-05 03:21:51.656 +07:00 [INF] HTTP GET /images/tours/sp2.jpg responded 404 in 1.0330 ms
2026-04-05 03:21:51.662 +07:00 [INF] HTTP GET /images/tours/sp3.jpg responded 404 in 0.9352 ms
2026-04-05 03:21:51.675 +07:00 [INF] HTTP GET /js/site.js responded 200 in 4.9205 ms
2026-04-05 03:21:51.695 +07:00 [INF] HTTP GET /images/tours/jp1.jpg responded 404 in 1.0394 ms
2026-04-05 03:21:51.727 +07:00 [INF] HTTP GET /images/tours/jp2.jpg responded 404 in 0.9442 ms
2026-04-05 03:21:51.735 +07:00 [INF] HTTP GET /images/tours/jp3.jpg responded 404 in 0.9084 ms
2026-04-05 03:21:51.749 +07:00 [INF] HTTP GET /images/tours/jp4.jpg responded 404 in 1.8944 ms
2026-04-05 03:21:51.761 +07:00 [INF] HTTP GET /images/tours/jp5.jpg responded 404 in 0.9121 ms
2026-04-05 03:21:51.764 +07:00 [INF] HTTP GET /images/tours/sp4.jpg responded 404 in 1.0285 ms
2026-04-05 03:21:51.776 +07:00 [INF] HTTP GET /images/tours/kr1.jpg responded 404 in 1.0360 ms
2026-04-05 03:21:51.791 +07:00 [INF] HTTP GET /images/tours/sp5.jpg responded 404 in 1.2700 ms
2026-04-05 03:21:51.808 +07:00 [INF] HTTP GET /images/tours/qn1.jpg responded 304 in 5.4457 ms
2026-04-05 03:21:51.820 +07:00 [INF] HTTP GET /images/tours/qn2.jpg responded 404 in 1.2589 ms
2026-04-05 03:21:51.865 +07:00 [INF] HTTP GET /images/tours/qn3.jpg responded 404 in 1.0052 ms
2026-04-05 03:21:52.463 +07:00 [INF] HTTP GET /images/tours/qn4.jpg responded 404 in 0.9097 ms
2026-04-05 03:21:53.137 +07:00 [INF] HTTP GET /images/tours/kr2.jpg responded 404 in 1.0126 ms
2026-04-05 03:21:53.147 +07:00 [INF] HTTP GET /images/tours/kr3.jpg responded 404 in 0.8910 ms
2026-04-05 03:21:53.156 +07:00 [INF] HTTP GET /images/tours/kr4.jpg responded 404 in 2.0085 ms
2026-04-05 03:21:53.178 +07:00 [INF] HTTP GET /images/tours/kr5.jpg responded 404 in 7.6897 ms
2026-04-05 03:21:53.194 +07:00 [INF] HTTP GET /images/tours/sg1.jpg responded 404 in 2.4499 ms
2026-04-05 03:21:53.211 +07:00 [INF] HTTP GET /images/tours/qn5.jpg responded 404 in 1.1418 ms
2026-04-05 03:21:53.221 +07:00 [INF] HTTP GET /images/tours/sg2.jpg responded 404 in 0.9080 ms
2026-04-05 03:21:53.233 +07:00 [INF] HTTP GET /images/tours/nb1.jpg responded 304 in 1.0730 ms
2026-04-05 03:21:53.240 +07:00 [INF] HTTP GET /images/tours/nb2.jpg responded 404 in 0.8603 ms
2026-04-05 03:21:53.254 +07:00 [INF] HTTP GET /images/tours/nb3.jpg responded 404 in 1.6379 ms
2026-04-05 03:21:53.266 +07:00 [INF] HTTP GET /images/tours/nb4.jpg responded 404 in 3.5480 ms
2026-04-05 03:21:53.383 +07:00 [INF] HTTP GET /images/tours/nb5.jpg responded 404 in 1.6547 ms
2026-04-05 03:21:53.595 +07:00 [INF] HTTP GET /images/tours/sg3.jpg responded 404 in 0.8937 ms
2026-04-05 03:21:53.605 +07:00 [INF] HTTP GET /images/tours/sg4.jpg responded 404 in 0.8143 ms
2026-04-05 03:21:53.621 +07:00 [INF] HTTP GET /images/tours/sg5.jpg responded 404 in 0.8177 ms
2026-04-05 03:21:53.650 +07:00 [INF] HTTP GET /images/tours/fr1.jpg responded 404 in 0.8034 ms
2026-04-05 03:21:53.726 +07:00 [INF] HTTP GET /images/tours/fr2.jpg responded 404 in 0.8513 ms
2026-04-05 03:21:53.734 +07:00 [INF] HTTP GET /images/tours/hue1.jpg responded 404 in 1.0547 ms
2026-04-05 03:21:53.745 +07:00 [INF] HTTP GET /images/tours/fr3.jpg responded 404 in 2.0391 ms
2026-04-05 03:21:53.754 +07:00 [INF] HTTP GET /images/tours/hue2.jpg responded 404 in 1.8763 ms
2026-04-05 03:21:53.761 +07:00 [INF] HTTP GET /images/tours/hue3.jpg responded 404 in 0.9283 ms
2026-04-05 03:21:53.766 +07:00 [INF] HTTP GET /images/tours/hue4.jpg responded 404 in 0.7937 ms
2026-04-05 03:21:53.774 +07:00 [INF] HTTP GET /images/tours/hue5.jpg responded 404 in 2.0444 ms
2026-04-05 03:21:53.780 +07:00 [INF] HTTP GET /images/tours/ha1.jpg responded 404 in 0.8560 ms
2026-04-05 03:21:53.786 +07:00 [INF] HTTP GET /images/tours/fr4.jpg responded 404 in 0.8049 ms
2026-04-05 03:21:53.796 +07:00 [INF] HTTP GET /images/tours/fr5.jpg responded 404 in 6.5506 ms
2026-04-05 03:21:53.803 +07:00 [INF] HTTP GET /images/tours/pq1.jpg responded 304 in 1.9703 ms
2026-04-05 03:21:53.824 +07:00 [INF] HTTP GET /images/tours/pq2.jpg responded 404 in 1.9368 ms
2026-04-05 03:21:53.832 +07:00 [INF] HTTP GET /images/tours/pq3.jpg responded 404 in 0.8431 ms
2026-04-05 03:21:53.835 +07:00 [INF] HTTP GET /images/tours/ha2.jpg responded 404 in 0.7718 ms
2026-04-05 03:21:53.849 +07:00 [INF] HTTP GET /images/tours/pq4.jpg responded 404 in 0.9693 ms
2026-04-05 03:21:53.854 +07:00 [INF] HTTP GET /images/tours/ha3.jpg responded 404 in 1.4911 ms
2026-04-05 03:21:53.864 +07:00 [INF] HTTP GET /images/tours/ha4.jpg responded 404 in 1.7583 ms
2026-04-05 03:21:53.893 +07:00 [INF] HTTP GET /images/tours/ha5.jpg responded 404 in 2.0020 ms
2026-04-05 03:21:53.913 +07:00 [INF] HTTP GET /images/tours/nt1.jpg responded 304 in 1.3360 ms
2026-04-05 03:21:53.920 +07:00 [INF] HTTP GET /images/tours/nt2.jpg responded 404 in 0.8705 ms
2026-04-05 03:21:53.938 +07:00 [INF] HTTP GET /images/tours/pq5.jpg responded 404 in 5.7176 ms
2026-04-05 03:21:53.981 +07:00 [INF] HTTP GET /images/tours/dn1.jpg responded 304 in 17.2092 ms
2026-04-05 03:21:53.983 +07:00 [INF] HTTP GET /images/tours/dn2.jpg responded 404 in 0.8716 ms
2026-04-05 03:21:54.000 +07:00 [INF] HTTP GET /images/tours/dn3.jpg responded 404 in 1.3071 ms
2026-04-05 03:21:54.026 +07:00 [INF] HTTP GET /images/tours/dn4.jpg responded 404 in 0.8268 ms
2026-04-05 03:21:54.082 +07:00 [INF] HTTP GET /images/tours/nt3.jpg responded 404 in 13.9303 ms
2026-04-05 03:21:54.097 +07:00 [INF] HTTP GET /images/tours/dn5.jpg responded 404 in 1.0002 ms
2026-04-05 03:21:54.129 +07:00 [INF] HTTP GET /images/tours/nt4.jpg responded 404 in 0.9102 ms
2026-04-05 03:21:54.174 +07:00 [INF] HTTP GET /images/tours/nt5.jpg responded 404 in 5.7242 ms
2026-04-05 03:21:54.203 +07:00 [INF] HTTP GET /images/tours/mn1.jpg responded 304 in 1.6545 ms
2026-04-05 03:21:54.211 +07:00 [INF] HTTP GET /images/tours/mn2.jpg responded 404 in 1.4517 ms
2026-04-05 03:21:54.236 +07:00 [INF] HTTP GET /images/tours/dl1.jpg responded 304 in 1.5772 ms
2026-04-05 03:21:54.239 +07:00 [INF] HTTP GET /images/tours/mn3.jpg responded 404 in 0.8570 ms
2026-04-05 03:21:54.250 +07:00 [INF] HTTP GET /images/tours/dl2.jpg responded 404 in 1.7511 ms
2026-04-05 03:21:54.270 +07:00 [INF] HTTP GET /images/tours/dl3.jpg responded 404 in 2.0531 ms
2026-04-05 03:21:54.294 +07:00 [INF] HTTP GET /images/tours/dl4.jpg responded 404 in 0.9133 ms
2026-04-05 03:21:54.317 +07:00 [INF] HTTP GET /images/tours/dl5.jpg responded 404 in 1.0823 ms
2026-04-05 03:21:54.326 +07:00 [INF] HTTP GET /images/tours/mn4.jpg responded 404 in 1.4050 ms
2026-04-05 03:21:54.345 +07:00 [INF] HTTP GET /images/tours/sp1.jpg responded 304 in 9.4655 ms
2026-04-05 03:21:54.359 +07:00 [INF] HTTP GET /images/tours/mn5.jpg responded 404 in 1.0034 ms
2026-04-05 03:21:54.382 +07:00 [INF] HTTP GET /images/tours/hcm1.jpg responded 404 in 1.0591 ms
2026-04-05 03:21:54.441 +07:00 [INF] HTTP GET /images/tours/hcm2.jpg responded 404 in 5.4354 ms
2026-04-05 03:21:54.469 +07:00 [INF] HTTP GET /images/tours/hcm3.jpg responded 404 in 0.9050 ms
2026-04-05 03:21:54.481 +07:00 [INF] HTTP GET /images/tours/hcm4.jpg responded 404 in 0.9768 ms
2026-04-05 03:21:54.517 +07:00 [INF] HTTP GET /images/tours/sp2.jpg responded 404 in 0.8211 ms
2026-04-05 03:21:54.525 +07:00 [INF] HTTP GET /images/tours/sp3.jpg responded 404 in 0.9513 ms
2026-04-05 03:21:54.532 +07:00 [INF] HTTP GET /images/tours/sp4.jpg responded 404 in 0.8413 ms
2026-04-05 03:21:54.540 +07:00 [INF] HTTP GET /images/tours/sp5.jpg responded 404 in 4.0703 ms
2026-04-05 03:21:54.572 +07:00 [INF] HTTP GET /images/tours/qn1.jpg responded 304 in 1.5834 ms
2026-04-05 03:21:54.611 +07:00 [INF] HTTP GET /images/tours/hcm5.jpg responded 404 in 2.9653 ms
2026-04-05 03:21:54.627 +07:00 [INF] HTTP GET /images/tours/qn2.jpg responded 404 in 0.8739 ms
2026-04-05 03:21:54.654 +07:00 [INF] HTTP GET /images/tours/vt1.jpg responded 404 in 1.8155 ms
2026-04-05 03:21:54.760 +07:00 [INF] HTTP GET /images/tours/vt2.jpg responded 404 in 1.0333 ms
2026-04-05 03:21:55.142 +07:00 [INF] HTTP GET /images/tours/vt3.jpg responded 404 in 1.0379 ms
2026-04-05 03:21:55.229 +07:00 [INF] HTTP GET /images/tours/vt4.jpg responded 404 in 0.9281 ms
2026-04-05 03:21:55.269 +07:00 [INF] HTTP GET /images/tours/vt5.jpg responded 404 in 1.0381 ms
2026-04-05 03:21:55.288 +07:00 [INF] HTTP GET /images/tours/qn3.jpg responded 404 in 0.9230 ms
2026-04-05 03:21:55.377 +07:00 [INF] HTTP GET /images/tours/ct1.jpg responded 404 in 1.6425 ms
2026-04-05 03:21:55.327 +07:00 [INF] HTTP GET /images/tours/qn5.jpg responded 404 in 1.8502 ms
2026-04-05 03:21:55.343 +07:00 [INF] HTTP GET /images/tours/nb1.jpg responded 304 in 1.4496 ms
2026-04-05 03:21:55.365 +07:00 [INF] HTTP GET /images/tours/nb2.jpg responded 404 in 3.3145 ms
2026-04-05 03:21:55.304 +07:00 [INF] HTTP GET /images/tours/qn4.jpg responded 404 in 3.2228 ms
2026-04-05 03:21:55.382 +07:00 [INF] HTTP GET /images/tours/nb3.jpg responded 404 in 0.8988 ms
2026-04-05 03:21:55.444 +07:00 [INF] HTTP GET /images/tours/ct2.jpg responded 404 in 0.9119 ms
2026-04-05 03:21:55.460 +07:00 [INF] HTTP GET /images/tours/ct3.jpg responded 404 in 0.8840 ms
2026-04-05 03:21:55.467 +07:00 [INF] HTTP GET /images/tours/ct4.jpg responded 404 in 0.8221 ms
2026-04-05 03:21:55.481 +07:00 [INF] HTTP GET /images/tours/ct5.jpg responded 404 in 1.0706 ms
2026-04-05 03:21:55.536 +07:00 [INF] HTTP GET /images/tours/ag1.jpg responded 404 in 0.9012 ms
2026-04-05 03:21:55.555 +07:00 [INF] HTTP GET /images/tours/nb4.jpg responded 404 in 0.8811 ms
2026-04-05 03:21:55.566 +07:00 [INF] HTTP GET /images/tours/ag2.jpg responded 404 in 1.8961 ms
2026-04-05 03:21:55.576 +07:00 [INF] HTTP GET /images/tours/nb5.jpg responded 404 in 1.8529 ms
2026-04-05 03:21:55.597 +07:00 [INF] HTTP GET /images/tours/hue1.jpg responded 404 in 0.8862 ms
2026-04-05 03:21:55.611 +07:00 [INF] HTTP GET /images/tours/hue2.jpg responded 404 in 1.3684 ms
2026-04-05 03:21:55.617 +07:00 [INF] HTTP GET /images/tours/hue3.jpg responded 404 in 1.6854 ms
2026-04-05 03:21:55.632 +07:00 [INF] HTTP GET /images/tours/hue4.jpg responded 404 in 1.1293 ms
2026-04-05 03:21:55.646 +07:00 [INF] HTTP GET /images/tours/ag3.jpg responded 404 in 0.8260 ms
2026-04-05 03:21:55.653 +07:00 [INF] HTTP GET /images/tours/ag4.jpg responded 404 in 0.8186 ms
2026-04-05 03:21:55.671 +07:00 [INF] HTTP GET /images/tours/ag5.jpg responded 404 in 1.7853 ms
2026-04-05 03:21:55.691 +07:00 [INF] HTTP GET /images/tours/ht1.jpg responded 404 in 0.9925 ms
2026-04-05 03:21:55.710 +07:00 [INF] HTTP GET /images/tours/ht2.jpg responded 404 in 3.9845 ms
2026-04-05 03:21:55.730 +07:00 [INF] HTTP GET /images/tours/hue5.jpg responded 404 in 10.7649 ms
2026-04-05 03:21:55.732 +07:00 [INF] HTTP GET /images/tours/ht3.jpg responded 404 in 0.8339 ms
2026-04-05 03:21:55.774 +07:00 [INF] HTTP GET /images/tours/ha1.jpg responded 404 in 1.0067 ms
2026-04-05 03:21:55.811 +07:00 [INF] HTTP GET /images/tours/ha2.jpg responded 404 in 1.3679 ms
2026-04-05 03:21:55.937 +07:00 [INF] HTTP GET /images/tours/ha3.jpg responded 404 in 0.9730 ms
2026-04-05 03:21:56.018 +07:00 [INF] HTTP GET /images/tours/ha4.jpg responded 404 in 0.9362 ms
2026-04-05 03:21:56.045 +07:00 [INF] HTTP GET /images/tours/ha5.jpg responded 404 in 1.0409 ms
2026-04-05 03:21:56.059 +07:00 [INF] HTTP GET /images/tours/ht4.jpg responded 404 in 1.0417 ms
2026-04-05 03:21:56.069 +07:00 [INF] HTTP GET /images/tours/ht5.jpg responded 404 in 1.4301 ms
2026-04-05 03:21:56.080 +07:00 [INF] HTTP GET /images/tours/nt1.jpg responded 304 in 2.5010 ms
2026-04-05 03:21:56.092 +07:00 [INF] HTTP GET /images/tours/nt2.jpg responded 404 in 2.7334 ms
2026-04-05 03:21:56.106 +07:00 [INF] HTTP GET /images/tours/nt3.jpg responded 404 in 1.1138 ms
2026-04-05 03:21:56.113 +07:00 [INF] HTTP GET /images/tours/nt4.jpg responded 404 in 1.2868 ms
2026-04-05 03:21:56.122 +07:00 [INF] HTTP GET /images/tours/nt5.jpg responded 404 in 0.9638 ms
2026-04-05 03:21:56.131 +07:00 [INF] HTTP GET /images/tours/mn1.jpg responded 304 in 1.3894 ms
2026-04-05 03:21:56.147 +07:00 [INF] HTTP GET /images/tours/mn2.jpg responded 404 in 0.8543 ms
2026-04-05 03:21:56.153 +07:00 [INF] HTTP GET /images/tours/mn3.jpg responded 404 in 1.2854 ms
2026-04-05 03:21:56.160 +07:00 [INF] HTTP GET /images/tours/mn4.jpg responded 404 in 0.8978 ms
2026-04-05 03:21:56.167 +07:00 [INF] HTTP GET /images/tours/mn5.jpg responded 404 in 0.7959 ms
2026-04-05 03:21:56.172 +07:00 [INF] HTTP GET /images/tours/hcm1.jpg responded 404 in 1.4231 ms
2026-04-05 03:21:56.177 +07:00 [INF] HTTP GET /images/tours/hcm2.jpg responded 404 in 1.4799 ms
2026-04-05 03:21:56.184 +07:00 [INF] HTTP GET /images/tours/hcm3.jpg responded 404 in 0.7785 ms
2026-04-05 03:21:56.189 +07:00 [INF] HTTP GET /images/tours/hcm4.jpg responded 404 in 0.8931 ms
2026-04-05 03:21:56.201 +07:00 [INF] HTTP GET /images/tours/hcm5.jpg responded 404 in 2.3143 ms
2026-04-05 03:21:56.206 +07:00 [INF] HTTP GET /images/tours/vt1.jpg responded 404 in 1.1510 ms
2026-04-05 03:21:56.210 +07:00 [INF] HTTP GET /images/tours/vt2.jpg responded 404 in 0.7792 ms
2026-04-05 03:21:56.215 +07:00 [INF] HTTP GET /images/tours/vt3.jpg responded 404 in 0.7526 ms
2026-04-05 03:21:56.221 +07:00 [INF] HTTP GET /images/tours/vt4.jpg responded 404 in 3.1611 ms
2026-04-05 03:21:56.246 +07:00 [INF] HTTP GET /images/tours/vt5.jpg responded 404 in 0.9863 ms
2026-04-05 03:21:56.256 +07:00 [INF] HTTP GET /images/tours/ct1.jpg responded 404 in 0.8467 ms
2026-04-05 03:21:56.303 +07:00 [INF] HTTP GET /images/tours/ct2.jpg responded 404 in 18.9812 ms
2026-04-05 03:21:56.322 +07:00 [INF] HTTP GET /images/tours/ct3.jpg responded 404 in 1.0128 ms
2026-04-05 03:21:56.639 +07:00 [INF] HTTP GET /images/tours/ct4.jpg responded 404 in 2.6588 ms
2026-04-05 03:21:56.677 +07:00 [INF] HTTP GET /images/tours/ct5.jpg responded 404 in 2.7959 ms
2026-04-05 03:21:56.678 +07:00 [INF] HTTP GET /images/tours/ag1.jpg responded 404 in 0.9812 ms
2026-04-05 03:21:56.692 +07:00 [INF] HTTP GET /images/tours/ag2.jpg responded 404 in 1.0089 ms
2026-04-05 03:21:56.715 +07:00 [INF] HTTP GET /images/tours/ag3.jpg responded 404 in 1.0521 ms
2026-04-05 03:21:56.738 +07:00 [INF] HTTP GET /images/tours/ag4.jpg responded 404 in 1.5382 ms
2026-04-05 03:21:56.777 +07:00 [INF] HTTP GET /images/tours/ag5.jpg responded 404 in 1.0013 ms
2026-04-05 03:21:56.786 +07:00 [INF] HTTP GET /images/tours/ht1.jpg responded 404 in 0.8038 ms
2026-04-05 03:21:56.821 +07:00 [INF] HTTP GET /images/tours/ht2.jpg responded 404 in 1.1135 ms
2026-04-05 03:21:56.833 +07:00 [INF] HTTP GET /images/tours/ht3.jpg responded 404 in 0.9505 ms
2026-04-05 03:21:56.839 +07:00 [INF] HTTP GET /images/tours/ht4.jpg responded 404 in 0.8638 ms
2026-04-05 03:21:56.853 +07:00 [INF] HTTP GET /images/tours/ht5.jpg responded 404 in 0.9067 ms
2026-04-05 03:22:07.042 +07:00 [INF] HTTP GET /Admin/Tour responded 200 in 48.9976 ms
2026-04-05 03:22:07.089 +07:00 [INF] HTTP GET /css/site.css responded 200 in 10.5381 ms
2026-04-05 03:22:07.090 +07:00 [INF] HTTP GET /images/tours/tl1.jpg responded 404 in 0.6020 ms
2026-04-05 03:22:07.096 +07:00 [INF] HTTP GET /images/tours/tl2.jpg responded 404 in 0.6543 ms
2026-04-05 03:22:07.111 +07:00 [INF] HTTP GET /images/tours/tl3.jpg responded 404 in 0.6422 ms
2026-04-05 03:22:07.111 +07:00 [INF] HTTP GET /images/tours/tl4.jpg responded 404 in 0.3983 ms
2026-04-05 03:22:07.115 +07:00 [INF] HTTP GET /lib/bootstrap/dist/css/bootstrap.min.css responded 200 in 41.3560 ms
2026-04-05 03:22:07.145 +07:00 [INF] HTTP GET /lib/jquery/dist/jquery.min.js responded 200 in 3.1569 ms
2026-04-05 03:22:07.165 +07:00 [INF] HTTP GET /lib/bootstrap/dist/js/bootstrap.bundle.min.js responded 200 in 8.6310 ms
2026-04-05 03:22:07.176 +07:00 [INF] HTTP GET /images/tours/jp2.jpg responded 404 in 5.5587 ms
2026-04-05 03:22:07.189 +07:00 [INF] HTTP GET /images/tours/jp3.jpg responded 404 in 1.4675 ms
2026-04-05 03:22:07.201 +07:00 [INF] HTTP GET /images/tours/jp4.jpg responded 404 in 0.8582 ms
2026-04-05 03:22:07.206 +07:00 [INF] HTTP GET /images/tours/tl5.jpg responded 404 in 0.5428 ms
2026-04-05 03:22:07.219 +07:00 [INF] HTTP GET /js/site.js responded 200 in 4.5477 ms
2026-04-05 03:22:07.226 +07:00 [INF] HTTP GET /images/tours/jp1.jpg responded 404 in 2.9955 ms
2026-04-05 03:22:07.296 +07:00 [INF] HTTP GET /images/tours/kr1.jpg responded 404 in 8.8813 ms
2026-04-05 03:22:07.337 +07:00 [INF] HTTP GET /images/tours/kr3.jpg responded 404 in 0.5896 ms
2026-04-05 03:22:07.341 +07:00 [INF] HTTP GET /images/tours/kr2.jpg responded 404 in 15.7913 ms
2026-04-05 03:22:07.366 +07:00 [INF] HTTP GET /images/tours/kr4.jpg responded 404 in 2.6327 ms
2026-04-05 03:22:07.613 +07:00 [INF] HTTP GET /images/tours/jp5.jpg responded 404 in 0.7179 ms
2026-04-05 03:22:07.625 +07:00 [INF] HTTP GET /images/tours/kr5.jpg responded 404 in 0.7537 ms
2026-04-05 03:22:07.640 +07:00 [INF] HTTP GET /images/tours/sg1.jpg responded 404 in 1.5536 ms
2026-04-05 03:22:07.651 +07:00 [INF] HTTP GET /images/tours/sg2.jpg responded 404 in 0.5966 ms
2026-04-05 03:22:07.664 +07:00 [INF] HTTP GET /images/tours/sg3.jpg responded 404 in 0.7102 ms
2026-04-05 03:22:07.682 +07:00 [INF] HTTP GET /images/tours/sg4.jpg responded 404 in 1.6789 ms
2026-04-05 03:22:07.695 +07:00 [INF] HTTP GET /images/tours/sg5.jpg responded 404 in 0.7079 ms
2026-04-05 03:22:07.713 +07:00 [INF] HTTP GET /images/tours/fr1.jpg responded 404 in 0.7936 ms
2026-04-05 03:22:07.733 +07:00 [INF] HTTP GET /images/tours/fr2.jpg responded 404 in 0.7803 ms
2026-04-05 03:22:07.749 +07:00 [INF] HTTP GET /images/tours/fr3.jpg responded 404 in 1.5547 ms
2026-04-05 03:22:07.756 +07:00 [INF] HTTP GET /images/tours/fr4.jpg responded 404 in 2.1007 ms
2026-04-05 03:22:07.775 +07:00 [INF] HTTP GET /images/tours/fr5.jpg responded 404 in 0.7947 ms
2026-04-05 03:22:07.794 +07:00 [INF] HTTP GET /images/tours/pq1.jpg responded 304 in 0.9696 ms
2026-04-05 03:22:07.805 +07:00 [INF] HTTP GET /images/tours/pq2.jpg responded 404 in 0.6136 ms
2026-04-05 03:22:07.860 +07:00 [INF] HTTP GET /images/tours/pq3.jpg responded 404 in 1.8714 ms
2026-04-05 03:22:07.918 +07:00 [INF] HTTP GET /images/tours/pq4.jpg responded 404 in 0.6787 ms
2026-04-05 03:22:08.596 +07:00 [INF] HTTP GET /images/tours/pq5.jpg responded 404 in 0.8398 ms
2026-04-05 03:22:08.704 +07:00 [INF] HTTP GET /images/tours/dn1.jpg responded 304 in 22.4579 ms
2026-04-05 03:22:08.726 +07:00 [INF] HTTP GET /Admin/Tour responded 200 in 163.6322 ms
2026-04-05 03:22:09.059 +07:00 [INF] HTTP GET /lib/bootstrap/dist/css/bootstrap.min.css responded 200 in 15.3610 ms
2026-04-05 03:22:09.091 +07:00 [INF] HTTP GET /lib/jquery/dist/jquery.min.js responded 200 in 11.3387 ms
2026-04-05 03:22:10.501 +07:00 [INF] HTTP GET /images/tours/tl2.jpg responded 404 in 0.6240 ms
2026-04-05 03:22:09.141 +07:00 [INF] HTTP GET /images/tours/tl3.jpg responded 404 in 2.0649 ms
2026-04-05 03:22:09.184 +07:00 [INF] HTTP GET /images/tours/tl4.jpg responded 404 in 2.6869 ms
2026-04-05 03:22:09.206 +07:00 [INF] HTTP GET /images/tours/tl5.jpg responded 404 in 1.3760 ms
2026-04-05 03:22:10.487 +07:00 [INF] HTTP GET /css/site.css responded 200 in 3.1378 ms
2026-04-05 03:22:09.096 +07:00 [INF] HTTP GET /images/tours/tl1.jpg responded 404 in 0.7333 ms
2026-04-05 03:22:10.528 +07:00 [INF] HTTP GET /lib/bootstrap/dist/js/bootstrap.bundle.min.js responded 200 in 2.8336 ms
2026-04-05 03:22:10.553 +07:00 [INF] HTTP GET /images/tours/dn3.jpg responded 404 in 1.1781 ms
2026-04-05 03:22:10.560 +07:00 [INF] HTTP GET /images/tours/dn4.jpg responded 404 in 0.7364 ms
2026-04-05 03:22:10.575 +07:00 [INF] HTTP GET /images/tours/dn5.jpg responded 404 in 0.8637 ms
2026-04-05 03:22:10.579 +07:00 [INF] HTTP GET /images/tours/dn2.jpg responded 404 in 0.5746 ms
2026-04-05 03:22:10.636 +07:00 [INF] HTTP GET /images/tours/dl1.jpg responded 304 in 4.6752 ms
2026-04-05 03:22:10.738 +07:00 [INF] HTTP GET /js/site.js responded 200 in 14.5453 ms
2026-04-05 03:22:10.790 +07:00 [INF] HTTP GET /images/tours/jp1.jpg responded 404 in 0.5933 ms
2026-04-05 03:22:10.798 +07:00 [INF] HTTP GET /images/tours/jp2.jpg responded 404 in 1.3637 ms
2026-04-05 03:22:10.817 +07:00 [INF] HTTP GET /images/tours/jp3.jpg responded 404 in 0.5803 ms
2026-04-05 03:22:10.827 +07:00 [INF] HTTP GET /images/tours/jp4.jpg responded 404 in 0.6001 ms
2026-04-05 03:22:10.834 +07:00 [INF] HTTP GET /images/tours/jp5.jpg responded 404 in 0.7010 ms
2026-04-05 03:22:10.841 +07:00 [INF] HTTP GET /images/tours/dl2.jpg responded 404 in 1.5072 ms
2026-04-05 03:22:10.849 +07:00 [INF] HTTP GET /images/tours/kr1.jpg responded 404 in 0.5946 ms
2026-04-05 03:22:10.868 +07:00 [INF] HTTP GET /images/tours/dl3.jpg responded 404 in 0.8227 ms
2026-04-05 03:22:10.888 +07:00 [INF] HTTP GET /images/tours/dl4.jpg responded 404 in 0.6624 ms
2026-04-05 03:22:10.898 +07:00 [INF] HTTP GET /images/tours/dl5.jpg responded 404 in 1.0820 ms
2026-04-05 03:22:10.921 +07:00 [INF] HTTP GET /images/tours/sp1.jpg responded 304 in 4.1564 ms
2026-04-05 03:22:10.933 +07:00 [INF] HTTP GET /images/tours/sp2.jpg responded 404 in 0.7146 ms
2026-04-05 03:22:10.941 +07:00 [INF] HTTP GET /images/tours/kr2.jpg responded 404 in 0.6584 ms
2026-04-05 03:22:10.949 +07:00 [INF] HTTP GET /images/tours/kr3.jpg responded 404 in 1.1007 ms
2026-04-05 03:22:10.957 +07:00 [INF] HTTP GET /images/tours/kr4.jpg responded 404 in 1.3227 ms
2026-04-05 03:22:10.967 +07:00 [INF] HTTP GET /images/tours/kr5.jpg responded 404 in 1.2629 ms
2026-04-05 03:22:10.980 +07:00 [INF] HTTP GET /images/tours/sg1.jpg responded 404 in 0.6550 ms
2026-04-05 03:22:10.990 +07:00 [INF] HTTP GET /images/tours/sp3.jpg responded 404 in 0.8593 ms
2026-04-05 03:22:11.000 +07:00 [INF] HTTP GET /images/tours/sg2.jpg responded 404 in 0.6298 ms
2026-04-05 03:22:11.011 +07:00 [INF] HTTP GET /images/tours/sp4.jpg responded 404 in 0.6350 ms
2026-04-05 03:22:11.036 +07:00 [INF] HTTP GET /images/tours/sp5.jpg responded 404 in 0.8644 ms
2026-04-05 03:22:11.061 +07:00 [INF] HTTP GET /images/tours/qn1.jpg responded 304 in 6.5597 ms
2026-04-05 03:22:11.082 +07:00 [INF] HTTP GET /images/tours/qn2.jpg responded 404 in 0.7272 ms
2026-04-05 03:22:11.130 +07:00 [INF] HTTP GET /images/tours/qn3.jpg responded 404 in 0.6596 ms
2026-04-05 03:22:11.151 +07:00 [INF] HTTP GET /images/tours/sg3.jpg responded 404 in 0.6238 ms
2026-04-05 03:22:11.159 +07:00 [INF] HTTP GET /images/tours/sg4.jpg responded 404 in 0.6076 ms
2026-04-05 03:22:11.207 +07:00 [INF] HTTP GET /images/tours/sg5.jpg responded 404 in 14.8282 ms
2026-04-05 03:22:11.402 +07:00 [INF] HTTP GET /images/tours/fr1.jpg responded 404 in 0.5687 ms
2026-04-05 03:22:11.419 +07:00 [INF] HTTP GET /images/tours/fr2.jpg responded 404 in 0.6207 ms
2026-04-05 03:22:11.429 +07:00 [INF] HTTP GET /images/tours/qn4.jpg responded 404 in 0.5673 ms
2026-04-05 03:22:11.440 +07:00 [INF] HTTP GET /images/tours/fr3.jpg responded 404 in 0.5986 ms
2026-04-05 03:22:11.459 +07:00 [INF] HTTP GET /images/tours/qn5.jpg responded 404 in 1.4687 ms
2026-04-05 03:22:11.474 +07:00 [INF] HTTP GET /images/tours/nb1.jpg responded 304 in 2.7239 ms
2026-04-05 03:22:11.486 +07:00 [INF] HTTP GET /images/tours/nb2.jpg responded 404 in 0.5602 ms
2026-04-05 03:22:11.499 +07:00 [INF] HTTP GET /images/tours/nb3.jpg responded 404 in 0.6226 ms
2026-04-05 03:22:11.508 +07:00 [INF] HTTP GET /images/tours/nb4.jpg responded 404 in 0.6194 ms
2026-04-05 03:22:11.521 +07:00 [INF] HTTP GET /images/tours/fr4.jpg responded 404 in 1.8753 ms
2026-04-05 03:22:11.534 +07:00 [INF] HTTP GET /images/tours/fr5.jpg responded 404 in 0.8334 ms
2026-04-05 03:22:11.546 +07:00 [INF] HTTP GET /images/tours/pq1.jpg responded 304 in 0.8998 ms
2026-04-05 03:22:11.557 +07:00 [INF] HTTP GET /images/tours/pq2.jpg responded 404 in 0.6491 ms
2026-04-05 03:22:11.570 +07:00 [INF] HTTP GET /images/tours/pq3.jpg responded 404 in 1.5304 ms
2026-04-05 03:22:11.590 +07:00 [INF] HTTP GET /images/tours/nb5.jpg responded 404 in 0.5820 ms
2026-04-05 03:22:11.605 +07:00 [INF] HTTP GET /images/tours/pq4.jpg responded 404 in 2.6597 ms
2026-04-05 03:22:11.641 +07:00 [INF] HTTP GET /images/tours/hue1.jpg responded 404 in 0.5892 ms
2026-04-05 03:22:11.661 +07:00 [INF] HTTP GET /images/tours/hue2.jpg responded 404 in 1.3569 ms
2026-04-05 03:22:11.675 +07:00 [INF] HTTP GET /images/tours/hue3.jpg responded 404 in 0.5717 ms
2026-04-05 03:22:11.687 +07:00 [INF] HTTP GET /images/tours/hue4.jpg responded 404 in 0.6817 ms
2026-04-05 03:22:11.695 +07:00 [INF] HTTP GET /images/tours/hue5.jpg responded 404 in 1.3373 ms
2026-04-05 03:22:11.711 +07:00 [INF] HTTP GET /images/tours/pq5.jpg responded 404 in 0.6330 ms
2026-04-05 03:22:11.725 +07:00 [INF] HTTP GET /images/tours/dn1.jpg responded 304 in 0.8926 ms
2026-04-05 03:22:11.737 +07:00 [INF] HTTP GET /images/tours/dn2.jpg responded 404 in 0.5615 ms
2026-04-05 03:22:11.747 +07:00 [INF] HTTP GET /images/tours/dn3.jpg responded 404 in 1.0758 ms
2026-04-05 03:22:11.754 +07:00 [INF] HTTP GET /images/tours/dn4.jpg responded 404 in 0.9360 ms
2026-04-05 03:22:11.762 +07:00 [INF] HTTP GET /images/tours/ha1.jpg responded 404 in 0.5913 ms
2026-04-05 03:22:11.767 +07:00 [INF] HTTP GET /images/tours/dn5.jpg responded 404 in 0.5920 ms
2026-04-05 03:22:11.772 +07:00 [INF] HTTP GET /images/tours/ha2.jpg responded 404 in 0.9851 ms
2026-04-05 03:22:11.784 +07:00 [INF] HTTP GET /images/tours/ha3.jpg responded 404 in 0.5977 ms
2026-04-05 03:22:11.797 +07:00 [INF] HTTP GET /images/tours/ha4.jpg responded 404 in 0.7175 ms
2026-04-05 03:22:11.805 +07:00 [INF] HTTP GET /images/tours/ha5.jpg responded 404 in 0.9642 ms
2026-04-05 03:22:11.817 +07:00 [INF] HTTP GET /images/tours/nt1.jpg responded 304 in 2.7053 ms
2026-04-05 03:22:11.829 +07:00 [INF] HTTP GET /images/tours/dl1.jpg responded 304 in 1.0072 ms
2026-04-05 03:22:11.843 +07:00 [INF] HTTP GET /images/tours/dl2.jpg responded 404 in 1.0468 ms
2026-04-05 03:22:11.860 +07:00 [INF] HTTP GET /images/tours/dl3.jpg responded 404 in 8.0715 ms
2026-04-05 03:22:11.895 +07:00 [INF] HTTP GET /images/tours/dl4.jpg responded 404 in 0.6071 ms
2026-04-05 03:22:11.921 +07:00 [INF] HTTP GET /images/tours/dl5.jpg responded 404 in 1.5384 ms
2026-04-05 03:22:11.937 +07:00 [INF] HTTP GET /images/tours/nt2.jpg responded 404 in 1.0569 ms
2026-04-05 03:22:11.976 +07:00 [INF] HTTP GET /images/tours/sp1.jpg responded 304 in 3.3768 ms
2026-04-05 03:22:12.029 +07:00 [INF] HTTP GET /images/tours/nt3.jpg responded 404 in 0.5544 ms
2026-04-05 03:22:12.098 +07:00 [INF] HTTP GET /images/tours/nt4.jpg responded 404 in 3.2459 ms
2026-04-05 03:22:12.103 +07:00 [INF] HTTP GET /images/tours/nt5.jpg responded 404 in 0.5809 ms
2026-04-05 03:22:12.109 +07:00 [INF] HTTP GET /images/tours/mn1.jpg responded 304 in 0.7390 ms
2026-04-05 03:22:12.115 +07:00 [INF] HTTP GET /images/tours/mn2.jpg responded 404 in 0.6355 ms
2026-04-05 03:22:12.132 +07:00 [INF] HTTP GET /images/tours/sp2.jpg responded 404 in 0.5881 ms
2026-04-05 03:22:12.152 +07:00 [INF] HTTP GET /images/tours/sp3.jpg responded 404 in 1.2219 ms
2026-04-05 03:22:12.164 +07:00 [INF] HTTP GET /images/tours/sp4.jpg responded 404 in 0.8286 ms
2026-04-05 03:22:12.171 +07:00 [INF] HTTP GET /images/tours/sp5.jpg responded 404 in 0.5598 ms
2026-04-05 03:22:12.176 +07:00 [INF] HTTP GET /images/tours/qn1.jpg responded 304 in 0.7567 ms
2026-04-05 03:22:12.189 +07:00 [INF] HTTP GET /images/tours/mn3.jpg responded 404 in 1.2314 ms
2026-04-05 03:22:12.198 +07:00 [INF] HTTP GET /images/tours/qn2.jpg responded 404 in 0.6666 ms
2026-04-05 03:22:12.202 +07:00 [INF] HTTP GET /images/tours/mn4.jpg responded 404 in 0.5189 ms
2026-04-05 03:22:12.210 +07:00 [INF] HTTP GET /images/tours/mn5.jpg responded 404 in 1.1369 ms
2026-04-05 03:22:12.223 +07:00 [INF] HTTP GET /images/tours/hcm1.jpg responded 404 in 2.0791 ms
2026-04-05 03:22:12.233 +07:00 [INF] HTTP GET /images/tours/hcm2.jpg responded 404 in 0.5620 ms
2026-04-05 03:22:12.240 +07:00 [INF] HTTP GET /images/tours/hcm3.jpg responded 404 in 0.9793 ms
2026-04-05 03:22:12.253 +07:00 [INF] HTTP GET /images/tours/qn3.jpg responded 404 in 2.4479 ms
2026-04-05 03:22:12.264 +07:00 [INF] HTTP GET /images/tours/qn4.jpg responded 404 in 0.5959 ms
2026-04-05 03:22:12.269 +07:00 [INF] HTTP GET /images/tours/qn5.jpg responded 404 in 0.5848 ms
2026-04-05 03:22:12.275 +07:00 [INF] HTTP GET /images/tours/nb1.jpg responded 304 in 0.7056 ms
2026-04-05 03:22:12.282 +07:00 [INF] HTTP GET /images/tours/hcm4.jpg responded 404 in 0.6999 ms
2026-04-05 03:22:12.291 +07:00 [INF] HTTP GET /images/tours/nb2.jpg responded 404 in 0.6247 ms
2026-04-05 03:22:12.311 +07:00 [INF] HTTP GET /images/tours/nb3.jpg responded 404 in 0.5402 ms
2026-04-05 03:22:12.321 +07:00 [INF] HTTP GET /images/tours/hcm5.jpg responded 404 in 1.3886 ms
2026-04-05 03:22:12.328 +07:00 [INF] HTTP GET /images/tours/vt1.jpg responded 404 in 0.7243 ms
2026-04-05 03:22:12.332 +07:00 [INF] HTTP GET /images/tours/vt2.jpg responded 404 in 0.5631 ms
2026-04-05 03:22:12.344 +07:00 [INF] HTTP GET /images/tours/vt3.jpg responded 404 in 1.2506 ms
2026-04-05 03:22:12.358 +07:00 [INF] HTTP GET /images/tours/vt4.jpg responded 404 in 2.1675 ms
2026-04-05 03:22:12.359 +07:00 [INF] HTTP GET /images/tours/nb4.jpg responded 404 in 0.5659 ms
2026-04-05 03:22:12.374 +07:00 [INF] HTTP GET /images/tours/nb5.jpg responded 404 in 4.1149 ms
2026-04-05 03:22:12.379 +07:00 [INF] HTTP GET /images/tours/hue1.jpg responded 404 in 0.4953 ms
2026-04-05 03:22:12.386 +07:00 [INF] HTTP GET /images/tours/vt5.jpg responded 404 in 0.6281 ms
2026-04-05 03:22:12.391 +07:00 [INF] HTTP GET /images/tours/hue2.jpg responded 404 in 0.5450 ms
2026-04-05 03:22:12.395 +07:00 [INF] HTTP GET /images/tours/hue3.jpg responded 404 in 0.6402 ms
2026-04-05 03:22:12.452 +07:00 [INF] HTTP GET /images/tours/hue4.jpg responded 404 in 0.6949 ms
2026-04-05 03:22:12.464 +07:00 [INF] HTTP GET /images/tours/ct1.jpg responded 404 in 0.7053 ms
2026-04-05 03:22:12.504 +07:00 [INF] HTTP GET /images/tours/ct2.jpg responded 404 in 0.6116 ms
2026-04-05 03:22:12.527 +07:00 [INF] HTTP GET /images/tours/ct3.jpg responded 404 in 1.2677 ms
2026-04-05 03:22:12.538 +07:00 [INF] HTTP GET /images/tours/ct4.jpg responded 404 in 0.5651 ms
2026-04-05 03:22:12.560 +07:00 [INF] HTTP GET /images/tours/ct5.jpg responded 404 in 0.6986 ms
2026-04-05 03:22:12.575 +07:00 [INF] HTTP GET /images/tours/hue5.jpg responded 404 in 0.6361 ms
2026-04-05 03:22:12.590 +07:00 [INF] HTTP GET /images/tours/ha1.jpg responded 404 in 0.8061 ms
2026-04-05 03:22:12.597 +07:00 [INF] HTTP GET /images/tours/ha2.jpg responded 404 in 0.6592 ms
2026-04-05 03:22:12.605 +07:00 [INF] HTTP GET /images/tours/ag1.jpg responded 404 in 1.0015 ms
2026-04-05 03:22:12.617 +07:00 [INF] HTTP GET /images/tours/ha3.jpg responded 404 in 2.6165 ms
2026-04-05 03:22:12.632 +07:00 [INF] HTTP GET /images/tours/ha4.jpg responded 404 in 0.7643 ms
2026-04-05 03:22:12.647 +07:00 [INF] HTTP GET /images/tours/ha5.jpg responded 404 in 0.6646 ms
2026-04-05 03:22:12.671 +07:00 [INF] HTTP GET /images/tours/ag2.jpg responded 404 in 0.5731 ms
2026-04-05 03:22:12.827 +07:00 [INF] HTTP GET /images/tours/ag3.jpg responded 404 in 0.6999 ms
2026-04-05 03:22:12.840 +07:00 [INF] HTTP GET /images/tours/ag4.jpg responded 404 in 1.3973 ms
2026-04-05 03:22:12.851 +07:00 [INF] HTTP GET /images/tours/ag5.jpg responded 404 in 0.6984 ms
2026-04-05 03:22:12.865 +07:00 [INF] HTTP GET /images/tours/ht1.jpg responded 404 in 10.2796 ms
2026-04-05 03:22:12.875 +07:00 [INF] HTTP GET /images/tours/nt1.jpg responded 304 in 0.7806 ms
2026-04-05 03:22:12.882 +07:00 [INF] HTTP GET /images/tours/nt2.jpg responded 404 in 0.7053 ms
2026-04-05 03:22:12.886 +07:00 [INF] HTTP GET /images/tours/nt3.jpg responded 404 in 0.6350 ms
2026-04-05 03:22:12.899 +07:00 [INF] HTTP GET /images/tours/ht2.jpg responded 404 in 1.0669 ms
2026-04-05 03:22:12.907 +07:00 [INF] HTTP GET /images/tours/nt4.jpg responded 404 in 0.5655 ms
2026-04-05 03:22:12.914 +07:00 [INF] HTTP GET /images/tours/nt5.jpg responded 404 in 0.6341 ms
2026-04-05 03:22:12.922 +07:00 [INF] HTTP GET /images/tours/mn1.jpg responded 304 in 0.9302 ms
2026-04-05 03:22:12.937 +07:00 [INF] HTTP GET /images/tours/ht3.jpg responded 404 in 0.9268 ms
2026-04-05 03:22:12.952 +07:00 [INF] HTTP GET /images/tours/ht4.jpg responded 404 in 5.4975 ms
2026-04-05 03:22:12.961 +07:00 [INF] HTTP GET /images/tours/ht5.jpg responded 404 in 1.5530 ms
2026-04-05 03:22:12.973 +07:00 [INF] HTTP GET /images/tours/mn2.jpg responded 404 in 3.5817 ms
2026-04-05 03:22:12.980 +07:00 [INF] HTTP GET /images/tours/mn3.jpg responded 404 in 0.6107 ms
2026-04-05 03:22:12.987 +07:00 [INF] HTTP GET /images/tours/mn4.jpg responded 404 in 0.5469 ms
2026-04-05 03:22:12.994 +07:00 [INF] HTTP GET /images/tours/mn5.jpg responded 404 in 0.5941 ms
2026-04-05 03:22:13.000 +07:00 [INF] HTTP GET /images/tours/hcm1.jpg responded 404 in 0.5721 ms
2026-04-05 03:22:13.038 +07:00 [INF] HTTP GET /images/tours/hcm2.jpg responded 404 in 1.8693 ms
2026-04-05 03:22:13.045 +07:00 [INF] HTTP GET /images/tours/hcm3.jpg responded 404 in 0.5654 ms
2026-04-05 03:22:13.060 +07:00 [INF] HTTP GET /images/tours/hcm4.jpg responded 404 in 0.5804 ms
2026-04-05 03:22:13.084 +07:00 [INF] HTTP GET /images/tours/hcm5.jpg responded 404 in 5.8018 ms
2026-04-05 03:22:13.092 +07:00 [INF] HTTP GET /images/tours/vt1.jpg responded 404 in 0.5843 ms
2026-04-05 03:22:13.107 +07:00 [INF] HTTP GET /images/tours/vt2.jpg responded 404 in 0.6041 ms
2026-04-05 03:22:13.171 +07:00 [INF] HTTP GET /images/tours/vt3.jpg responded 404 in 3.6000 ms
2026-04-05 03:22:13.222 +07:00 [INF] HTTP GET /images/tours/vt4.jpg responded 404 in 0.5872 ms
2026-04-05 03:22:13.265 +07:00 [INF] HTTP GET /images/tours/vt5.jpg responded 404 in 6.6651 ms
2026-04-05 03:22:13.340 +07:00 [INF] HTTP GET /images/tours/ct1.jpg responded 404 in 0.6077 ms
2026-04-05 03:22:13.359 +07:00 [INF] HTTP GET /images/tours/ct2.jpg responded 404 in 3.1925 ms
2026-04-05 03:22:13.368 +07:00 [INF] HTTP GET /images/tours/ct3.jpg responded 404 in 0.8021 ms
2026-04-05 03:22:13.376 +07:00 [INF] HTTP GET /images/tours/ct4.jpg responded 404 in 0.5811 ms
2026-04-05 03:22:13.394 +07:00 [INF] HTTP GET /images/tours/ct5.jpg responded 404 in 0.5739 ms
2026-04-05 03:22:13.399 +07:00 [INF] HTTP GET /images/tours/ag1.jpg responded 404 in 0.5478 ms
2026-04-05 03:22:13.403 +07:00 [INF] HTTP GET /images/tours/ag2.jpg responded 404 in 0.6900 ms
2026-04-05 03:22:13.424 +07:00 [INF] HTTP GET /images/tours/ag3.jpg responded 404 in 0.5873 ms
2026-04-05 03:22:13.445 +07:00 [INF] HTTP GET /images/tours/ag4.jpg responded 404 in 4.7712 ms
2026-04-05 03:22:13.470 +07:00 [INF] HTTP GET /images/tours/ag5.jpg responded 404 in 0.5598 ms
2026-04-05 03:22:13.480 +07:00 [INF] HTTP GET /images/tours/ht1.jpg responded 404 in 0.6280 ms
2026-04-05 03:22:13.495 +07:00 [INF] HTTP GET /images/tours/ht2.jpg responded 404 in 0.8272 ms
2026-04-05 03:22:13.503 +07:00 [INF] HTTP GET /images/tours/ht3.jpg responded 404 in 0.5994 ms
2026-04-05 03:22:13.510 +07:00 [INF] HTTP GET /images/tours/ht4.jpg responded 404 in 0.5641 ms
2026-04-05 03:22:13.523 +07:00 [INF] HTTP GET /images/tours/ht5.jpg responded 404 in 6.6654 ms
2026-04-05 03:22:13.774 +07:00 [INF] HTTP GET /Admin/Category responded 200 in 166.0401 ms
2026-04-05 03:22:13.798 +07:00 [INF] HTTP GET /css/site.css responded 200 in 5.9081 ms
2026-04-05 03:22:13.800 +07:00 [INF] HTTP GET /lib/bootstrap/dist/css/bootstrap.min.css responded 200 in 7.8617 ms
2026-04-05 03:22:13.803 +07:00 [INF] HTTP GET /lib/bootstrap/dist/js/bootstrap.bundle.min.js responded 200 in 6.5643 ms
2026-04-05 03:22:13.802 +07:00 [INF] HTTP GET /lib/jquery/dist/jquery.min.js responded 200 in 6.6995 ms
2026-04-05 03:22:13.805 +07:00 [INF] HTTP GET /js/site.js responded 200 in 5.5812 ms
2026-04-05 03:22:23.286 +07:00 [INF] HTTP GET /Admin/Tour responded 200 in 34.4878 ms
2026-04-05 03:22:23.320 +07:00 [INF] HTTP GET /images/tours/tl1.jpg responded 404 in 0.9333 ms
2026-04-05 03:22:23.321 +07:00 [INF] HTTP GET /css/site.css responded 200 in 4.6067 ms
2026-04-05 03:22:23.322 +07:00 [INF] HTTP GET /images/tours/tl2.jpg responded 404 in 1.0146 ms
2026-04-05 03:22:23.328 +07:00 [INF] HTTP GET /lib/bootstrap/dist/css/bootstrap.min.css responded 200 in 13.0165 ms
2026-04-05 03:22:23.346 +07:00 [INF] HTTP GET /images/tours/tl5.jpg responded 404 in 0.7061 ms
2026-04-05 03:22:23.349 +07:00 [INF] HTTP GET /images/tours/tl4.jpg responded 404 in 0.7103 ms
2026-04-05 03:22:23.372 +07:00 [INF] HTTP GET /images/tours/tl3.jpg responded 404 in 1.8698 ms
2026-04-05 03:22:23.373 +07:00 [INF] HTTP GET /lib/bootstrap/dist/js/bootstrap.bundle.min.js responded 200 in 4.8713 ms
2026-04-05 03:22:23.382 +07:00 [INF] HTTP GET /js/site.js responded 200 in 2.1335 ms
2026-04-05 03:22:23.390 +07:00 [INF] HTTP GET /lib/jquery/dist/jquery.min.js responded 200 in 3.2895 ms
2026-04-05 03:22:23.398 +07:00 [INF] HTTP GET /images/tours/jp4.jpg responded 404 in 0.6322 ms
2026-04-05 03:22:23.411 +07:00 [INF] HTTP GET /images/tours/jp5.jpg responded 404 in 0.6708 ms
2026-04-05 03:22:23.423 +07:00 [INF] HTTP GET /images/tours/kr1.jpg responded 404 in 0.9269 ms
2026-04-05 03:22:23.426 +07:00 [INF] HTTP GET /images/tours/jp1.jpg responded 404 in 0.8452 ms
2026-04-05 03:22:23.439 +07:00 [INF] HTTP GET /images/tours/jp2.jpg responded 404 in 2.6410 ms
2026-04-05 03:22:23.447 +07:00 [INF] HTTP GET /images/tours/jp3.jpg responded 404 in 0.7156 ms
2026-04-05 03:22:23.458 +07:00 [INF] HTTP GET /images/tours/kr2.jpg responded 404 in 0.6945 ms
2026-04-05 03:22:23.468 +07:00 [INF] HTTP GET /images/tours/kr3.jpg responded 404 in 1.7918 ms
2026-04-05 03:22:23.550 +07:00 [INF] HTTP GET /images/tours/kr4.jpg responded 404 in 0.7986 ms
2026-04-05 03:22:23.615 +07:00 [INF] HTTP GET /images/tours/kr5.jpg responded 404 in 1.5360 ms
2026-04-05 03:22:23.630 +07:00 [INF] HTTP GET /images/tours/sg1.jpg responded 404 in 1.7454 ms
2026-04-05 03:22:23.647 +07:00 [INF] HTTP GET /images/tours/sg2.jpg responded 404 in 0.7009 ms
2026-04-05 03:22:23.652 +07:00 [INF] HTTP GET /images/tours/sg3.jpg responded 404 in 0.6951 ms
2026-04-05 03:22:23.692 +07:00 [INF] HTTP GET /images/tours/sg4.jpg responded 404 in 0.6245 ms
2026-04-05 03:22:23.728 +07:00 [INF] HTTP GET /images/tours/sg5.jpg responded 404 in 0.7072 ms
2026-04-05 03:22:23.745 +07:00 [INF] HTTP GET /images/tours/fr1.jpg responded 404 in 4.7707 ms
2026-04-05 03:22:23.755 +07:00 [INF] HTTP GET /images/tours/fr2.jpg responded 404 in 0.6521 ms
2026-04-05 03:22:23.766 +07:00 [INF] HTTP GET /images/tours/fr3.jpg responded 404 in 0.5976 ms
2026-04-05 03:22:23.776 +07:00 [INF] HTTP GET /images/tours/fr4.jpg responded 404 in 0.6414 ms
2026-04-05 03:22:23.786 +07:00 [INF] HTTP GET /images/tours/fr5.jpg responded 404 in 0.8819 ms
2026-04-05 03:22:23.814 +07:00 [INF] HTTP GET /images/tours/pq1.jpg responded 304 in 0.7515 ms
2026-04-05 03:22:23.818 +07:00 [INF] HTTP GET /images/tours/pq2.jpg responded 404 in 0.6050 ms
2026-04-05 03:22:23.823 +07:00 [INF] HTTP GET /images/tours/pq3.jpg responded 404 in 0.7941 ms
2026-04-05 03:22:23.871 +07:00 [INF] HTTP GET /images/tours/dn3.jpg responded 404 in 0.6241 ms
2026-04-05 03:22:23.839 +07:00 [INF] HTTP GET /images/tours/pq5.jpg responded 404 in 0.6856 ms
2026-04-05 03:22:23.847 +07:00 [INF] HTTP GET /images/tours/dn1.jpg responded 304 in 1.4370 ms
2026-04-05 03:22:23.855 +07:00 [INF] HTTP GET /images/tours/dn2.jpg responded 404 in 0.6601 ms
2026-04-05 03:22:23.834 +07:00 [INF] HTTP GET /images/tours/pq4.jpg responded 404 in 0.8193 ms
2026-04-05 03:22:23.875 +07:00 [INF] HTTP GET /images/tours/dn4.jpg responded 404 in 0.6266 ms
2026-04-05 03:22:23.884 +07:00 [INF] HTTP GET /images/tours/dn5.jpg responded 404 in 1.1716 ms
2026-04-05 03:22:23.893 +07:00 [INF] HTTP GET /images/tours/dl1.jpg responded 304 in 1.6738 ms
2026-04-05 03:22:23.901 +07:00 [INF] HTTP GET /images/tours/dl2.jpg responded 404 in 0.6252 ms
2026-04-05 03:22:23.907 +07:00 [INF] HTTP GET /images/tours/dl3.jpg responded 404 in 1.9821 ms
2026-04-05 03:22:23.910 +07:00 [INF] HTTP GET /images/tours/dl4.jpg responded 404 in 0.6046 ms
2026-04-05 03:22:23.914 +07:00 [INF] HTTP GET /images/tours/dl5.jpg responded 404 in 0.8741 ms
2026-04-05 03:22:23.922 +07:00 [INF] HTTP GET /images/tours/sp1.jpg responded 304 in 0.7506 ms
2026-04-05 03:22:23.927 +07:00 [INF] HTTP GET /images/tours/sp2.jpg responded 404 in 0.9759 ms
2026-04-05 03:22:23.931 +07:00 [INF] HTTP GET /images/tours/sp3.jpg responded 404 in 0.5690 ms
2026-04-05 03:22:23.937 +07:00 [INF] HTTP GET /images/tours/sp4.jpg responded 404 in 0.7365 ms
2026-04-05 03:22:23.943 +07:00 [INF] HTTP GET /images/tours/sp5.jpg responded 404 in 0.5853 ms
2026-04-05 03:22:23.946 +07:00 [INF] HTTP GET /images/tours/qn1.jpg responded 304 in 0.8187 ms
2026-04-05 03:22:23.951 +07:00 [INF] HTTP GET /images/tours/qn2.jpg responded 404 in 0.5700 ms
2026-04-05 03:22:23.956 +07:00 [INF] HTTP GET /images/tours/qn3.jpg responded 404 in 0.8198 ms
2026-04-05 03:22:23.965 +07:00 [INF] HTTP GET /images/tours/qn4.jpg responded 404 in 0.7861 ms
2026-04-05 03:22:23.977 +07:00 [INF] HTTP GET /images/tours/qn5.jpg responded 404 in 1.0513 ms
2026-04-05 03:22:23.985 +07:00 [INF] HTTP GET /images/tours/nb1.jpg responded 304 in 1.5866 ms
2026-04-05 03:22:23.990 +07:00 [INF] HTTP GET /images/tours/nb2.jpg responded 404 in 1.2889 ms
2026-04-05 03:22:23.995 +07:00 [INF] HTTP GET /images/tours/nb3.jpg responded 404 in 0.8692 ms
2026-04-05 03:22:24.003 +07:00 [INF] HTTP GET /images/tours/nb4.jpg responded 404 in 0.6084 ms
2026-04-05 03:22:24.005 +07:00 [INF] HTTP GET /images/tours/nb5.jpg responded 404 in 0.7084 ms
2026-04-05 03:22:24.012 +07:00 [INF] HTTP GET /images/tours/hue1.jpg responded 404 in 0.8622 ms
2026-04-05 03:22:24.016 +07:00 [INF] HTTP GET /images/tours/hue2.jpg responded 404 in 0.5982 ms
2026-04-05 03:22:24.020 +07:00 [INF] HTTP GET /images/tours/hue3.jpg responded 404 in 0.5509 ms
2026-04-05 03:22:24.023 +07:00 [INF] HTTP GET /images/tours/hue4.jpg responded 404 in 0.4897 ms
2026-04-05 03:22:24.027 +07:00 [INF] HTTP GET /images/tours/hue5.jpg responded 404 in 0.6023 ms
2026-04-05 03:22:24.031 +07:00 [INF] HTTP GET /images/tours/ha1.jpg responded 404 in 0.5909 ms
2026-04-05 03:22:24.035 +07:00 [INF] HTTP GET /images/tours/ha2.jpg responded 404 in 0.5916 ms
2026-04-05 03:22:24.039 +07:00 [INF] HTTP GET /images/tours/ha3.jpg responded 404 in 0.5276 ms
2026-04-05 03:22:24.042 +07:00 [INF] HTTP GET /images/tours/ha4.jpg responded 404 in 0.6168 ms
2026-04-05 03:22:24.046 +07:00 [INF] HTTP GET /images/tours/ha5.jpg responded 404 in 0.5749 ms
2026-04-05 03:22:24.060 +07:00 [INF] HTTP GET /images/tours/nt1.jpg responded 304 in 7.0261 ms
2026-04-05 03:22:24.074 +07:00 [INF] HTTP GET /images/tours/nt2.jpg responded 404 in 0.6781 ms
2026-04-05 03:22:24.096 +07:00 [INF] HTTP GET /images/tours/nt3.jpg responded 404 in 0.6245 ms
2026-04-05 03:22:24.105 +07:00 [INF] HTTP GET /images/tours/nt4.jpg responded 404 in 0.5877 ms
2026-04-05 03:22:24.121 +07:00 [INF] HTTP GET /images/tours/nt5.jpg responded 404 in 0.9186 ms
2026-04-05 03:22:24.130 +07:00 [INF] HTTP GET /images/tours/mn1.jpg responded 304 in 0.7022 ms
2026-04-05 03:22:24.189 +07:00 [INF] HTTP GET /images/tours/hcm1.jpg responded 404 in 0.6381 ms
2026-04-05 03:22:24.159 +07:00 [INF] HTTP GET /images/tours/mn3.jpg responded 404 in 0.7390 ms
2026-04-05 03:22:24.167 +07:00 [INF] HTTP GET /images/tours/mn4.jpg responded 404 in 0.7030 ms
2026-04-05 03:22:24.177 +07:00 [INF] HTTP GET /images/tours/mn5.jpg responded 404 in 0.9589 ms
2026-04-05 03:22:24.149 +07:00 [INF] HTTP GET /images/tours/mn2.jpg responded 404 in 0.7964 ms
2026-04-05 03:22:24.194 +07:00 [INF] HTTP GET /images/tours/hcm2.jpg responded 404 in 0.7737 ms
2026-04-05 03:22:24.210 +07:00 [INF] HTTP GET /images/tours/hcm3.jpg responded 404 in 0.6886 ms
2026-04-05 03:22:24.218 +07:00 [INF] HTTP GET /images/tours/hcm4.jpg responded 404 in 0.9262 ms
2026-04-05 03:22:24.230 +07:00 [INF] HTTP GET /images/tours/hcm5.jpg responded 404 in 1.9782 ms
2026-04-05 03:22:24.244 +07:00 [INF] HTTP GET /images/tours/vt1.jpg responded 404 in 0.6945 ms
2026-04-05 03:22:24.257 +07:00 [INF] HTTP GET /images/tours/vt2.jpg responded 404 in 0.7125 ms
2026-04-05 03:22:24.279 +07:00 [INF] HTTP GET /images/tours/vt3.jpg responded 404 in 0.6381 ms
2026-04-05 03:22:24.291 +07:00 [INF] HTTP GET /images/tours/vt4.jpg responded 404 in 5.3496 ms
2026-04-05 03:22:24.298 +07:00 [INF] HTTP GET /images/tours/vt5.jpg responded 404 in 0.6067 ms
2026-04-05 03:22:24.308 +07:00 [INF] HTTP GET /images/tours/ct1.jpg responded 404 in 0.6844 ms
2026-04-05 03:22:24.679 +07:00 [INF] HTTP GET /images/tours/ct2.jpg responded 404 in 0.6868 ms
2026-04-05 03:22:24.702 +07:00 [INF] HTTP GET /images/tours/ct3.jpg responded 404 in 8.6375 ms
2026-04-05 03:22:24.743 +07:00 [INF] HTTP GET /images/tours/ct4.jpg responded 404 in 12.5338 ms
2026-04-05 03:22:24.755 +07:00 [INF] HTTP GET /images/tours/ct5.jpg responded 404 in 0.5577 ms
2026-04-05 03:22:24.772 +07:00 [INF] HTTP GET /images/tours/ag1.jpg responded 404 in 0.5815 ms
2026-04-05 03:22:24.778 +07:00 [INF] HTTP GET /images/tours/ag2.jpg responded 404 in 0.5681 ms
2026-04-05 03:22:24.807 +07:00 [INF] HTTP GET /images/tours/ag3.jpg responded 404 in 0.5455 ms
2026-04-05 03:22:24.849 +07:00 [INF] HTTP GET /images/tours/ag4.jpg responded 404 in 0.6984 ms
2026-04-05 03:22:25.007 +07:00 [INF] HTTP GET /images/tours/ag5.jpg responded 404 in 0.6088 ms
2026-04-05 03:22:25.015 +07:00 [INF] HTTP GET /images/tours/ht1.jpg responded 404 in 0.6061 ms
2026-04-05 03:22:25.027 +07:00 [INF] HTTP GET /images/tours/ht2.jpg responded 404 in 0.5666 ms
2026-04-05 03:22:25.055 +07:00 [INF] HTTP GET /images/tours/ht3.jpg responded 404 in 0.6051 ms
2026-04-05 03:22:25.083 +07:00 [INF] HTTP GET /images/tours/ht4.jpg responded 404 in 1.7328 ms
2026-04-05 03:22:25.125 +07:00 [INF] HTTP GET /images/tours/ht5.jpg responded 404 in 0.6071 ms
2026-04-05 03:22:26.209 +07:00 [INF] HTTP GET /Admin/Tour/Schedules/76 responded 200 in 225.0967 ms
2026-04-05 03:22:26.236 +07:00 [INF] HTTP GET /css/site.css responded 200 in 9.2331 ms
2026-04-05 03:22:26.247 +07:00 [INF] HTTP GET /lib/jquery/dist/jquery.min.js responded 200 in 15.6876 ms
2026-04-05 03:22:26.247 +07:00 [INF] HTTP GET /lib/bootstrap/dist/js/bootstrap.bundle.min.js responded 200 in 8.1081 ms
2026-04-05 03:22:26.249 +07:00 [INF] HTTP GET /lib/bootstrap/dist/css/bootstrap.min.css responded 200 in 22.3222 ms
2026-04-05 03:22:26.250 +07:00 [INF] HTTP GET /js/site.js responded 200 in 3.9640 ms
2026-04-05 03:22:46.789 +07:00 [INF] HTTP GET /Admin/Tour responded 200 in 27.8437 ms
2026-04-05 03:22:46.820 +07:00 [INF] HTTP GET /images/tours/tl1.jpg responded 404 in 6.3304 ms
2026-04-05 03:22:46.820 +07:00 [INF] HTTP GET /css/site.css responded 200 in 13.7881 ms
2026-04-05 03:22:47.150 +07:00 [INF] HTTP GET /images/tours/jp1.jpg responded 404 in 2.3930 ms
2026-04-05 03:22:46.998 +07:00 [INF] HTTP GET /images/tours/tl2.jpg responded 404 in 1.9709 ms
2026-04-05 03:22:47.099 +07:00 [INF] HTTP GET /lib/bootstrap/dist/css/bootstrap.min.css responded 200 in 293.0248 ms
2026-04-05 03:22:47.118 +07:00 [INF] HTTP GET /images/tours/tl4.jpg responded 404 in 0.7537 ms
2026-04-05 03:22:46.834 +07:00 [INF] HTTP GET /images/tours/tl3.jpg responded 404 in 8.3179 ms
2026-04-05 03:22:47.151 +07:00 [INF] HTTP GET /images/tours/tl5.jpg responded 404 in 0.5109 ms
2026-04-05 03:22:47.169 +07:00 [INF] HTTP GET /lib/bootstrap/dist/js/bootstrap.bundle.min.js responded 200 in 7.8337 ms
2026-04-05 03:22:47.176 +07:00 [INF] HTTP GET /js/site.js responded 200 in 1.6966 ms
2026-04-05 03:22:47.193 +07:00 [INF] HTTP GET /lib/jquery/dist/jquery.min.js responded 200 in 5.7054 ms
2026-04-05 03:22:47.200 +07:00 [INF] HTTP GET /images/tours/jp5.jpg responded 404 in 0.5432 ms
2026-04-05 03:22:47.204 +07:00 [INF] HTTP GET /images/tours/kr1.jpg responded 404 in 0.7247 ms
2026-04-05 03:22:47.211 +07:00 [INF] HTTP GET /images/tours/kr2.jpg responded 404 in 0.7362 ms
2026-04-05 03:22:47.216 +07:00 [INF] HTTP GET /images/tours/jp2.jpg responded 404 in 4.6575 ms
2026-04-05 03:22:47.222 +07:00 [INF] HTTP GET /images/tours/jp3.jpg responded 404 in 0.8142 ms
2026-04-05 03:22:47.230 +07:00 [INF] HTTP GET /images/tours/jp4.jpg responded 404 in 2.9045 ms
2026-04-05 03:22:47.238 +07:00 [INF] HTTP GET /images/tours/kr3.jpg responded 404 in 0.6042 ms
2026-04-05 03:22:47.246 +07:00 [INF] HTTP GET /images/tours/kr4.jpg responded 404 in 0.5454 ms
2026-04-05 03:22:47.253 +07:00 [INF] HTTP GET /images/tours/kr5.jpg responded 404 in 0.5209 ms
2026-04-05 03:22:47.259 +07:00 [INF] HTTP GET /images/tours/sg1.jpg responded 404 in 1.1561 ms
2026-04-05 03:22:47.264 +07:00 [INF] HTTP GET /images/tours/sg2.jpg responded 404 in 0.5529 ms
2026-04-05 03:22:47.269 +07:00 [INF] HTTP GET /images/tours/sg3.jpg responded 404 in 0.5181 ms
2026-04-05 03:22:47.272 +07:00 [INF] HTTP GET /images/tours/sg4.jpg responded 404 in 0.7113 ms
2026-04-05 03:22:47.279 +07:00 [INF] HTTP GET /images/tours/sg5.jpg responded 404 in 1.2059 ms
2026-04-05 03:22:47.283 +07:00 [INF] HTTP GET /images/tours/fr1.jpg responded 404 in 0.5653 ms
2026-04-05 03:22:47.287 +07:00 [INF] HTTP GET /images/tours/fr2.jpg responded 404 in 0.4790 ms
2026-04-05 03:22:47.292 +07:00 [INF] HTTP GET /images/tours/fr3.jpg responded 404 in 1.2814 ms
2026-04-05 03:22:47.297 +07:00 [INF] HTTP GET /images/tours/fr4.jpg responded 404 in 0.5354 ms
2026-04-05 03:22:47.301 +07:00 [INF] HTTP GET /images/tours/fr5.jpg responded 404 in 0.4879 ms
2026-04-05 03:22:47.305 +07:00 [INF] HTTP GET /images/tours/pq1.jpg responded 304 in 0.7069 ms
2026-04-05 03:22:47.310 +07:00 [INF] HTTP GET /images/tours/pq2.jpg responded 404 in 0.5122 ms
2026-04-05 03:22:47.317 +07:00 [INF] HTTP GET /images/tours/pq3.jpg responded 404 in 0.5618 ms
2026-04-05 03:22:47.321 +07:00 [INF] HTTP GET /images/tours/pq4.jpg responded 404 in 0.5437 ms
2026-04-05 03:22:47.325 +07:00 [INF] HTTP GET /images/tours/pq5.jpg responded 404 in 0.5133 ms
2026-04-05 03:22:47.329 +07:00 [INF] HTTP GET /images/tours/dn1.jpg responded 304 in 0.5917 ms
2026-04-05 03:22:47.334 +07:00 [INF] HTTP GET /images/tours/dn2.jpg responded 404 in 1.2192 ms
2026-04-05 03:22:47.347 +07:00 [INF] HTTP GET /images/tours/dn3.jpg responded 404 in 0.5767 ms
2026-04-05 03:22:47.352 +07:00 [INF] HTTP GET /images/tours/dn4.jpg responded 404 in 0.5666 ms
2026-04-05 03:22:47.357 +07:00 [INF] HTTP GET /images/tours/dn5.jpg responded 404 in 0.5419 ms
2026-04-05 03:22:47.365 +07:00 [INF] HTTP GET /images/tours/dl1.jpg responded 304 in 1.4006 ms
2026-04-05 03:22:47.377 +07:00 [INF] HTTP GET /images/tours/dl2.jpg responded 404 in 0.5456 ms
2026-04-05 03:22:47.379 +07:00 [INF] HTTP GET /images/tours/dl3.jpg responded 404 in 1.1003 ms
2026-04-05 03:22:47.389 +07:00 [INF] HTTP GET /images/tours/dl4.jpg responded 404 in 0.6257 ms
2026-04-05 03:22:47.400 +07:00 [INF] HTTP GET /images/tours/dl5.jpg responded 404 in 1.1827 ms
2026-04-05 03:22:47.406 +07:00 [INF] HTTP GET /images/tours/sp1.jpg responded 304 in 1.2579 ms
2026-04-05 03:22:47.417 +07:00 [INF] HTTP GET /images/tours/sp2.jpg responded 404 in 0.5855 ms
2026-04-05 03:22:47.423 +07:00 [INF] HTTP GET /images/tours/sp3.jpg responded 404 in 0.5415 ms
2026-04-05 03:22:47.433 +07:00 [INF] HTTP GET /images/tours/sp4.jpg responded 404 in 4.3247 ms
2026-04-05 03:22:47.451 +07:00 [INF] HTTP GET /images/tours/sp5.jpg responded 404 in 0.5857 ms
2026-04-05 03:22:47.458 +07:00 [INF] HTTP GET /images/tours/qn1.jpg responded 304 in 0.9861 ms
2026-04-05 03:22:47.468 +07:00 [INF] HTTP GET /images/tours/qn2.jpg responded 404 in 0.6901 ms
2026-04-05 03:22:47.473 +07:00 [INF] HTTP GET /images/tours/qn3.jpg responded 404 in 1.4469 ms
2026-04-05 03:22:47.480 +07:00 [INF] HTTP GET /images/tours/qn4.jpg responded 404 in 0.9137 ms
2026-04-05 03:22:47.493 +07:00 [INF] HTTP GET /images/tours/qn5.jpg responded 404 in 0.5979 ms
2026-04-05 03:22:47.521 +07:00 [INF] HTTP GET /images/tours/nb1.jpg responded 304 in 0.7633 ms
2026-04-05 03:22:47.534 +07:00 [INF] HTTP GET /images/tours/nb2.jpg responded 404 in 5.7204 ms
2026-04-05 03:22:47.581 +07:00 [INF] HTTP GET /images/tours/nb3.jpg responded 404 in 5.1801 ms
2026-04-05 03:22:47.735 +07:00 [INF] HTTP GET /images/tours/nb4.jpg responded 404 in 0.5704 ms
2026-04-05 03:22:47.765 +07:00 [INF] HTTP GET /images/tours/nb5.jpg responded 404 in 0.5384 ms
2026-04-05 03:22:47.858 +07:00 [INF] HTTP GET /images/tours/hue1.jpg responded 404 in 0.7637 ms
2026-04-05 03:22:47.944 +07:00 [INF] HTTP GET /images/tours/hue2.jpg responded 404 in 0.8809 ms
2026-04-05 03:22:47.961 +07:00 [INF] HTTP GET /images/tours/hue3.jpg responded 404 in 0.8400 ms
2026-04-05 03:22:47.972 +07:00 [INF] HTTP GET /images/tours/hue4.jpg responded 404 in 0.5638 ms
2026-04-05 03:22:47.980 +07:00 [INF] HTTP GET /images/tours/hue5.jpg responded 404 in 0.5719 ms
2026-04-05 03:22:47.995 +07:00 [INF] HTTP GET /images/tours/ha1.jpg responded 404 in 0.5601 ms
2026-04-05 03:22:48.007 +07:00 [INF] HTTP GET /images/tours/ha2.jpg responded 404 in 0.8230 ms
2026-04-05 03:22:48.016 +07:00 [INF] HTTP GET /images/tours/ha3.jpg responded 404 in 0.5694 ms
2026-04-05 03:22:48.020 +07:00 [INF] HTTP GET /images/tours/ha4.jpg responded 404 in 0.5555 ms
2026-04-05 03:22:48.025 +07:00 [INF] HTTP GET /images/tours/ha5.jpg responded 404 in 0.6144 ms
2026-04-05 03:22:48.041 +07:00 [INF] HTTP GET /images/tours/nt1.jpg responded 304 in 0.8171 ms
2026-04-05 03:22:48.047 +07:00 [INF] HTTP GET /images/tours/nt2.jpg responded 404 in 0.6029 ms
2026-04-05 03:22:48.054 +07:00 [INF] HTTP GET /images/tours/nt3.jpg responded 404 in 3.2638 ms
2026-04-05 03:22:48.063 +07:00 [INF] HTTP GET /images/tours/nt4.jpg responded 404 in 0.5945 ms
2026-04-05 03:22:48.070 +07:00 [INF] HTTP GET /images/tours/nt5.jpg responded 404 in 0.9045 ms
2026-04-05 03:22:48.078 +07:00 [INF] HTTP GET /images/tours/mn1.jpg responded 304 in 0.9403 ms
2026-04-05 03:22:48.085 +07:00 [INF] HTTP GET /images/tours/mn2.jpg responded 404 in 0.9113 ms
2026-04-05 03:22:48.095 +07:00 [INF] HTTP GET /images/tours/mn3.jpg responded 404 in 0.6161 ms
2026-04-05 03:22:48.099 +07:00 [INF] HTTP GET /images/tours/mn4.jpg responded 404 in 0.7536 ms
2026-04-05 03:22:48.106 +07:00 [INF] HTTP GET /images/tours/mn5.jpg responded 404 in 0.6640 ms
2026-04-05 03:22:48.113 +07:00 [INF] HTTP GET /images/tours/hcm1.jpg responded 404 in 0.5444 ms
2026-04-05 03:22:48.122 +07:00 [INF] HTTP GET /images/tours/hcm2.jpg responded 404 in 0.5888 ms
2026-04-05 03:22:48.127 +07:00 [INF] HTTP GET /images/tours/hcm3.jpg responded 404 in 0.5783 ms
2026-04-05 03:22:48.132 +07:00 [INF] HTTP GET /images/tours/hcm4.jpg responded 404 in 0.6996 ms
2026-04-05 03:22:48.196 +07:00 [INF] HTTP GET /images/tours/hcm5.jpg responded 404 in 0.5736 ms
2026-04-05 03:22:48.376 +07:00 [INF] HTTP GET /Admin/Tour responded 200 in 226.5303 ms
2026-04-05 03:22:48.440 +07:00 [INF] HTTP GET /lib/bootstrap/dist/css/bootstrap.min.css responded 200 in 12.6004 ms
2026-04-05 03:22:48.470 +07:00 [INF] HTTP GET /lib/jquery/dist/jquery.min.js responded 200 in 6.6993 ms
2026-04-05 03:22:48.502 +07:00 [INF] HTTP GET /images/tours/tl2.jpg responded 404 in 1.9876 ms
2026-04-05 03:22:48.518 +07:00 [INF] HTTP GET /images/tours/tl3.jpg responded 404 in 0.6359 ms
2026-04-05 03:22:48.530 +07:00 [INF] HTTP GET /images/tours/tl4.jpg responded 404 in 1.1325 ms
2026-04-05 03:22:48.536 +07:00 [INF] HTTP GET /images/tours/tl5.jpg responded 404 in 0.7311 ms
2026-04-05 03:22:48.545 +07:00 [INF] HTTP GET /css/site.css responded 200 in 2.9414 ms
2026-04-05 03:22:48.550 +07:00 [INF] HTTP GET /images/tours/tl1.jpg responded 404 in 0.5701 ms
2026-04-05 03:22:48.563 +07:00 [INF] HTTP GET /lib/bootstrap/dist/js/bootstrap.bundle.min.js responded 200 in 4.8553 ms
2026-04-05 03:22:48.572 +07:00 [INF] HTTP GET /js/site.js responded 200 in 2.4936 ms
2026-04-05 03:22:48.577 +07:00 [INF] HTTP GET /images/tours/vt4.jpg responded 404 in 0.5614 ms
2026-04-05 03:22:48.581 +07:00 [INF] HTTP GET /images/tours/vt5.jpg responded 404 in 0.5014 ms
2026-04-05 03:22:48.583 +07:00 [INF] HTTP GET /images/tours/vt1.jpg responded 404 in 0.5182 ms
2026-04-05 03:22:48.595 +07:00 [INF] HTTP GET /images/tours/ct1.jpg responded 404 in 0.8845 ms
2026-04-05 03:22:48.606 +07:00 [INF] HTTP GET /images/tours/vt2.jpg responded 404 in 1.4317 ms
2026-04-05 03:22:48.613 +07:00 [INF] HTTP GET /images/tours/vt3.jpg responded 404 in 1.0593 ms
2026-04-05 03:22:48.623 +07:00 [INF] HTTP GET /images/tours/jp1.jpg responded 404 in 0.5622 ms
2026-04-05 03:22:48.631 +07:00 [INF] HTTP GET /images/tours/jp2.jpg responded 404 in 0.6641 ms
2026-04-05 03:22:48.651 +07:00 [INF] HTTP GET /images/tours/jp3.jpg responded 404 in 0.5692 ms
2026-04-05 03:22:48.655 +07:00 [INF] HTTP GET /images/tours/jp4.jpg responded 404 in 0.5195 ms
2026-04-05 03:22:48.661 +07:00 [INF] HTTP GET /images/tours/jp5.jpg responded 404 in 0.6102 ms
2026-04-05 03:22:48.673 +07:00 [INF] HTTP GET /images/tours/kr1.jpg responded 404 in 0.7036 ms
2026-04-05 03:22:48.688 +07:00 [INF] HTTP GET /images/tours/ct2.jpg responded 404 in 0.5636 ms
2026-04-05 03:22:48.699 +07:00 [INF] HTTP GET /images/tours/ct3.jpg responded 404 in 0.5680 ms
2026-04-05 03:22:48.702 +07:00 [INF] HTTP GET /images/tours/ct4.jpg responded 404 in 0.5070 ms
2026-04-05 03:22:48.709 +07:00 [INF] HTTP GET /images/tours/ct5.jpg responded 404 in 0.6306 ms
2026-04-05 03:22:48.719 +07:00 [INF] HTTP GET /images/tours/ag1.jpg responded 404 in 1.0123 ms
2026-04-05 03:22:48.728 +07:00 [INF] HTTP GET /images/tours/ag2.jpg responded 404 in 0.7925 ms
2026-04-05 03:22:48.734 +07:00 [INF] HTTP GET /images/tours/kr2.jpg responded 404 in 0.5857 ms
2026-04-05 03:22:48.740 +07:00 [INF] HTTP GET /images/tours/kr3.jpg responded 404 in 0.9574 ms
2026-04-05 03:22:48.747 +07:00 [INF] HTTP GET /images/tours/kr4.jpg responded 404 in 1.7459 ms
2026-04-05 03:22:48.755 +07:00 [INF] HTTP GET /images/tours/kr5.jpg responded 404 in 0.8519 ms
2026-04-05 03:22:48.759 +07:00 [INF] HTTP GET /images/tours/sg1.jpg responded 404 in 0.6584 ms
2026-04-05 03:22:48.763 +07:00 [INF] HTTP GET /images/tours/sg2.jpg responded 404 in 0.5638 ms
2026-04-05 03:22:48.775 +07:00 [INF] HTTP GET /images/tours/ag3.jpg responded 404 in 4.1011 ms
2026-04-05 03:22:48.791 +07:00 [INF] HTTP GET /images/tours/ag4.jpg responded 404 in 1.2855 ms
2026-04-05 03:22:48.800 +07:00 [INF] HTTP GET /images/tours/ag5.jpg responded 404 in 0.7329 ms
2026-04-05 03:22:48.808 +07:00 [INF] HTTP GET /images/tours/ht1.jpg responded 404 in 0.5965 ms
2026-04-05 03:22:48.818 +07:00 [INF] HTTP GET /images/tours/ht2.jpg responded 404 in 0.5586 ms
2026-04-05 03:22:48.826 +07:00 [INF] HTTP GET /images/tours/ht3.jpg responded 404 in 1.6961 ms
2026-04-05 03:22:48.833 +07:00 [INF] HTTP GET /images/tours/sg3.jpg responded 404 in 0.9241 ms
2026-04-05 03:22:48.838 +07:00 [INF] HTTP GET /images/tours/sg4.jpg responded 404 in 0.7408 ms
2026-04-05 03:22:48.844 +07:00 [INF] HTTP GET /images/tours/sg5.jpg responded 404 in 1.2453 ms
2026-04-05 03:22:48.850 +07:00 [INF] HTTP GET /images/tours/fr1.jpg responded 404 in 0.5710 ms
2026-04-05 03:22:48.857 +07:00 [INF] HTTP GET /images/tours/fr2.jpg responded 404 in 0.9227 ms
2026-04-05 03:22:48.866 +07:00 [INF] HTTP GET /images/tours/fr3.jpg responded 404 in 0.6298 ms
2026-04-05 03:22:48.871 +07:00 [INF] HTTP GET /images/tours/ht4.jpg responded 404 in 0.9535 ms
2026-04-05 03:22:48.877 +07:00 [INF] HTTP GET /images/tours/ht5.jpg responded 404 in 0.5353 ms
2026-04-05 03:22:48.883 +07:00 [INF] HTTP GET /images/tours/fr4.jpg responded 404 in 0.5500 ms
2026-04-05 03:22:48.893 +07:00 [INF] HTTP GET /images/tours/fr5.jpg responded 404 in 0.5978 ms
2026-04-05 03:22:48.898 +07:00 [INF] HTTP GET /images/tours/pq1.jpg responded 304 in 0.7525 ms
2026-04-05 03:22:48.906 +07:00 [INF] HTTP GET /images/tours/pq2.jpg responded 404 in 0.9986 ms
2026-04-05 03:22:48.915 +07:00 [INF] HTTP GET /images/tours/pq3.jpg responded 404 in 0.5911 ms
2026-04-05 03:22:48.921 +07:00 [INF] HTTP GET /images/tours/pq4.jpg responded 404 in 0.5660 ms
2026-04-05 03:22:48.928 +07:00 [INF] HTTP GET /images/tours/pq5.jpg responded 404 in 0.5672 ms
2026-04-05 03:22:48.942 +07:00 [INF] HTTP GET /images/tours/dn1.jpg responded 304 in 0.7327 ms
2026-04-05 03:22:48.947 +07:00 [INF] HTTP GET /images/tours/dn2.jpg responded 404 in 0.6698 ms
2026-04-05 03:22:48.957 +07:00 [INF] HTTP GET /images/tours/dn3.jpg responded 404 in 1.1702 ms
2026-04-05 03:22:48.984 +07:00 [INF] HTTP GET /images/tours/dn4.jpg responded 404 in 0.7371 ms
2026-04-05 03:22:49.115 +07:00 [INF] HTTP GET /images/tours/dn5.jpg responded 404 in 0.7310 ms
2026-04-05 03:22:49.173 +07:00 [INF] HTTP GET /images/tours/dl1.jpg responded 304 in 6.5850 ms
2026-04-05 03:22:49.216 +07:00 [INF] HTTP GET /images/tours/dl2.jpg responded 404 in 0.6083 ms
2026-04-05 03:22:49.381 +07:00 [INF] HTTP GET /Admin/Tour responded 200 in 95.6417 ms
2026-04-05 03:22:49.967 +07:00 [INF] HTTP GET /lib/bootstrap/dist/css/bootstrap.min.css responded 200 in 22.9458 ms
2026-04-05 03:22:50.074 +07:00 [INF] HTTP GET /lib/jquery/dist/jquery.min.js responded 200 in 5.7464 ms
2026-04-05 03:22:50.089 +07:00 [INF] HTTP GET /images/tours/tl2.jpg responded 404 in 0.5942 ms
2026-04-05 03:22:50.098 +07:00 [INF] HTTP GET /images/tours/tl3.jpg responded 404 in 0.5563 ms
2026-04-05 03:22:50.122 +07:00 [INF] HTTP GET /images/tours/tl4.jpg responded 404 in 0.6108 ms
2026-04-05 03:22:50.127 +07:00 [INF] HTTP GET /images/tours/tl5.jpg responded 404 in 0.5705 ms
2026-04-05 03:22:50.138 +07:00 [INF] HTTP GET /css/site.css responded 200 in 6.8757 ms
2026-04-05 03:22:50.160 +07:00 [INF] HTTP GET /images/tours/tl1.jpg responded 404 in 0.6377 ms
2026-04-05 03:22:50.186 +07:00 [INF] HTTP GET /lib/bootstrap/dist/js/bootstrap.bundle.min.js responded 200 in 5.4001 ms
2026-04-05 03:22:50.196 +07:00 [INF] HTTP GET /js/site.js responded 200 in 5.6075 ms
2026-04-05 03:22:50.198 +07:00 [INF] HTTP GET /images/tours/dl5.jpg responded 404 in 1.7340 ms
2026-04-05 03:22:50.219 +07:00 [INF] HTTP GET /images/tours/sp2.jpg responded 404 in 0.5530 ms
2026-04-05 03:22:50.224 +07:00 [INF] HTTP GET /images/tours/dl3.jpg responded 404 in 0.6186 ms
2026-04-05 03:22:50.243 +07:00 [INF] HTTP GET /images/tours/sp3.jpg responded 404 in 0.5481 ms
2026-04-05 03:22:50.307 +07:00 [INF] HTTP GET /images/tours/dl4.jpg responded 404 in 0.6321 ms
2026-04-05 03:22:50.313 +07:00 [INF] HTTP GET /images/tours/sp1.jpg responded 304 in 0.7973 ms
2026-04-05 03:22:50.354 +07:00 [INF] HTTP GET /images/tours/jp1.jpg responded 404 in 0.6310 ms
2026-04-05 03:22:50.390 +07:00 [INF] HTTP GET /images/tours/jp2.jpg responded 404 in 0.5866 ms
2026-04-05 03:22:50.395 +07:00 [INF] HTTP GET /images/tours/jp3.jpg responded 404 in 1.0437 ms
2026-04-05 03:22:50.739 +07:00 [INF] HTTP GET /images/tours/jp4.jpg responded 404 in 1.8418 ms
2026-04-05 03:22:51.370 +07:00 [INF] HTTP GET /images/tours/jp5.jpg responded 404 in 1.1950 ms
2026-04-05 03:22:51.412 +07:00 [INF] HTTP GET /images/tours/kr1.jpg responded 404 in 3.7214 ms
2026-04-05 03:22:51.427 +07:00 [INF] HTTP GET /images/tours/sp4.jpg responded 404 in 0.5734 ms
2026-04-05 03:22:51.441 +07:00 [INF] HTTP GET /images/tours/sp5.jpg responded 404 in 0.7220 ms
2026-04-05 03:22:51.449 +07:00 [INF] HTTP GET /images/tours/qn1.jpg responded 304 in 0.7327 ms
2026-04-05 03:22:51.459 +07:00 [INF] HTTP GET /images/tours/qn2.jpg responded 404 in 1.3721 ms
2026-04-05 03:22:51.470 +07:00 [INF] HTTP GET /images/tours/qn3.jpg responded 404 in 0.5474 ms
2026-04-05 03:22:51.511 +07:00 [INF] HTTP GET /images/tours/qn4.jpg responded 404 in 6.6243 ms
2026-04-05 03:22:51.520 +07:00 [INF] HTTP GET /images/tours/kr2.jpg responded 404 in 0.6212 ms
2026-04-05 03:22:51.546 +07:00 [INF] HTTP GET /images/tours/kr3.jpg responded 404 in 0.6256 ms
2026-04-05 03:22:51.560 +07:00 [INF] HTTP GET /images/tours/kr4.jpg responded 404 in 1.6644 ms
2026-04-05 03:22:51.569 +07:00 [INF] HTTP GET /images/tours/kr5.jpg responded 404 in 0.5923 ms
2026-04-05 03:22:51.573 +07:00 [INF] HTTP GET /images/tours/sg1.jpg responded 404 in 0.5240 ms
2026-04-05 03:22:51.582 +07:00 [INF] HTTP GET /images/tours/sg2.jpg responded 404 in 0.6192 ms
2026-04-05 03:22:51.589 +07:00 [INF] HTTP GET /images/tours/qn5.jpg responded 404 in 0.6440 ms
2026-04-05 03:22:51.597 +07:00 [INF] HTTP GET /images/tours/nb1.jpg responded 304 in 4.3199 ms
2026-04-05 03:22:51.605 +07:00 [INF] HTTP GET /images/tours/nb2.jpg responded 404 in 0.5906 ms
2026-04-05 03:22:51.609 +07:00 [INF] HTTP GET /images/tours/nb3.jpg responded 404 in 0.5682 ms
2026-04-05 03:22:51.613 +07:00 [INF] HTTP GET /images/tours/nb4.jpg responded 404 in 0.6910 ms
2026-04-05 03:22:51.629 +07:00 [INF] HTTP GET /images/tours/nb5.jpg responded 404 in 1.5861 ms
2026-04-05 03:22:51.633 +07:00 [INF] HTTP GET /images/tours/sg3.jpg responded 404 in 1.1307 ms
2026-04-05 03:22:51.646 +07:00 [INF] HTTP GET /images/tours/sg4.jpg responded 404 in 0.5572 ms
2026-04-05 03:22:51.654 +07:00 [INF] HTTP GET /images/tours/sg5.jpg responded 404 in 0.6561 ms
2026-04-05 03:22:51.660 +07:00 [INF] HTTP GET /images/tours/fr1.jpg responded 404 in 0.9442 ms
2026-04-05 03:22:51.665 +07:00 [INF] HTTP GET /images/tours/fr2.jpg responded 404 in 0.7502 ms
2026-04-05 03:22:51.674 +07:00 [INF] HTTP GET /images/tours/fr3.jpg responded 404 in 0.5695 ms
2026-04-05 03:22:51.679 +07:00 [INF] HTTP GET /images/tours/hue1.jpg responded 404 in 0.5979 ms
2026-04-05 03:22:51.687 +07:00 [INF] HTTP GET /images/tours/hue2.jpg responded 404 in 1.4979 ms
2026-04-05 03:22:51.698 +07:00 [INF] HTTP GET /images/tours/hue3.jpg responded 404 in 0.7621 ms
2026-04-05 03:22:51.705 +07:00 [INF] HTTP GET /images/tours/hue4.jpg responded 404 in 0.7431 ms
2026-04-05 03:22:51.713 +07:00 [INF] HTTP GET /images/tours/hue5.jpg responded 404 in 0.6268 ms
2026-04-05 03:22:51.721 +07:00 [INF] HTTP GET /images/tours/ha1.jpg responded 404 in 0.9695 ms
2026-04-05 03:22:51.728 +07:00 [INF] HTTP GET /images/tours/fr4.jpg responded 404 in 0.5947 ms
2026-04-05 03:22:51.741 +07:00 [INF] HTTP GET /images/tours/fr5.jpg responded 404 in 0.5944 ms
2026-04-05 03:22:51.746 +07:00 [INF] HTTP GET /images/tours/pq1.jpg responded 304 in 1.8983 ms
2026-04-05 03:22:51.760 +07:00 [INF] HTTP GET /images/tours/pq2.jpg responded 404 in 0.5811 ms
2026-04-05 03:22:51.777 +07:00 [INF] HTTP GET /images/tours/pq3.jpg responded 404 in 1.4072 ms
2026-04-05 03:22:51.792 +07:00 [INF] HTTP GET /images/tours/pq4.jpg responded 404 in 0.6833 ms
2026-04-05 03:22:51.797 +07:00 [INF] HTTP GET /images/tours/ha2.jpg responded 404 in 0.5727 ms
2026-04-05 03:22:51.806 +07:00 [INF] HTTP GET /images/tours/ha3.jpg responded 404 in 0.9878 ms
2026-04-05 03:22:51.822 +07:00 [INF] HTTP GET /images/tours/ha4.jpg responded 404 in 0.5693 ms
2026-04-05 03:22:51.828 +07:00 [INF] HTTP GET /images/tours/ha5.jpg responded 404 in 1.0661 ms
2026-04-05 03:22:51.846 +07:00 [INF] HTTP GET /images/tours/nt1.jpg responded 304 in 5.0200 ms
2026-04-05 03:22:51.859 +07:00 [INF] HTTP GET /images/tours/nt2.jpg responded 404 in 0.6657 ms
2026-04-05 03:22:51.874 +07:00 [INF] HTTP GET /images/tours/pq5.jpg responded 404 in 0.8327 ms
2026-04-05 03:22:51.887 +07:00 [INF] HTTP GET /images/tours/dn1.jpg responded 304 in 1.4293 ms
2026-04-05 03:22:51.902 +07:00 [INF] HTTP GET /images/tours/dn2.jpg responded 404 in 0.6789 ms
2026-04-05 03:22:51.914 +07:00 [INF] HTTP GET /images/tours/dn3.jpg responded 404 in 0.5561 ms
2026-04-05 03:22:51.921 +07:00 [INF] HTTP GET /images/tours/dn4.jpg responded 404 in 1.5535 ms
2026-04-05 03:22:51.931 +07:00 [INF] HTTP GET /images/tours/dn5.jpg responded 404 in 0.6411 ms
2026-04-05 03:22:51.938 +07:00 [INF] HTTP GET /images/tours/nt3.jpg responded 404 in 0.6560 ms
2026-04-05 03:22:51.963 +07:00 [INF] HTTP GET /images/tours/nt4.jpg responded 404 in 0.7125 ms
2026-04-05 03:22:52.178 +07:00 [INF] HTTP GET /images/tours/nt5.jpg responded 404 in 1.1177 ms
2026-04-05 03:22:52.299 +07:00 [INF] HTTP GET /images/tours/mn1.jpg responded 304 in 0.7292 ms
2026-04-05 03:22:52.312 +07:00 [INF] HTTP GET /images/tours/hcm1.jpg responded 404 in 0.6230 ms
2026-04-05 03:22:52.315 +07:00 [INF] HTTP GET /images/tours/hcm2.jpg responded 404 in 0.5374 ms
2026-04-05 03:22:52.330 +07:00 [INF] HTTP GET /images/tours/dl1.jpg responded 304 in 1.0945 ms
2026-04-05 03:22:52.336 +07:00 [INF] HTTP GET /images/tours/dl2.jpg responded 404 in 0.5823 ms
2026-04-05 03:22:52.353 +07:00 [INF] HTTP GET /images/tours/dl3.jpg responded 404 in 0.6352 ms
2026-04-05 03:22:52.355 +07:00 [INF] HTTP GET /images/tours/dl4.jpg responded 404 in 1.7552 ms
2026-04-05 03:22:52.366 +07:00 [INF] HTTP GET /images/tours/dl5.jpg responded 404 in 1.1565 ms
2026-04-05 03:22:52.376 +07:00 [INF] HTTP GET /images/tours/sp1.jpg responded 304 in 1.3127 ms
2026-04-05 03:22:52.396 +07:00 [INF] HTTP GET /images/tours/hcm3.jpg responded 404 in 0.6136 ms
2026-04-05 03:22:52.402 +07:00 [INF] HTTP GET /images/tours/hcm4.jpg responded 404 in 0.5858 ms
2026-04-05 03:22:52.410 +07:00 [INF] HTTP GET /images/tours/hcm5.jpg responded 404 in 0.5819 ms
2026-04-05 03:22:52.417 +07:00 [INF] HTTP GET /images/tours/vt1.jpg responded 404 in 0.5918 ms
2026-04-05 03:22:52.427 +07:00 [INF] HTTP GET /images/tours/vt2.jpg responded 404 in 0.7853 ms
2026-04-05 03:22:52.458 +07:00 [INF] HTTP GET /images/tours/vt3.jpg responded 404 in 1.2024 ms
2026-04-05 03:22:52.468 +07:00 [INF] HTTP GET /images/tours/sp2.jpg responded 404 in 0.7079 ms
2026-04-05 03:22:52.475 +07:00 [INF] HTTP GET /images/tours/sp3.jpg responded 404 in 0.8445 ms
2026-04-05 03:22:52.491 +07:00 [INF] HTTP GET /images/tours/sp4.jpg responded 404 in 0.6168 ms
2026-04-05 03:22:52.502 +07:00 [INF] HTTP GET /images/tours/sp5.jpg responded 404 in 0.7443 ms
2026-04-05 03:22:52.523 +07:00 [INF] HTTP GET /images/tours/qn1.jpg responded 304 in 2.2663 ms
2026-04-05 03:22:52.542 +07:00 [INF] HTTP GET /images/tours/qn2.jpg responded 404 in 0.6542 ms
2026-04-05 03:22:52.581 +07:00 [INF] HTTP GET /images/tours/vt4.jpg responded 404 in 13.3556 ms
2026-04-05 03:22:52.632 +07:00 [INF] HTTP GET /images/tours/vt5.jpg responded 404 in 1.4996 ms
2026-04-05 03:22:52.701 +07:00 [INF] HTTP GET /images/tours/ct1.jpg responded 404 in 0.6658 ms
2026-04-05 03:22:52.783 +07:00 [INF] HTTP GET /images/tours/ct2.jpg responded 404 in 0.5435 ms
2026-04-05 03:22:52.839 +07:00 [INF] HTTP GET /images/tours/ct3.jpg responded 404 in 0.6067 ms
2026-04-05 03:22:52.879 +07:00 [INF] HTTP GET /images/tours/ct4.jpg responded 404 in 0.7110 ms
2026-04-05 03:22:52.970 +07:00 [INF] HTTP GET /images/tours/qn3.jpg responded 404 in 0.5665 ms
2026-04-05 03:22:52.985 +07:00 [INF] HTTP GET /images/tours/qn4.jpg responded 404 in 0.9811 ms
2026-04-05 03:22:52.996 +07:00 [INF] HTTP GET /images/tours/qn5.jpg responded 404 in 0.5987 ms
2026-04-05 03:22:53.019 +07:00 [INF] HTTP GET /images/tours/nb1.jpg responded 304 in 5.0321 ms
2026-04-05 03:22:53.036 +07:00 [INF] HTTP GET /images/tours/nb2.jpg responded 404 in 0.9786 ms
2026-04-05 03:22:53.052 +07:00 [INF] HTTP GET /images/tours/nb3.jpg responded 404 in 0.6106 ms
2026-04-05 03:22:53.071 +07:00 [INF] HTTP GET /images/tours/ct5.jpg responded 404 in 1.4235 ms
2026-04-05 03:22:53.083 +07:00 [INF] HTTP GET /images/tours/ag1.jpg responded 404 in 0.6111 ms
2026-04-05 03:22:53.096 +07:00 [INF] HTTP GET /images/tours/ag2.jpg responded 404 in 0.5933 ms
2026-04-05 03:22:53.109 +07:00 [INF] HTTP GET /images/tours/ag3.jpg responded 404 in 1.2024 ms
2026-04-05 03:22:53.116 +07:00 [INF] HTTP GET /images/tours/ag4.jpg responded 404 in 0.7373 ms
2026-04-05 03:22:53.138 +07:00 [INF] HTTP GET /images/tours/ag5.jpg responded 404 in 0.7986 ms
2026-04-05 03:22:53.149 +07:00 [INF] HTTP GET /images/tours/nb4.jpg responded 404 in 0.5803 ms
2026-04-05 03:22:53.168 +07:00 [INF] HTTP GET /images/tours/nb5.jpg responded 404 in 0.9797 ms
2026-04-05 03:22:53.250 +07:00 [INF] HTTP GET /images/tours/hue1.jpg responded 404 in 0.7222 ms
2026-04-05 03:22:53.259 +07:00 [INF] HTTP GET /images/tours/hue2.jpg responded 404 in 0.6240 ms
2026-04-05 03:22:53.559 +07:00 [INF] HTTP GET /images/tours/hue3.jpg responded 404 in 0.6039 ms
2026-04-05 03:22:53.590 +07:00 [INF] HTTP GET /images/tours/hue4.jpg responded 404 in 0.6582 ms
2026-04-05 03:22:53.628 +07:00 [INF] HTTP GET /images/tours/ht1.jpg responded 404 in 0.5931 ms
2026-04-05 03:22:53.737 +07:00 [INF] HTTP GET /images/tours/ht2.jpg responded 404 in 1.1293 ms
2026-04-05 03:22:53.820 +07:00 [INF] HTTP GET /images/tours/ht3.jpg responded 404 in 0.7953 ms
2026-04-05 03:22:53.844 +07:00 [INF] HTTP GET /images/tours/ht4.jpg responded 404 in 0.5984 ms
2026-04-05 03:22:53.865 +07:00 [INF] HTTP GET /images/tours/ht5.jpg responded 404 in 0.9341 ms
2026-04-05 03:22:53.909 +07:00 [INF] HTTP GET /images/tours/mn2.jpg responded 404 in 1.5211 ms
2026-04-05 03:22:54.217 +07:00 [INF] HTTP GET /images/tours/hue5.jpg responded 404 in 0.5513 ms
2026-04-05 03:22:54.223 +07:00 [INF] HTTP GET /images/tours/ha1.jpg responded 404 in 0.6042 ms
2026-04-05 03:22:54.228 +07:00 [INF] HTTP GET /images/tours/ha2.jpg responded 404 in 0.5541 ms
2026-04-05 03:22:54.232 +07:00 [INF] HTTP GET /images/tours/ha3.jpg responded 404 in 0.5789 ms
2026-04-05 03:22:54.245 +07:00 [INF] HTTP GET /images/tours/ha4.jpg responded 404 in 2.6941 ms
2026-04-05 03:22:54.260 +07:00 [INF] HTTP GET /images/tours/ha5.jpg responded 404 in 0.6273 ms
2026-04-05 03:22:54.269 +07:00 [INF] HTTP GET /images/tours/mn3.jpg responded 404 in 0.8129 ms
2026-04-05 03:22:54.274 +07:00 [INF] HTTP GET /images/tours/mn4.jpg responded 404 in 0.6295 ms
2026-04-05 03:22:54.280 +07:00 [INF] HTTP GET /images/tours/mn5.jpg responded 404 in 0.5904 ms
2026-04-05 03:22:54.288 +07:00 [INF] HTTP GET /images/tours/nt1.jpg responded 304 in 2.2451 ms
2026-04-05 03:22:54.296 +07:00 [INF] HTTP GET /images/tours/nt2.jpg responded 404 in 0.7905 ms
2026-04-05 03:22:54.304 +07:00 [INF] HTTP GET /images/tours/nt3.jpg responded 404 in 0.5666 ms
2026-04-05 03:22:54.309 +07:00 [INF] HTTP GET /images/tours/nt4.jpg responded 404 in 0.6031 ms
2026-04-05 03:22:54.316 +07:00 [INF] HTTP GET /images/tours/nt5.jpg responded 404 in 1.0379 ms
2026-04-05 03:22:54.321 +07:00 [INF] HTTP GET /images/tours/mn1.jpg responded 304 in 0.6796 ms
2026-04-05 03:22:54.331 +07:00 [INF] HTTP GET /images/tours/mn2.jpg responded 404 in 0.5232 ms
2026-04-05 03:22:54.339 +07:00 [INF] HTTP GET /images/tours/mn3.jpg responded 404 in 0.6098 ms
2026-04-05 03:22:54.347 +07:00 [INF] HTTP GET /images/tours/mn4.jpg responded 404 in 0.7313 ms
2026-04-05 03:22:54.352 +07:00 [INF] HTTP GET /images/tours/mn5.jpg responded 404 in 0.7431 ms
2026-04-05 03:22:54.353 +07:00 [INF] HTTP GET /images/tours/hcm1.jpg responded 404 in 0.4328 ms
2026-04-05 03:22:54.365 +07:00 [INF] HTTP GET /images/tours/hcm2.jpg responded 404 in 0.6669 ms
2026-04-05 03:22:54.365 +07:00 [INF] HTTP GET /images/tours/hcm3.jpg responded 404 in 0.7140 ms
2026-04-05 03:22:54.373 +07:00 [INF] HTTP GET /images/tours/hcm4.jpg responded 404 in 1.0499 ms
2026-04-05 03:22:54.387 +07:00 [INF] HTTP GET /images/tours/hcm5.jpg responded 404 in 3.1108 ms
2026-04-05 03:22:54.404 +07:00 [INF] HTTP GET /images/tours/vt1.jpg responded 404 in 1.9635 ms
2026-04-05 03:22:54.413 +07:00 [INF] HTTP GET /images/tours/vt2.jpg responded 404 in 0.6006 ms
2026-04-05 03:22:54.454 +07:00 [INF] HTTP GET /images/tours/ct2.jpg responded 404 in 0.5534 ms
2026-04-05 03:22:54.430 +07:00 [INF] HTTP GET /images/tours/vt4.jpg responded 404 in 0.5529 ms
2026-04-05 03:22:54.439 +07:00 [INF] HTTP GET /images/tours/vt5.jpg responded 404 in 0.6881 ms
2026-04-05 03:22:54.444 +07:00 [INF] HTTP GET /images/tours/ct1.jpg responded 404 in 0.6429 ms
2026-04-05 03:22:54.420 +07:00 [INF] HTTP GET /images/tours/vt3.jpg responded 404 in 0.9657 ms
2026-04-05 03:22:54.457 +07:00 [INF] HTTP GET /images/tours/ct3.jpg responded 404 in 0.5499 ms
2026-04-05 03:22:54.462 +07:00 [INF] HTTP GET /images/tours/ct4.jpg responded 404 in 0.5724 ms
2026-04-05 03:22:54.469 +07:00 [INF] HTTP GET /images/tours/ct5.jpg responded 404 in 1.7261 ms
2026-04-05 03:22:54.474 +07:00 [INF] HTTP GET /images/tours/ag1.jpg responded 404 in 0.7500 ms
2026-04-05 03:22:54.480 +07:00 [INF] HTTP GET /images/tours/ag2.jpg responded 404 in 1.1539 ms
2026-04-05 03:22:54.485 +07:00 [INF] HTTP GET /images/tours/ag3.jpg responded 404 in 0.5376 ms
2026-04-05 03:22:54.492 +07:00 [INF] HTTP GET /images/tours/ag4.jpg responded 404 in 1.6335 ms
2026-04-05 03:22:54.504 +07:00 [INF] HTTP GET /images/tours/ag5.jpg responded 404 in 0.7235 ms
2026-04-05 03:22:54.512 +07:00 [INF] HTTP GET /images/tours/ht1.jpg responded 404 in 0.5920 ms
2026-04-05 03:22:54.520 +07:00 [INF] HTTP GET /images/tours/ht2.jpg responded 404 in 0.9381 ms
2026-04-05 03:22:54.530 +07:00 [INF] HTTP GET /images/tours/ht3.jpg responded 404 in 0.5735 ms
2026-04-05 03:22:54.535 +07:00 [INF] HTTP GET /images/tours/ht4.jpg responded 404 in 0.5561 ms
2026-04-05 03:22:54.541 +07:00 [INF] HTTP GET /images/tours/ht5.jpg responded 404 in 0.5428 ms
2026-04-05 03:26:53.975 +07:00 [INF] Seed dữ liệu ban đầu thành công
2026-04-05 03:26:54.264 +07:00 [INF] Ứng dụng Tour Du Lịch khởi chạy
2026-04-05 03:26:57.843 +07:00 [WRN] Failed to determine the https port for redirect.
2026-04-05 03:27:01.072 +07:00 [INF] HTTP GET /Admin/Tour responded 200 in 2876.5048 ms
2026-04-05 03:27:01.083 +07:00 [INF] HTTP GET /images/tours/tl2.jpg responded 404 in 21.9944 ms
2026-04-05 03:27:01.083 +07:00 [INF] HTTP GET /images/tours/tl1.jpg responded 404 in 21.9946 ms
2026-04-05 03:27:01.084 +07:00 [INF] HTTP GET /images/tours/tl3.jpg responded 404 in 22.3493 ms
2026-04-05 03:27:01.195 +07:00 [INF] HTTP GET /css/site.css responded 200 in 129.8525 ms
2026-04-05 03:27:01.218 +07:00 [INF] HTTP GET /lib/bootstrap/dist/css/bootstrap.min.css responded 200 in 153.4373 ms
2026-04-05 03:27:01.408 +07:00 [INF] HTTP GET /images/tours/tl5.jpg responded 404 in 66.6361 ms
2026-04-05 03:27:01.408 +07:00 [INF] HTTP GET /images/tours/jp1.jpg responded 404 in 70.1428 ms
2026-04-05 03:27:01.412 +07:00 [INF] HTTP GET /images/tours/tl4.jpg responded 404 in 24.4909 ms
2026-04-05 03:27:01.416 +07:00 [INF] HTTP GET /js/site.js responded 200 in 102.3365 ms
2026-04-05 03:27:01.419 +07:00 [INF] HTTP GET /lib/jquery/dist/jquery.min.js responded 200 in 91.6938 ms
2026-04-05 03:27:01.420 +07:00 [INF] HTTP GET /lib/bootstrap/dist/js/bootstrap.bundle.min.js responded 200 in 142.4370 ms
2026-04-05 03:27:01.454 +07:00 [INF] HTTP GET /images/tours/jp5.jpg responded 404 in 1.9032 ms
2026-04-05 03:27:01.470 +07:00 [INF] HTTP GET /images/tours/kr1.jpg responded 404 in 3.6729 ms
2026-04-05 03:27:01.480 +07:00 [INF] HTTP GET /images/tours/kr2.jpg responded 404 in 6.1659 ms
2026-04-05 03:27:01.482 +07:00 [INF] HTTP GET /images/tours/jp3.jpg responded 404 in 1.7406 ms
2026-04-05 03:27:01.491 +07:00 [INF] HTTP GET /images/tours/jp2.jpg responded 404 in 6.3980 ms
2026-04-05 03:27:01.495 +07:00 [INF] HTTP GET /images/tours/jp4.jpg responded 404 in 1.5796 ms
2026-04-05 03:27:01.504 +07:00 [INF] HTTP GET /images/tours/kr3.jpg responded 404 in 2.5268 ms
2026-04-05 03:27:01.512 +07:00 [INF] HTTP GET /images/tours/kr4.jpg responded 404 in 4.4990 ms
2026-04-05 03:27:01.514 +07:00 [INF] HTTP GET /images/tours/kr5.jpg responded 404 in 2.5906 ms
2026-04-05 03:27:01.523 +07:00 [INF] HTTP GET /images/tours/sg1.jpg responded 404 in 1.6159 ms
2026-04-05 03:27:01.530 +07:00 [INF] HTTP GET /images/tours/sg2.jpg responded 404 in 3.5524 ms
2026-04-05 03:27:01.538 +07:00 [INF] HTTP GET /images/tours/sg3.jpg responded 404 in 1.7252 ms
2026-04-05 03:27:01.549 +07:00 [INF] HTTP GET /images/tours/sg4.jpg responded 404 in 2.2866 ms
2026-04-05 03:27:01.560 +07:00 [INF] HTTP GET /images/tours/sg5.jpg responded 404 in 2.3973 ms
2026-04-05 03:27:01.570 +07:00 [INF] HTTP GET /images/tours/fr1.jpg responded 404 in 1.8736 ms
2026-04-05 03:27:01.578 +07:00 [INF] HTTP GET /images/tours/fr2.jpg responded 404 in 2.5193 ms
2026-04-05 03:27:01.582 +07:00 [INF] HTTP GET /images/tours/fr3.jpg responded 404 in 2.7124 ms
2026-04-05 03:27:01.591 +07:00 [INF] HTTP GET /images/tours/fr4.jpg responded 404 in 3.2876 ms
2026-04-05 03:27:01.598 +07:00 [INF] HTTP GET /images/tours/fr5.jpg responded 404 in 3.9675 ms
2026-04-05 03:27:01.605 +07:00 [INF] HTTP GET /images/tours/pq1.jpg responded 304 in 4.8791 ms
2026-04-05 03:27:01.613 +07:00 [INF] HTTP GET /images/tours/pq2.jpg responded 404 in 3.8455 ms
2026-04-05 03:27:01.620 +07:00 [INF] HTTP GET /images/tours/pq3.jpg responded 404 in 2.2891 ms
2026-04-05 03:27:01.624 +07:00 [INF] HTTP GET /images/tours/pq4.jpg responded 404 in 1.4254 ms
2026-04-05 03:27:01.635 +07:00 [INF] HTTP GET /images/tours/pq5.jpg responded 404 in 4.5249 ms
2026-04-05 03:27:01.649 +07:00 [INF] HTTP GET /images/tours/dn1.jpg responded 304 in 9.1177 ms
2026-04-05 03:27:01.657 +07:00 [INF] HTTP GET /images/tours/dn2.jpg responded 404 in 2.0334 ms
2026-04-05 03:27:01.664 +07:00 [INF] HTTP GET /images/tours/dn3.jpg responded 404 in 1.7138 ms
2026-04-05 03:27:01.677 +07:00 [INF] HTTP GET /images/tours/dn4.jpg responded 404 in 8.1464 ms
2026-04-05 03:27:01.682 +07:00 [INF] HTTP GET /images/tours/dn5.jpg responded 404 in 2.1272 ms
2026-04-05 03:27:01.692 +07:00 [INF] HTTP GET /images/tours/dl1.jpg responded 304 in 3.7209 ms
2026-04-05 03:27:01.700 +07:00 [INF] HTTP GET /images/tours/dl2.jpg responded 404 in 1.7312 ms
2026-04-05 03:27:01.712 +07:00 [INF] HTTP GET /images/tours/dl3.jpg responded 404 in 8.2338 ms
2026-04-05 03:27:01.720 +07:00 [INF] HTTP GET /images/tours/dl4.jpg responded 404 in 1.8218 ms
2026-04-05 03:27:01.727 +07:00 [INF] HTTP GET /images/tours/dl5.jpg responded 404 in 1.9099 ms
2026-04-05 03:27:01.736 +07:00 [INF] HTTP GET /images/tours/sp1.jpg responded 304 in 2.3230 ms
2026-04-05 03:27:01.741 +07:00 [INF] HTTP GET /images/tours/sp2.jpg responded 404 in 3.1369 ms
2026-04-05 03:27:01.755 +07:00 [INF] HTTP GET /images/tours/sp3.jpg responded 404 in 1.6303 ms
2026-04-05 03:27:01.824 +07:00 [INF] HTTP GET /images/tours/sp4.jpg responded 404 in 1.7854 ms
2026-04-05 03:27:02.183 +07:00 [INF] HTTP GET /images/tours/sp5.jpg responded 404 in 5.9175 ms
2026-04-05 03:27:02.359 +07:00 [INF] HTTP GET /images/tours/qn1.jpg responded 304 in 1.8953 ms
2026-04-05 03:27:02.578 +07:00 [INF] HTTP GET /images/tours/qn2.jpg responded 404 in 1.7296 ms
2026-04-05 03:27:02.606 +07:00 [INF] HTTP GET /images/tours/qn3.jpg responded 404 in 7.5614 ms
2026-04-05 03:27:02.631 +07:00 [INF] HTTP GET /images/tours/qn4.jpg responded 404 in 6.2129 ms
2026-04-05 03:27:02.639 +07:00 [INF] HTTP GET /images/tours/qn5.jpg responded 404 in 2.0443 ms
2026-04-05 03:27:02.655 +07:00 [INF] HTTP GET /images/tours/nb1.jpg responded 304 in 8.4260 ms
2026-04-05 03:27:02.683 +07:00 [INF] HTTP GET /images/tours/nb2.jpg responded 404 in 1.6903 ms
2026-04-05 03:27:02.698 +07:00 [INF] HTTP GET /images/tours/nb3.jpg responded 404 in 2.9027 ms
2026-04-05 03:27:02.710 +07:00 [INF] HTTP GET /images/tours/nb4.jpg responded 404 in 4.0868 ms
2026-04-05 03:27:02.722 +07:00 [INF] HTTP GET /images/tours/nb5.jpg responded 404 in 1.9426 ms
2026-04-05 03:27:02.740 +07:00 [INF] HTTP GET /images/tours/hue1.jpg responded 404 in 5.5741 ms
2026-04-05 03:27:02.753 +07:00 [INF] HTTP GET /images/tours/hue2.jpg responded 404 in 1.6397 ms
2026-04-05 03:27:02.761 +07:00 [INF] HTTP GET /images/tours/hue3.jpg responded 404 in 2.1912 ms
2026-04-05 03:27:02.777 +07:00 [INF] HTTP GET /images/tours/hue4.jpg responded 404 in 1.5337 ms
2026-04-05 03:27:02.793 +07:00 [INF] HTTP GET /images/tours/hue5.jpg responded 404 in 5.8220 ms
2026-04-05 03:27:02.802 +07:00 [INF] HTTP GET /images/tours/ha1.jpg responded 404 in 5.7549 ms
2026-04-05 03:27:02.814 +07:00 [INF] HTTP GET /images/tours/ha2.jpg responded 404 in 5.4595 ms
2026-04-05 03:27:02.835 +07:00 [INF] HTTP GET /images/tours/ha3.jpg responded 404 in 7.5267 ms
2026-04-05 03:27:02.850 +07:00 [INF] HTTP GET /images/tours/ha4.jpg responded 404 in 6.2820 ms
2026-04-05 03:27:02.865 +07:00 [INF] HTTP GET /images/tours/ha5.jpg responded 404 in 3.3909 ms
2026-04-05 03:27:02.881 +07:00 [INF] HTTP GET /images/tours/nt1.jpg responded 304 in 4.4446 ms
2026-04-05 03:27:02.899 +07:00 [INF] HTTP GET /images/tours/nt2.jpg responded 404 in 5.0841 ms
2026-04-05 03:27:02.910 +07:00 [INF] HTTP GET /images/tours/nt3.jpg responded 404 in 2.3310 ms
2026-04-05 03:27:02.921 +07:00 [INF] HTTP GET /images/tours/nt4.jpg responded 404 in 1.5265 ms
2026-04-05 03:27:02.935 +07:00 [INF] HTTP GET /images/tours/nt5.jpg responded 404 in 2.3279 ms
2026-04-05 03:27:02.943 +07:00 [INF] HTTP GET /images/tours/mn1.jpg responded 304 in 3.8534 ms
2026-04-05 03:27:02.952 +07:00 [INF] HTTP GET /images/tours/mn2.jpg responded 404 in 1.7915 ms
2026-04-05 03:27:02.959 +07:00 [INF] HTTP GET /images/tours/mn3.jpg responded 404 in 1.7061 ms
2026-04-05 03:27:02.967 +07:00 [INF] HTTP GET /images/tours/mn4.jpg responded 404 in 1.4372 ms
2026-04-05 03:27:02.978 +07:00 [INF] HTTP GET /images/tours/mn5.jpg responded 404 in 2.0899 ms
2026-04-05 03:27:02.988 +07:00 [INF] HTTP GET /images/tours/hcm1.jpg responded 404 in 1.4872 ms
2026-04-05 03:27:02.997 +07:00 [INF] HTTP GET /images/tours/hcm2.jpg responded 404 in 1.6678 ms
2026-04-05 03:27:03.009 +07:00 [INF] HTTP GET /images/tours/hcm3.jpg responded 404 in 5.1291 ms
2026-04-05 03:27:03.025 +07:00 [INF] HTTP GET /images/tours/hcm4.jpg responded 404 in 3.7658 ms
2026-04-05 03:27:03.055 +07:00 [INF] HTTP GET /images/tours/hcm5.jpg responded 404 in 8.7572 ms
2026-04-05 03:27:03.067 +07:00 [INF] HTTP GET /images/tours/vt1.jpg responded 404 in 2.7783 ms
2026-04-05 03:27:03.071 +07:00 [INF] HTTP GET /images/tours/vt2.jpg responded 404 in 1.6933 ms
2026-04-05 03:27:03.090 +07:00 [INF] HTTP GET /images/tours/vt3.jpg responded 404 in 2.5158 ms
2026-04-05 03:27:03.108 +07:00 [INF] HTTP GET /images/tours/vt4.jpg responded 404 in 7.3467 ms
2026-04-05 03:27:03.141 +07:00 [INF] HTTP GET /images/tours/vt5.jpg responded 404 in 2.3403 ms
2026-04-05 03:27:03.188 +07:00 [INF] HTTP GET /images/tours/ct1.jpg responded 404 in 24.5803 ms
2026-04-05 03:27:03.841 +07:00 [INF] HTTP GET /images/tours/ct2.jpg responded 404 in 1.4817 ms
2026-04-05 03:27:04.149 +07:00 [INF] HTTP GET /Admin/Order responded 200 in 1684.4362 ms
2026-04-05 03:27:04.155 +07:00 [INF] HTTP GET /images/tours/ct3.jpg responded 404 in 2.7199 ms
2026-04-05 03:27:04.161 +07:00 [INF] HTTP GET /images/tours/ct4.jpg responded 404 in 1.4985 ms
2026-04-05 03:27:04.167 +07:00 [INF] HTTP GET /images/tours/ct5.jpg responded 404 in 1.6119 ms
2026-04-05 03:27:04.181 +07:00 [INF] HTTP GET /images/tours/ag1.jpg responded 404 in 8.2888 ms
2026-04-05 03:27:04.217 +07:00 [INF] HTTP GET /lib/bootstrap/dist/css/bootstrap.min.css responded 200 in 12.3010 ms
2026-04-05 03:27:04.237 +07:00 [INF] HTTP GET /css/site.css responded 200 in 8.7299 ms
2026-04-05 03:27:04.280 +07:00 [INF] HTTP GET /images/tours/ag2.jpg responded 404 in 7.7825 ms
2026-04-05 03:27:04.306 +07:00 [INF] HTTP GET /images/tours/ag3.jpg responded 404 in 3.4446 ms
2026-04-05 03:27:04.312 +07:00 [INF] HTTP GET /lib/jquery/dist/jquery.min.js responded 200 in 6.7443 ms
2026-04-05 03:27:04.327 +07:00 [INF] HTTP GET /images/tours/ag5.jpg responded 404 in 1.8685 ms
2026-04-05 03:27:04.353 +07:00 [INF] HTTP GET /js/site.js responded 200 in 6.6931 ms
2026-04-05 03:27:04.367 +07:00 [INF] HTTP GET /images/tours/ht2.jpg responded 404 in 2.7788 ms
2026-04-05 03:27:04.386 +07:00 [INF] HTTP GET /images/tours/ht3.jpg responded 404 in 3.3625 ms
2026-04-05 03:27:04.413 +07:00 [INF] HTTP GET /images/tours/ag4.jpg responded 404 in 15.0940 ms
2026-04-05 03:27:04.460 +07:00 [INF] HTTP GET /images/tours/ht4.jpg responded 404 in 6.5583 ms
2026-04-05 03:27:04.469 +07:00 [INF] HTTP GET /images/tours/ht1.jpg responded 404 in 3.8957 ms
2026-04-05 03:27:04.500 +07:00 [INF] HTTP GET /images/tours/ht5.jpg responded 404 in 5.9687 ms
2026-04-05 03:27:05.514 +07:00 [INF] HTTP GET /lib/bootstrap/dist/js/bootstrap.bundle.min.js responded 200 in 21.0406 ms
2026-04-05 03:27:05.805 +07:00 [INF] HTTP GET /favicon.ico responded 200 in 4.9719 ms
2026-04-05 03:27:06.072 +07:00 [INF] HTTP GET /Admin/Order responded 200 in 431.9836 ms
2026-04-05 03:27:06.110 +07:00 [INF] HTTP GET /css/site.css responded 200 in 14.2169 ms
2026-04-05 03:27:06.112 +07:00 [INF] HTTP GET /lib/bootstrap/dist/js/bootstrap.bundle.min.js responded 200 in 19.0257 ms
2026-04-05 03:27:06.113 +07:00 [INF] HTTP GET /js/site.js responded 200 in 7.7805 ms
2026-04-05 03:27:06.116 +07:00 [INF] HTTP GET /lib/bootstrap/dist/css/bootstrap.min.css responded 200 in 22.9455 ms
2026-04-05 03:27:06.117 +07:00 [INF] HTTP GET /lib/jquery/dist/jquery.min.js responded 200 in 7.0319 ms
2026-04-05 03:27:07.831 +07:00 [INF] HTTP GET /Admin/Order responded 200 in 24.5033 ms
2026-04-05 03:27:07.857 +07:00 [INF] HTTP GET /css/site.css responded 200 in 10.8780 ms
2026-04-05 03:27:07.862 +07:00 [INF] HTTP GET /lib/bootstrap/dist/js/bootstrap.bundle.min.js responded 200 in 12.0288 ms
2026-04-05 03:27:07.865 +07:00 [INF] HTTP GET /lib/bootstrap/dist/css/bootstrap.min.css responded 200 in 18.7366 ms
2026-04-05 03:27:07.865 +07:00 [INF] HTTP GET /js/site.js responded 200 in 13.9021 ms
2026-04-05 03:27:07.866 +07:00 [INF] HTTP GET /lib/jquery/dist/jquery.min.js responded 200 in 17.5230 ms
2026-04-05 03:27:09.132 +07:00 [INF] HTTP GET /Admin/Order responded 200 in 129.9207 ms
2026-04-05 03:27:09.158 +07:00 [INF] HTTP GET /css/site.css responded 200 in 3.4529 ms
2026-04-05 03:27:09.158 +07:00 [INF] HTTP GET /js/site.js responded 200 in 4.2571 ms
2026-04-05 03:27:09.159 +07:00 [INF] HTTP GET /lib/bootstrap/dist/js/bootstrap.bundle.min.js responded 200 in 7.1137 ms
2026-04-05 03:27:09.160 +07:00 [INF] HTTP GET /lib/bootstrap/dist/css/bootstrap.min.css responded 200 in 9.4325 ms
2026-04-05 03:27:09.161 +07:00 [INF] HTTP GET /lib/jquery/dist/jquery.min.js responded 200 in 9.6531 ms
2026-04-05 03:27:11.319 +07:00 [INF] HTTP GET /Admin/Tour responded 200 in 321.2910 ms
2026-04-05 03:27:11.343 +07:00 [INF] HTTP GET /css/site.css responded 200 in 7.8535 ms
2026-04-05 03:27:11.344 +07:00 [INF] HTTP GET /images/tours/tl2.jpg responded 404 in 3.2746 ms
2026-04-05 03:27:11.340 +07:00 [INF] HTTP GET /images/tours/tl1.jpg responded 404 in 1.4878 ms
2026-04-05 03:27:11.346 +07:00 [INF] HTTP GET /lib/bootstrap/dist/css/bootstrap.min.css responded 200 in 10.8996 ms
2026-04-05 03:27:11.351 +07:00 [INF] HTTP GET /images/tours/tl3.jpg responded 404 in 1.7362 ms
2026-04-05 03:27:11.352 +07:00 [INF] HTTP GET /images/tours/tl4.jpg responded 404 in 1.7439 ms
2026-04-05 03:27:11.363 +07:00 [INF] HTTP GET /images/tours/tl5.jpg responded 404 in 3.1309 ms
2026-04-05 03:27:11.379 +07:00 [INF] HTTP GET /lib/bootstrap/dist/js/bootstrap.bundle.min.js responded 200 in 6.3519 ms
2026-04-05 03:27:11.399 +07:00 [INF] HTTP GET /js/site.js responded 200 in 5.1665 ms
2026-04-05 03:27:11.410 +07:00 [INF] HTTP GET /lib/jquery/dist/jquery.min.js responded 200 in 6.8533 ms
2026-04-05 03:27:11.425 +07:00 [INF] HTTP GET /images/tours/jp4.jpg responded 404 in 3.0427 ms
2026-04-05 03:27:11.437 +07:00 [INF] HTTP GET /images/tours/jp5.jpg responded 404 in 1.8110 ms
2026-04-05 03:27:11.442 +07:00 [INF] HTTP GET /images/tours/kr1.jpg responded 404 in 1.9430 ms
2026-04-05 03:27:11.444 +07:00 [INF] HTTP GET /images/tours/jp1.jpg responded 404 in 1.5150 ms
2026-04-05 03:27:11.451 +07:00 [INF] HTTP GET /images/tours/jp2.jpg responded 404 in 1.6443 ms
2026-04-05 03:27:11.457 +07:00 [INF] HTTP GET /images/tours/jp3.jpg responded 404 in 1.9441 ms
2026-04-05 03:27:11.466 +07:00 [INF] HTTP GET /images/tours/kr2.jpg responded 404 in 1.9501 ms
2026-04-05 03:27:11.477 +07:00 [INF] HTTP GET /images/tours/kr3.jpg responded 404 in 4.1155 ms
2026-04-05 03:27:11.486 +07:00 [INF] HTTP GET /images/tours/kr4.jpg responded 404 in 1.9869 ms
2026-04-05 03:27:11.502 +07:00 [INF] HTTP GET /images/tours/kr5.jpg responded 404 in 5.4576 ms
2026-04-05 03:27:11.514 +07:00 [INF] HTTP GET /images/tours/sg1.jpg responded 404 in 3.2232 ms
2026-04-05 03:27:11.524 +07:00 [INF] HTTP GET /images/tours/sg2.jpg responded 404 in 1.7627 ms
2026-04-05 03:27:11.530 +07:00 [INF] HTTP GET /images/tours/sg3.jpg responded 404 in 1.8499 ms
2026-04-05 03:27:11.542 +07:00 [INF] HTTP GET /images/tours/sg4.jpg responded 404 in 2.8015 ms
2026-04-05 03:27:11.548 +07:00 [INF] HTTP GET /images/tours/sg5.jpg responded 404 in 2.0722 ms
2026-04-05 03:27:11.557 +07:00 [INF] HTTP GET /images/tours/fr1.jpg responded 404 in 3.6726 ms
2026-04-05 03:27:11.566 +07:00 [INF] HTTP GET /images/tours/fr2.jpg responded 404 in 1.5974 ms
2026-04-05 03:27:11.575 +07:00 [INF] HTTP GET /images/tours/fr3.jpg responded 404 in 5.4926 ms
2026-04-05 03:27:11.581 +07:00 [INF] HTTP GET /images/tours/fr4.jpg responded 404 in 1.6916 ms
2026-04-05 03:27:11.585 +07:00 [INF] HTTP GET /images/tours/fr5.jpg responded 404 in 1.5543 ms
2026-04-05 03:27:11.591 +07:00 [INF] HTTP GET /images/tours/pq1.jpg responded 304 in 2.3791 ms
2026-04-05 03:27:11.598 +07:00 [INF] HTTP GET /images/tours/pq2.jpg responded 404 in 1.7784 ms
2026-04-05 03:27:11.606 +07:00 [INF] HTTP GET /images/tours/pq3.jpg responded 404 in 3.0106 ms
2026-04-05 03:27:11.617 +07:00 [INF] HTTP GET /images/tours/pq4.jpg responded 404 in 2.1401 ms
2026-04-05 03:27:11.622 +07:00 [INF] HTTP GET /images/tours/pq5.jpg responded 404 in 1.4884 ms
2026-04-05 03:27:11.630 +07:00 [INF] HTTP GET /images/tours/dn1.jpg responded 304 in 2.8801 ms
2026-04-05 03:27:11.637 +07:00 [INF] HTTP GET /images/tours/dn2.jpg responded 404 in 1.6565 ms
2026-04-05 03:27:11.651 +07:00 [INF] HTTP GET /images/tours/dn3.jpg responded 404 in 2.6930 ms
2026-04-05 03:27:11.687 +07:00 [INF] HTTP GET /images/tours/dl3.jpg responded 404 in 1.5946 ms
2026-04-05 03:27:11.666 +07:00 [INF] HTTP GET /images/tours/dn5.jpg responded 404 in 1.7928 ms
2026-04-05 03:27:11.674 +07:00 [INF] HTTP GET /images/tours/dl1.jpg responded 304 in 2.1609 ms
2026-04-05 03:27:11.680 +07:00 [INF] HTTP GET /images/tours/dl2.jpg responded 404 in 2.0386 ms
2026-04-05 03:27:11.658 +07:00 [INF] HTTP GET /images/tours/dn4.jpg responded 404 in 4.2876 ms
2026-04-05 03:27:11.693 +07:00 [INF] HTTP GET /images/tours/dl4.jpg responded 404 in 1.8877 ms
2026-04-05 03:27:11.701 +07:00 [INF] HTTP GET /images/tours/dl5.jpg responded 404 in 1.9531 ms
2026-04-05 03:27:11.715 +07:00 [INF] HTTP GET /images/tours/sp1.jpg responded 304 in 5.1009 ms
2026-04-05 03:27:11.722 +07:00 [INF] HTTP GET /images/tours/sp2.jpg responded 404 in 2.0302 ms
2026-04-05 03:27:11.731 +07:00 [INF] HTTP GET /images/tours/sp3.jpg responded 404 in 5.1649 ms
2026-04-05 03:27:11.736 +07:00 [INF] HTTP GET /images/tours/sp4.jpg responded 404 in 1.8200 ms
2026-04-05 03:27:11.747 +07:00 [INF] HTTP GET /images/tours/sp5.jpg responded 404 in 5.2929 ms
2026-04-05 03:27:11.753 +07:00 [INF] HTTP GET /images/tours/qn1.jpg responded 304 in 3.2893 ms
2026-04-05 03:27:11.759 +07:00 [INF] HTTP GET /images/tours/qn2.jpg responded 404 in 1.8738 ms
2026-04-05 03:27:11.765 +07:00 [INF] HTTP GET /images/tours/qn3.jpg responded 404 in 2.0656 ms
2026-04-05 03:27:11.776 +07:00 [INF] HTTP GET /images/tours/qn4.jpg responded 404 in 3.1536 ms
2026-04-05 03:27:11.779 +07:00 [INF] HTTP GET /images/tours/qn5.jpg responded 404 in 1.8771 ms
2026-04-05 03:27:11.791 +07:00 [INF] HTTP GET /images/tours/nb1.jpg responded 304 in 4.5900 ms
2026-04-05 03:27:11.797 +07:00 [INF] HTTP GET /images/tours/nb2.jpg responded 404 in 3.0785 ms
2026-04-05 03:27:11.810 +07:00 [INF] HTTP GET /images/tours/nb3.jpg responded 404 in 5.1877 ms
2026-04-05 03:27:11.814 +07:00 [INF] HTTP GET /images/tours/nb4.jpg responded 404 in 2.0710 ms
2026-04-05 03:27:11.826 +07:00 [INF] HTTP GET /images/tours/nb5.jpg responded 404 in 1.7982 ms
2026-04-05 03:27:11.833 +07:00 [INF] HTTP GET /images/tours/hue1.jpg responded 404 in 1.6384 ms
2026-04-05 03:27:11.843 +07:00 [INF] HTTP GET /images/tours/hue2.jpg responded 404 in 3.2127 ms
2026-04-05 03:27:11.849 +07:00 [INF] HTTP GET /images/tours/hue3.jpg responded 404 in 4.5557 ms
2026-04-05 03:27:11.856 +07:00 [INF] HTTP GET /images/tours/hue4.jpg responded 404 in 4.5112 ms
2026-04-05 03:27:11.863 +07:00 [INF] HTTP GET /images/tours/hue5.jpg responded 404 in 2.4687 ms
2026-04-05 03:27:11.867 +07:00 [INF] HTTP GET /images/tours/ha1.jpg responded 404 in 1.4594 ms
2026-04-05 03:27:11.874 +07:00 [INF] HTTP GET /images/tours/ha2.jpg responded 404 in 4.9959 ms
2026-04-05 03:27:11.881 +07:00 [INF] HTTP GET /images/tours/ha3.jpg responded 404 in 1.6598 ms
2026-04-05 03:27:11.887 +07:00 [INF] HTTP GET /images/tours/ha4.jpg responded 404 in 1.7481 ms
2026-04-05 03:27:11.893 +07:00 [INF] HTTP GET /images/tours/ha5.jpg responded 404 in 1.5970 ms
2026-04-05 03:27:11.898 +07:00 [INF] HTTP GET /images/tours/nt1.jpg responded 304 in 2.1391 ms
2026-04-05 03:27:11.908 +07:00 [INF] HTTP GET /images/tours/nt2.jpg responded 404 in 3.6181 ms
2026-04-05 03:27:11.922 +07:00 [INF] HTTP GET /images/tours/nt3.jpg responded 404 in 4.3602 ms
2026-04-05 03:27:11.929 +07:00 [INF] HTTP GET /images/tours/nt4.jpg responded 404 in 2.3030 ms
2026-04-05 03:27:11.933 +07:00 [INF] HTTP GET /images/tours/nt5.jpg responded 404 in 2.1818 ms
2026-04-05 03:27:11.942 +07:00 [INF] HTTP GET /images/tours/mn1.jpg responded 304 in 2.8124 ms
2026-04-05 03:27:11.951 +07:00 [INF] HTTP GET /images/tours/mn2.jpg responded 404 in 1.9665 ms
2026-04-05 03:27:11.958 +07:00 [INF] HTTP GET /images/tours/mn3.jpg responded 404 in 1.8664 ms
2026-04-05 03:27:11.961 +07:00 [INF] HTTP GET /images/tours/mn4.jpg responded 404 in 1.5716 ms
2026-04-05 03:27:11.966 +07:00 [INF] HTTP GET /images/tours/mn5.jpg responded 404 in 2.1804 ms
2026-04-05 03:27:11.972 +07:00 [INF] HTTP GET /images/tours/hcm1.jpg responded 404 in 1.9161 ms
2026-04-05 03:27:11.979 +07:00 [INF] HTTP GET /images/tours/hcm2.jpg responded 404 in 2.1513 ms
2026-04-05 03:27:11.983 +07:00 [INF] HTTP GET /images/tours/hcm3.jpg responded 404 in 1.6068 ms
2026-04-05 03:27:11.992 +07:00 [INF] HTTP GET /images/tours/hcm4.jpg responded 404 in 3.9983 ms
2026-04-05 03:27:12.006 +07:00 [INF] HTTP GET /images/tours/hcm5.jpg responded 404 in 1.6880 ms
2026-04-05 03:27:12.017 +07:00 [INF] HTTP GET /images/tours/vt1.jpg responded 404 in 6.3862 ms
2026-04-05 03:27:12.024 +07:00 [INF] HTTP GET /images/tours/vt2.jpg responded 404 in 1.5816 ms
2026-04-05 03:27:12.030 +07:00 [INF] HTTP GET /images/tours/vt3.jpg responded 404 in 2.3788 ms
2026-04-05 03:27:12.045 +07:00 [INF] HTTP GET /images/tours/vt4.jpg responded 404 in 1.8187 ms
2026-04-05 03:27:12.061 +07:00 [INF] HTTP GET /images/tours/vt5.jpg responded 404 in 5.2214 ms
2026-04-05 03:27:12.069 +07:00 [INF] HTTP GET /images/tours/ct1.jpg responded 404 in 1.9682 ms
2026-04-05 03:27:12.078 +07:00 [INF] HTTP GET /images/tours/ct2.jpg responded 404 in 1.8066 ms
2026-04-05 03:27:12.088 +07:00 [INF] HTTP GET /images/tours/ct3.jpg responded 404 in 3.1667 ms
2026-04-05 03:27:12.097 +07:00 [INF] HTTP GET /images/tours/ct4.jpg responded 404 in 1.8282 ms
2026-04-05 03:27:12.107 +07:00 [INF] HTTP GET /images/tours/ct5.jpg responded 404 in 1.9998 ms
2026-04-05 03:27:12.122 +07:00 [INF] HTTP GET /images/tours/ag1.jpg responded 404 in 6.3084 ms
2026-04-05 03:27:12.123 +07:00 [INF] HTTP GET /images/tours/ag2.jpg responded 404 in 1.6190 ms
2026-04-05 03:27:12.137 +07:00 [INF] HTTP GET /images/tours/ag3.jpg responded 404 in 1.6394 ms
2026-04-05 03:27:12.145 +07:00 [INF] HTTP GET /images/tours/ag4.jpg responded 404 in 3.7988 ms
2026-04-05 03:27:12.148 +07:00 [INF] HTTP GET /images/tours/ag5.jpg responded 404 in 1.7356 ms
2026-04-05 03:27:12.158 +07:00 [INF] HTTP GET /images/tours/ht1.jpg responded 404 in 2.3162 ms
2026-04-05 03:27:12.171 +07:00 [INF] HTTP GET /images/tours/ht2.jpg responded 404 in 6.3647 ms
2026-04-05 03:27:12.172 +07:00 [INF] HTTP GET /images/tours/ht3.jpg responded 404 in 3.2150 ms
2026-04-05 03:27:12.186 +07:00 [INF] HTTP GET /images/tours/ht4.jpg responded 404 in 6.1031 ms
2026-04-05 03:27:12.190 +07:00 [INF] HTTP GET /images/tours/ht5.jpg responded 404 in 2.4027 ms
2026-04-05 03:27:12.628 +07:00 [INF] HTTP GET /Admin/Order responded 200 in 269.7595 ms
2026-04-05 03:27:12.678 +07:00 [INF] HTTP GET /css/site.css responded 200 in 21.9520 ms
2026-04-05 03:27:12.729 +07:00 [INF] HTTP GET /lib/bootstrap/dist/css/bootstrap.min.css responded 200 in 74.4645 ms
2026-04-05 03:27:12.729 +07:00 [INF] HTTP GET /lib/bootstrap/dist/js/bootstrap.bundle.min.js responded 200 in 35.2481 ms
2026-04-05 03:27:12.724 +07:00 [INF] HTTP GET /lib/jquery/dist/jquery.min.js responded 200 in 45.6110 ms
2026-04-05 03:27:12.736 +07:00 [INF] HTTP GET /js/site.js responded 200 in 28.8961 ms
2026-04-05 03:27:13.366 +07:00 [INF] HTTP GET /Admin/Order responded 200 in 10.7053 ms
2026-04-05 03:27:13.393 +07:00 [INF] HTTP GET /js/site.js responded 200 in 4.5824 ms
2026-04-05 03:27:13.394 +07:00 [INF] HTTP GET /lib/bootstrap/dist/js/bootstrap.bundle.min.js responded 200 in 5.1861 ms
2026-04-05 03:27:13.395 +07:00 [INF] HTTP GET /lib/jquery/dist/jquery.min.js responded 200 in 7.9888 ms
2026-04-05 03:27:13.395 +07:00 [INF] HTTP GET /css/site.css responded 200 in 8.8866 ms
2026-04-05 03:27:13.397 +07:00 [INF] HTTP GET /lib/bootstrap/dist/css/bootstrap.min.css responded 200 in 10.8772 ms
2026-04-05 03:27:14.182 +07:00 [INF] HTTP GET /Admin/Order responded 200 in 98.0586 ms
2026-04-05 03:27:14.206 +07:00 [INF] HTTP GET /css/site.css responded 200 in 7.7740 ms
2026-04-05 03:27:14.210 +07:00 [INF] HTTP GET /lib/bootstrap/dist/css/bootstrap.min.css responded 200 in 11.6170 ms
2026-04-05 03:27:14.214 +07:00 [INF] HTTP GET /lib/jquery/dist/jquery.min.js responded 200 in 12.9224 ms
2026-04-05 03:27:14.217 +07:00 [INF] HTTP GET /js/site.js responded 200 in 11.3110 ms
2026-04-05 03:27:14.217 +07:00 [INF] HTTP GET /lib/bootstrap/dist/js/bootstrap.bundle.min.js responded 200 in 13.9112 ms
2026-04-05 03:27:14.869 +07:00 [INF] HTTP GET /Admin/Order responded 200 in 13.4218 ms
2026-04-05 03:27:14.909 +07:00 [INF] HTTP GET /css/site.css responded 200 in 21.2623 ms
2026-04-05 03:27:14.909 +07:00 [INF] HTTP GET /lib/bootstrap/dist/js/bootstrap.bundle.min.js responded 200 in 17.1174 ms
2026-04-05 03:27:14.910 +07:00 [INF] HTTP GET /lib/jquery/dist/jquery.min.js responded 200 in 19.8304 ms
2026-04-05 03:27:14.911 +07:00 [INF] HTTP GET /js/site.js responded 200 in 12.8818 ms
2026-04-05 03:27:14.912 +07:00 [INF] HTTP GET /lib/bootstrap/dist/css/bootstrap.min.css responded 200 in 25.7301 ms
2026-04-05 03:27:16.469 +07:00 [INF] HTTP GET /Admin/Category responded 200 in 170.8043 ms
2026-04-05 03:27:16.497 +07:00 [INF] HTTP GET /lib/jquery/dist/jquery.min.js responded 200 in 9.6228 ms
2026-04-05 03:27:16.499 +07:00 [INF] HTTP GET /css/site.css responded 200 in 11.4587 ms
2026-04-05 03:27:16.501 +07:00 [INF] HTTP GET /lib/bootstrap/dist/js/bootstrap.bundle.min.js responded 200 in 11.7712 ms
2026-04-05 03:27:16.498 +07:00 [INF] HTTP GET /js/site.js responded 200 in 3.1100 ms
2026-04-05 03:27:16.502 +07:00 [INF] HTTP GET /lib/bootstrap/dist/css/bootstrap.min.css responded 200 in 14.5227 ms
2026-04-05 03:27:18.560 +07:00 [INF] HTTP GET /Admin responded 200 in 1422.8973 ms
2026-04-05 03:27:18.609 +07:00 [INF] HTTP GET /css/site.css responded 200 in 25.2877 ms
2026-04-05 03:27:18.624 +07:00 [INF] HTTP GET /lib/jquery/dist/jquery.min.js responded 200 in 33.4159 ms
2026-04-05 03:27:18.627 +07:00 [INF] HTTP GET /lib/bootstrap/dist/css/bootstrap.min.css responded 200 in 47.3852 ms
2026-04-05 03:27:18.632 +07:00 [INF] HTTP GET /lib/bootstrap/dist/js/bootstrap.bundle.min.js responded 200 in 15.2922 ms
2026-04-05 03:27:18.633 +07:00 [INF] HTTP GET /js/site.js responded 200 in 8.0496 ms
2026-04-05 03:27:21.411 +07:00 [INF] HTTP GET /Admin/Order/Details/6 responded 200 in 300.9918 ms
2026-04-05 03:27:21.442 +07:00 [INF] HTTP GET /css/site.css responded 200 in 5.5263 ms
2026-04-05 03:27:21.444 +07:00 [INF] HTTP GET /lib/bootstrap/dist/css/bootstrap.min.css responded 200 in 7.7278 ms
2026-04-05 03:27:21.444 +07:00 [INF] HTTP GET /lib/jquery/dist/jquery.min.js responded 200 in 5.7275 ms
2026-04-05 03:27:21.445 +07:00 [INF] HTTP GET /js/site.js responded 200 in 4.5744 ms
2026-04-05 03:27:21.451 +07:00 [INF] HTTP GET /lib/bootstrap/dist/js/bootstrap.bundle.min.js responded 200 in 9.1924 ms
2026-04-05 03:27:33.254 +07:00 [INF] HTTP POST /Admin/Order/UpdateStatus responded 302 in 8481.4664 ms
2026-04-05 03:27:33.328 +07:00 [INF] HTTP GET /Admin/Order/Details/6 responded 200 in 60.1975 ms
2026-04-05 03:27:33.681 +07:00 [INF] HTTP GET /css/site.css responded 200 in 271.7778 ms
2026-04-05 03:27:33.772 +07:00 [INF] HTTP GET /lib/jquery/dist/jquery.min.js responded 200 in 91.4087 ms
2026-04-05 03:27:33.796 +07:00 [INF] HTTP GET /lib/bootstrap/dist/css/bootstrap.min.css responded 200 in 388.1101 ms
2026-04-05 03:27:33.815 +07:00 [INF] HTTP GET /js/site.js responded 200 in 45.8245 ms
2026-04-05 03:27:33.818 +07:00 [INF] HTTP GET /lib/bootstrap/dist/js/bootstrap.bundle.min.js responded 200 in 49.4088 ms
2026-04-05 03:27:37.027 +07:00 [INF] HTTP GET /Admin/Order responded 200 in 87.4910 ms
2026-04-05 03:27:37.066 +07:00 [INF] HTTP GET /css/site.css responded 200 in 11.2659 ms
2026-04-05 03:27:37.068 +07:00 [INF] HTTP GET /lib/jquery/dist/jquery.min.js responded 200 in 11.5431 ms
2026-04-05 03:27:37.069 +07:00 [INF] HTTP GET /js/site.js responded 200 in 4.9787 ms
2026-04-05 03:27:37.082 +07:00 [INF] HTTP GET /lib/bootstrap/dist/css/bootstrap.min.css responded 200 in 33.0028 ms
2026-04-05 03:27:37.087 +07:00 [INF] HTTP GET /lib/bootstrap/dist/js/bootstrap.bundle.min.js responded 200 in 26.9873 ms
2026-04-05 03:27:42.417 +07:00 [INF] HTTP GET /Admin/Order/Details/6 responded 200 in 63.3597 ms
2026-04-05 03:27:42.447 +07:00 [INF] HTTP GET /css/site.css responded 200 in 3.2359 ms
2026-04-05 03:27:42.477 +07:00 [INF] HTTP GET /lib/jquery/dist/jquery.min.js responded 200 in 20.9633 ms
2026-04-05 03:27:42.478 +07:00 [INF] HTTP GET /js/site.js responded 200 in 16.2963 ms
2026-04-05 03:27:42.490 +07:00 [INF] HTTP GET /lib/bootstrap/dist/js/bootstrap.bundle.min.js responded 200 in 26.6751 ms
2026-04-05 03:27:42.491 +07:00 [INF] HTTP GET /lib/bootstrap/dist/css/bootstrap.min.css responded 200 in 47.9759 ms
2026-04-05 03:27:49.113 +07:00 [INF] HTTP GET /Admin/Order responded 200 in 74.7848 ms
2026-04-05 03:27:49.215 +07:00 [INF] HTTP GET /css/site.css responded 200 in 1.8007 ms
2026-04-05 03:27:49.243 +07:00 [INF] HTTP GET /lib/bootstrap/dist/js/bootstrap.bundle.min.js responded 200 in 9.5824 ms
2026-04-05 03:27:49.246 +07:00 [INF] HTTP GET /lib/jquery/dist/jquery.min.js responded 200 in 24.5332 ms
2026-04-05 03:27:49.249 +07:00 [INF] HTTP GET /lib/bootstrap/dist/css/bootstrap.min.css responded 200 in 75.7094 ms
2026-04-05 03:27:49.249 +07:00 [INF] HTTP GET /js/site.js responded 200 in 13.2327 ms
2026-04-05 03:27:50.486 +07:00 [INF] HTTP GET /Admin/Tour responded 200 in 100.1472 ms
2026-04-05 03:27:50.515 +07:00 [INF] HTTP GET /images/tours/tl1.jpg responded 404 in 0.6451 ms
2026-04-05 03:27:50.515 +07:00 [INF] HTTP GET /css/site.css responded 200 in 13.6735 ms
2026-04-05 03:27:50.567 +07:00 [INF] HTTP GET /images/tours/tl2.jpg responded 404 in 1.4797 ms
2026-04-05 03:27:50.584 +07:00 [INF] HTTP GET /lib/bootstrap/dist/css/bootstrap.min.css responded 200 in 84.4886 ms
2026-04-05 03:27:50.588 +07:00 [INF] HTTP GET /images/tours/tl3.jpg responded 404 in 0.5874 ms
2026-04-05 03:27:50.817 +07:00 [INF] HTTP GET /images/tours/jp1.jpg responded 404 in 1.1755 ms
2026-04-05 03:27:50.826 +07:00 [INF] HTTP GET /images/tours/tl5.jpg responded 404 in 1.9993 ms
2026-04-05 03:27:50.877 +07:00 [INF] HTTP GET /lib/jquery/dist/jquery.min.js responded 200 in 8.5052 ms
2026-04-05 03:27:50.921 +07:00 [INF] HTTP GET /js/site.js responded 200 in 6.3862 ms
2026-04-05 03:27:50.954 +07:00 [INF] HTTP GET /images/tours/tl4.jpg responded 404 in 0.6121 ms
2026-04-05 03:27:50.961 +07:00 [INF] HTTP GET /images/tours/jp3.jpg responded 404 in 0.5384 ms
2026-04-05 03:27:50.968 +07:00 [INF] HTTP GET /images/tours/jp4.jpg responded 404 in 1.1996 ms
2026-04-05 03:27:50.978 +07:00 [INF] HTTP GET /images/tours/jp5.jpg responded 404 in 0.9510 ms
2026-04-05 03:27:50.982 +07:00 [INF] HTTP GET /lib/bootstrap/dist/js/bootstrap.bundle.min.js responded 200 in 2.6121 ms
2026-04-05 03:27:50.983 +07:00 [INF] HTTP GET /images/tours/jp2.jpg responded 404 in 0.5022 ms
2026-04-05 03:27:50.998 +07:00 [INF] HTTP GET /images/tours/kr2.jpg responded 404 in 0.9890 ms
2026-04-05 03:27:51.008 +07:00 [INF] HTTP GET /images/tours/kr3.jpg responded 404 in 0.5897 ms
2026-04-05 03:27:51.012 +07:00 [INF] HTTP GET /images/tours/kr4.jpg responded 404 in 0.5214 ms
2026-04-05 03:27:51.020 +07:00 [INF] HTTP GET /images/tours/kr5.jpg responded 404 in 0.5854 ms
2026-04-05 03:27:51.059 +07:00 [INF] HTTP GET /images/tours/kr1.jpg responded 404 in 0.5571 ms
2026-04-05 03:27:51.098 +07:00 [INF] HTTP GET /images/tours/sg1.jpg responded 404 in 0.5815 ms
2026-04-05 03:27:51.136 +07:00 [INF] HTTP GET /images/tours/sg2.jpg responded 404 in 0.6159 ms
2026-04-05 03:27:51.165 +07:00 [INF] HTTP GET /images/tours/sg3.jpg responded 404 in 2.5330 ms
2026-04-05 03:27:51.189 +07:00 [INF] HTTP GET /images/tours/sg4.jpg responded 404 in 0.5617 ms
2026-04-05 03:27:51.215 +07:00 [INF] HTTP GET /images/tours/sg5.jpg responded 404 in 0.9818 ms
2026-04-05 03:27:51.228 +07:00 [INF] HTTP GET /images/tours/fr1.jpg responded 404 in 1.2787 ms
2026-04-05 03:27:51.246 +07:00 [INF] HTTP GET /images/tours/fr2.jpg responded 404 in 0.5604 ms
2026-04-05 03:27:51.252 +07:00 [INF] HTTP GET /images/tours/fr3.jpg responded 404 in 0.5757 ms
2026-04-05 03:27:51.259 +07:00 [INF] HTTP GET /images/tours/fr4.jpg responded 404 in 0.5687 ms
2026-04-05 03:27:51.269 +07:00 [INF] HTTP GET /images/tours/fr5.jpg responded 404 in 0.5947 ms
2026-04-05 03:27:51.318 +07:00 [INF] HTTP GET /images/tours/pq1.jpg responded 304 in 33.2784 ms
2026-04-05 03:27:51.376 +07:00 [INF] HTTP GET /images/tours/pq2.jpg responded 404 in 0.5966 ms
2026-04-05 03:27:51.410 +07:00 [INF] HTTP GET /images/tours/pq3.jpg responded 404 in 0.5743 ms
2026-04-05 03:27:51.476 +07:00 [INF] HTTP GET /images/tours/pq4.jpg responded 404 in 0.5863 ms
2026-04-05 03:27:51.560 +07:00 [INF] HTTP GET /images/tours/pq5.jpg responded 404 in 0.6467 ms
2026-04-05 03:27:51.640 +07:00 [INF] HTTP GET /images/tours/dn1.jpg responded 304 in 1.7161 ms
2026-04-05 03:27:52.540 +07:00 [INF] HTTP GET /images/tours/dn2.jpg responded 404 in 2.1117 ms
2026-04-05 03:27:52.550 +07:00 [INF] HTTP GET /images/tours/dn3.jpg responded 404 in 0.5810 ms
2026-04-05 03:27:52.559 +07:00 [INF] HTTP GET /images/tours/dn4.jpg responded 404 in 0.5941 ms
2026-04-05 03:27:52.566 +07:00 [INF] HTTP GET /images/tours/dn5.jpg responded 404 in 2.6544 ms
2026-04-05 03:27:52.581 +07:00 [INF] HTTP GET /images/tours/dl1.jpg responded 304 in 0.8389 ms
2026-04-05 03:27:52.614 +07:00 [INF] HTTP GET /images/tours/dl2.jpg responded 404 in 0.6882 ms
2026-04-05 03:27:52.619 +07:00 [INF] HTTP GET /images/tours/dl3.jpg responded 404 in 0.6813 ms
2026-04-05 03:27:52.622 +07:00 [INF] HTTP GET /images/tours/dl4.jpg responded 404 in 0.8212 ms
2026-04-05 03:27:52.634 +07:00 [INF] HTTP GET /images/tours/dl5.jpg responded 404 in 0.8958 ms
2026-04-05 03:27:52.645 +07:00 [INF] HTTP GET /images/tours/sp1.jpg responded 304 in 0.9871 ms
2026-04-05 03:27:52.674 +07:00 [INF] HTTP GET /images/tours/sp2.jpg responded 404 in 0.6370 ms
2026-04-05 03:27:52.683 +07:00 [INF] HTTP GET /images/tours/sp3.jpg responded 404 in 1.2686 ms
2026-04-05 03:27:52.685 +07:00 [INF] HTTP GET /images/tours/sp4.jpg responded 404 in 0.6656 ms
2026-04-05 03:27:52.690 +07:00 [INF] HTTP GET /images/tours/sp5.jpg responded 404 in 1.0437 ms
2026-04-05 03:27:52.697 +07:00 [INF] HTTP GET /images/tours/qn1.jpg responded 304 in 1.6652 ms
2026-04-05 03:27:52.713 +07:00 [INF] HTTP GET /images/tours/qn2.jpg responded 404 in 1.1271 ms
2026-04-05 03:27:52.723 +07:00 [INF] HTTP GET /images/tours/qn3.jpg responded 404 in 0.6443 ms
2026-04-05 03:27:52.736 +07:00 [INF] HTTP GET /images/tours/qn4.jpg responded 404 in 0.6922 ms
2026-04-05 03:27:52.750 +07:00 [INF] HTTP GET /images/tours/qn5.jpg responded 404 in 0.5638 ms
2026-04-05 03:27:52.756 +07:00 [INF] HTTP GET /images/tours/nb1.jpg responded 304 in 1.4124 ms
2026-04-05 03:27:52.773 +07:00 [INF] HTTP GET /images/tours/nb2.jpg responded 404 in 1.0418 ms
2026-04-05 03:27:52.782 +07:00 [INF] HTTP GET /images/tours/nb3.jpg responded 404 in 0.5943 ms
2026-04-05 03:27:52.787 +07:00 [INF] HTTP GET /images/tours/nb4.jpg responded 404 in 0.6397 ms
2026-04-05 03:27:52.800 +07:00 [INF] HTTP GET /images/tours/nb5.jpg responded 404 in 0.7615 ms
2026-04-05 03:27:52.814 +07:00 [INF] HTTP GET /images/tours/hue1.jpg responded 404 in 0.6588 ms
2026-04-05 03:27:52.835 +07:00 [INF] HTTP GET /images/tours/hue2.jpg responded 404 in 1.5742 ms
2026-04-05 03:27:52.837 +07:00 [INF] HTTP GET /images/tours/hue3.jpg responded 404 in 0.6276 ms
2026-04-05 03:27:52.850 +07:00 [INF] HTTP GET /images/tours/hue4.jpg responded 404 in 0.6250 ms
2026-04-05 03:27:52.864 +07:00 [INF] HTTP GET /images/tours/hue5.jpg responded 404 in 0.7538 ms
2026-04-05 03:27:52.877 +07:00 [INF] HTTP GET /images/tours/ha1.jpg responded 404 in 1.1891 ms
2026-04-05 03:27:52.886 +07:00 [INF] HTTP GET /images/tours/ha2.jpg responded 404 in 0.5561 ms
2026-04-05 03:27:52.892 +07:00 [INF] HTTP GET /images/tours/ha3.jpg responded 404 in 0.7141 ms
2026-04-05 03:27:52.899 +07:00 [INF] HTTP GET /images/tours/ha4.jpg responded 404 in 0.6467 ms
2026-04-05 03:27:52.908 +07:00 [INF] HTTP GET /images/tours/ha5.jpg responded 404 in 0.5762 ms
2026-04-05 03:27:52.915 +07:00 [INF] HTTP GET /images/tours/nt1.jpg responded 304 in 1.6039 ms
2026-04-05 03:27:52.926 +07:00 [INF] HTTP GET /images/tours/nt2.jpg responded 404 in 0.6889 ms
2026-04-05 03:27:52.931 +07:00 [INF] HTTP GET /images/tours/nt3.jpg responded 404 in 0.6269 ms
2026-04-05 03:27:52.939 +07:00 [INF] HTTP GET /images/tours/nt4.jpg responded 404 in 0.5746 ms
2026-04-05 03:27:52.947 +07:00 [INF] HTTP GET /images/tours/nt5.jpg responded 404 in 4.0024 ms
2026-04-05 03:27:52.953 +07:00 [INF] HTTP GET /images/tours/mn1.jpg responded 304 in 0.8399 ms
2026-04-05 03:27:52.971 +07:00 [INF] HTTP GET /images/tours/mn2.jpg responded 404 in 0.5891 ms
2026-04-05 03:27:52.978 +07:00 [INF] HTTP GET /images/tours/mn3.jpg responded 404 in 0.7550 ms
2026-04-05 03:27:52.985 +07:00 [INF] HTTP GET /images/tours/mn4.jpg responded 404 in 1.2053 ms
2026-04-05 03:27:52.988 +07:00 [INF] HTTP GET /images/tours/mn5.jpg responded 404 in 1.0130 ms
2026-04-05 03:27:52.989 +07:00 [INF] HTTP GET /images/tours/hcm1.jpg responded 404 in 0.6211 ms
2026-04-05 03:27:52.999 +07:00 [INF] HTTP GET /images/tours/hcm2.jpg responded 404 in 0.8867 ms
2026-04-05 03:27:53.003 +07:00 [INF] HTTP GET /images/tours/hcm3.jpg responded 404 in 0.5257 ms
2026-04-05 03:27:53.008 +07:00 [INF] HTTP GET /images/tours/hcm4.jpg responded 404 in 0.5688 ms
2026-04-05 03:27:53.046 +07:00 [INF] HTTP GET /images/tours/vt4.jpg responded 404 in 0.5516 ms
2026-04-05 03:27:53.021 +07:00 [INF] HTTP GET /images/tours/vt1.jpg responded 404 in 1.2111 ms
2026-04-05 03:27:53.029 +07:00 [INF] HTTP GET /images/tours/vt2.jpg responded 404 in 0.8644 ms
2026-04-05 03:27:53.037 +07:00 [INF] HTTP GET /images/tours/vt3.jpg responded 404 in 0.6034 ms
2026-04-05 03:27:53.015 +07:00 [INF] HTTP GET /images/tours/hcm5.jpg responded 404 in 0.5513 ms
2026-04-05 03:27:53.049 +07:00 [INF] HTTP GET /images/tours/vt5.jpg responded 404 in 0.5171 ms
2026-04-05 03:27:53.056 +07:00 [INF] HTTP GET /images/tours/ct1.jpg responded 404 in 1.4349 ms
2026-04-05 03:27:53.064 +07:00 [INF] HTTP GET /images/tours/ct2.jpg responded 404 in 0.5350 ms
2026-04-05 03:27:53.069 +07:00 [INF] HTTP GET /images/tours/ct3.jpg responded 404 in 0.5966 ms
2026-04-05 03:27:53.075 +07:00 [INF] HTTP GET /images/tours/ct4.jpg responded 404 in 1.2595 ms
2026-04-05 03:27:53.077 +07:00 [INF] HTTP GET /images/tours/ct5.jpg responded 404 in 0.4580 ms
2026-04-05 03:27:53.085 +07:00 [INF] HTTP GET /images/tours/ag1.jpg responded 404 in 0.6197 ms
2026-04-05 03:27:53.091 +07:00 [INF] HTTP GET /images/tours/ag2.jpg responded 404 in 0.6270 ms
2026-04-05 03:27:53.101 +07:00 [INF] HTTP GET /images/tours/ag3.jpg responded 404 in 0.8083 ms
2026-04-05 03:27:53.111 +07:00 [INF] HTTP GET /images/tours/ag4.jpg responded 404 in 0.5722 ms
2026-04-05 03:27:53.115 +07:00 [INF] HTTP GET /images/tours/ag5.jpg responded 404 in 0.5233 ms
2026-04-05 03:27:53.124 +07:00 [INF] HTTP GET /images/tours/ht1.jpg responded 404 in 0.9290 ms
2026-04-05 03:27:53.132 +07:00 [INF] HTTP GET /images/tours/ht2.jpg responded 404 in 0.5874 ms
2026-04-05 03:27:53.140 +07:00 [INF] HTTP GET /images/tours/ht3.jpg responded 404 in 0.5734 ms
2026-04-05 03:27:53.143 +07:00 [INF] HTTP GET /images/tours/ht4.jpg responded 404 in 0.4864 ms
2026-04-05 03:27:53.148 +07:00 [INF] HTTP GET /images/tours/ht5.jpg responded 404 in 0.5622 ms
2026-04-05 03:28:25.403 +07:00 [INF] HTTP GET /Admin/Tour/Schedules/76 responded 200 in 221.3494 ms
2026-04-05 03:28:25.421 +07:00 [INF] HTTP GET /css/site.css responded 200 in 1.6360 ms
2026-04-05 03:28:25.447 +07:00 [INF] HTTP GET /lib/jquery/dist/jquery.min.js responded 200 in 27.6479 ms
2026-04-05 03:28:25.449 +07:00 [INF] HTTP GET /lib/bootstrap/dist/css/bootstrap.min.css responded 200 in 30.3008 ms
2026-04-05 03:28:25.454 +07:00 [INF] HTTP GET /js/site.js responded 200 in 6.0018 ms
2026-04-05 03:28:25.461 +07:00 [INF] HTTP GET /lib/bootstrap/dist/js/bootstrap.bundle.min.js responded 200 in 6.4301 ms
2026-04-05 03:28:36.216 +07:00 [INF] HTTP GET /images/tours/tl1.jpg responded 404 in 1.2644 ms
2026-04-05 03:28:36.229 +07:00 [INF] HTTP GET /images/tours/tl2.jpg responded 404 in 4.4453 ms
2026-04-05 03:28:36.231 +07:00 [INF] HTTP GET /images/tours/tl3.jpg responded 404 in 0.4656 ms
2026-04-05 03:28:36.262 +07:00 [INF] HTTP GET /css/site.css responded 200 in 54.5552 ms
2026-04-05 03:28:36.265 +07:00 [INF] HTTP GET /lib/bootstrap/dist/css/bootstrap.min.css responded 200 in 57.6297 ms
2026-04-05 03:28:36.322 +07:00 [INF] HTTP GET /Admin/Tour responded 200 in 662.0426 ms
2026-04-05 03:28:36.421 +07:00 [INF] HTTP GET /lib/jquery/dist/jquery.min.js responded 200 in 6.1504 ms
2026-04-05 03:28:36.436 +07:00 [INF] HTTP GET /lib/bootstrap/dist/js/bootstrap.bundle.min.js responded 200 in 5.9384 ms
2026-04-05 03:28:36.448 +07:00 [INF] HTTP GET /images/tours/jp2.jpg responded 404 in 0.6037 ms
2026-04-05 03:28:36.464 +07:00 [INF] HTTP GET /images/tours/tl4.jpg responded 404 in 0.5726 ms
2026-04-05 03:28:36.497 +07:00 [INF] HTTP GET /images/tours/jp5.jpg responded 404 in 0.6025 ms
2026-04-05 03:28:36.476 +07:00 [INF] HTTP GET /images/tours/jp3.jpg responded 404 in 0.6520 ms
2026-04-05 03:28:36.481 +07:00 [INF] HTTP GET /images/tours/jp1.jpg responded 404 in 1.4452 ms
2026-04-05 03:28:36.487 +07:00 [INF] HTTP GET /js/site.js responded 200 in 1.7753 ms
2026-04-05 03:28:36.469 +07:00 [INF] HTTP GET /images/tours/tl5.jpg responded 404 in 0.6286 ms
2026-04-05 03:28:36.500 +07:00 [INF] HTTP GET /images/tours/kr1.jpg responded 404 in 0.5540 ms
2026-04-05 03:28:36.507 +07:00 [INF] HTTP GET /images/tours/kr2.jpg responded 404 in 0.5882 ms
2026-04-05 03:28:36.519 +07:00 [INF] HTTP GET /images/tours/kr3.jpg responded 404 in 0.7436 ms
2026-04-05 03:28:36.526 +07:00 [INF] HTTP GET /images/tours/kr4.jpg responded 404 in 0.5920 ms
2026-04-05 03:28:36.534 +07:00 [INF] HTTP GET /images/tours/jp4.jpg responded 404 in 0.5979 ms
2026-04-05 03:28:36.573 +07:00 [INF] HTTP GET /images/tours/kr5.jpg responded 404 in 0.8134 ms
2026-04-05 03:28:36.618 +07:00 [INF] HTTP GET /images/tours/sg1.jpg responded 404 in 0.5763 ms
2026-04-05 03:28:36.673 +07:00 [INF] HTTP GET /images/tours/sg2.jpg responded 404 in 1.1535 ms
2026-04-05 03:28:36.686 +07:00 [INF] HTTP GET /images/tours/sg3.jpg responded 404 in 0.5723 ms
2026-04-05 03:28:36.702 +07:00 [INF] HTTP GET /images/tours/sg4.jpg responded 404 in 0.6551 ms
2026-04-05 03:28:36.713 +07:00 [INF] HTTP GET /images/tours/sg5.jpg responded 404 in 0.6704 ms
2026-04-05 03:28:36.722 +07:00 [INF] HTTP GET /images/tours/fr1.jpg responded 404 in 1.1834 ms
2026-04-05 03:28:36.734 +07:00 [INF] HTTP GET /images/tours/fr2.jpg responded 404 in 2.0034 ms
2026-04-05 03:28:36.754 +07:00 [INF] HTTP GET /images/tours/fr3.jpg responded 404 in 0.6248 ms
2026-04-05 03:28:36.761 +07:00 [INF] HTTP GET /images/tours/fr4.jpg responded 404 in 0.5700 ms
2026-04-05 03:28:36.767 +07:00 [INF] HTTP GET /images/tours/fr5.jpg responded 404 in 0.5713 ms
2026-04-05 03:28:36.772 +07:00 [INF] HTTP GET /images/tours/pq1.jpg responded 304 in 0.7250 ms
2026-04-05 03:28:36.779 +07:00 [INF] HTTP GET /images/tours/pq2.jpg responded 404 in 0.5825 ms
2026-04-05 03:28:36.783 +07:00 [INF] HTTP GET /images/tours/pq3.jpg responded 404 in 0.7762 ms
2026-04-05 03:28:36.904 +07:00 [INF] HTTP GET /images/tours/pq4.jpg responded 404 in 0.6565 ms
2026-04-05 03:28:36.912 +07:00 [INF] HTTP GET /images/tours/pq5.jpg responded 404 in 0.7257 ms
2026-04-05 03:28:36.916 +07:00 [INF] HTTP GET /images/tours/dn1.jpg responded 304 in 0.7217 ms
2026-04-05 03:28:36.925 +07:00 [INF] HTTP GET /images/tours/dn2.jpg responded 404 in 0.9969 ms
2026-04-05 03:28:36.933 +07:00 [INF] HTTP GET /images/tours/dn3.jpg responded 404 in 0.5440 ms
2026-04-05 03:28:36.938 +07:00 [INF] HTTP GET /images/tours/dn4.jpg responded 404 in 0.6052 ms
2026-04-05 03:28:36.945 +07:00 [INF] HTTP GET /images/tours/dn5.jpg responded 404 in 0.5314 ms
2026-04-05 03:28:36.959 +07:00 [INF] HTTP GET /images/tours/dl1.jpg responded 304 in 1.6229 ms
2026-04-05 03:28:36.993 +07:00 [INF] HTTP GET /images/tours/dl2.jpg responded 404 in 0.6007 ms
2026-04-05 03:28:37.014 +07:00 [INF] HTTP GET /images/tours/dl3.jpg responded 404 in 0.6164 ms
2026-04-05 03:28:37.025 +07:00 [INF] HTTP GET /images/tours/dl4.jpg responded 404 in 1.2403 ms
2026-04-05 03:28:37.038 +07:00 [INF] HTTP GET /images/tours/dl5.jpg responded 404 in 1.0395 ms
2026-04-05 03:28:37.039 +07:00 [INF] HTTP GET /images/tours/sp1.jpg responded 304 in 0.8218 ms
2026-04-05 03:28:37.046 +07:00 [INF] HTTP GET /images/tours/sp2.jpg responded 404 in 0.5747 ms
2026-04-05 03:28:37.054 +07:00 [INF] HTTP GET /images/tours/sp3.jpg responded 404 in 0.5799 ms
2026-04-05 03:28:37.062 +07:00 [INF] HTTP GET /images/tours/sp4.jpg responded 404 in 0.5562 ms
2026-04-05 03:28:37.069 +07:00 [INF] HTTP GET /images/tours/sp5.jpg responded 404 in 0.5475 ms
2026-04-05 03:28:37.076 +07:00 [INF] HTTP GET /images/tours/qn1.jpg responded 304 in 0.6880 ms
2026-04-05 03:28:37.086 +07:00 [INF] HTTP GET /images/tours/qn2.jpg responded 404 in 1.0232 ms
2026-04-05 03:28:37.095 +07:00 [INF] HTTP GET /images/tours/qn3.jpg responded 404 in 0.6675 ms
2026-04-05 03:28:37.116 +07:00 [INF] HTTP GET /images/tours/qn4.jpg responded 404 in 0.6951 ms
2026-04-05 03:28:37.122 +07:00 [INF] HTTP GET /images/tours/qn5.jpg responded 404 in 0.9633 ms
2026-04-05 03:28:37.131 +07:00 [INF] HTTP GET /images/tours/nb1.jpg responded 304 in 0.9196 ms
2026-04-05 03:28:37.137 +07:00 [INF] HTTP GET /images/tours/nb2.jpg responded 404 in 0.7732 ms
2026-04-05 03:28:37.166 +07:00 [INF] HTTP GET /images/tours/nb3.jpg responded 404 in 0.5906 ms
2026-04-05 03:28:37.181 +07:00 [INF] HTTP GET /images/tours/nb4.jpg responded 404 in 0.5941 ms
2026-04-05 03:28:37.183 +07:00 [INF] HTTP GET /images/tours/nb5.jpg responded 404 in 0.5094 ms
2026-04-05 03:28:37.196 +07:00 [INF] HTTP GET /images/tours/hue1.jpg responded 404 in 1.3804 ms
2026-04-05 03:28:37.331 +07:00 [INF] HTTP GET /images/tours/ha1.jpg responded 404 in 0.7015 ms
2026-04-05 03:28:37.246 +07:00 [INF] HTTP GET /images/tours/hue3.jpg responded 404 in 0.8630 ms
2026-04-05 03:28:37.260 +07:00 [INF] HTTP GET /images/tours/hue4.jpg responded 404 in 0.5989 ms
2026-04-05 03:28:37.289 +07:00 [INF] HTTP GET /images/tours/hue5.jpg responded 404 in 1.6236 ms
2026-04-05 03:28:37.212 +07:00 [INF] HTTP GET /images/tours/hue2.jpg responded 404 in 0.5727 ms
2026-04-05 03:28:37.347 +07:00 [INF] HTTP GET /images/tours/ha2.jpg responded 404 in 0.6281 ms
2026-04-05 03:28:38.554 +07:00 [INF] HTTP GET /images/tours/ha3.jpg responded 404 in 1.4523 ms
2026-04-05 03:28:38.570 +07:00 [INF] HTTP GET /images/tours/ha4.jpg responded 404 in 1.1890 ms
2026-04-05 03:28:38.710 +07:00 [INF] HTTP GET /images/tours/ha5.jpg responded 404 in 7.9077 ms
2026-04-05 03:28:38.789 +07:00 [INF] HTTP GET /images/tours/nt1.jpg responded 304 in 0.7063 ms
2026-04-05 03:28:38.835 +07:00 [INF] HTTP GET /images/tours/mn1.jpg responded 304 in 0.9043 ms
2026-04-05 03:28:38.878 +07:00 [INF] HTTP GET /images/tours/nt2.jpg responded 404 in 2.5186 ms
2026-04-05 03:28:38.929 +07:00 [INF] HTTP GET /images/tours/nt3.jpg responded 404 in 0.7914 ms
2026-04-05 03:28:38.987 +07:00 [INF] HTTP GET /images/tours/nt4.jpg responded 404 in 0.8525 ms
2026-04-05 03:28:39.024 +07:00 [INF] HTTP GET /images/tours/nt5.jpg responded 404 in 0.6698 ms
2026-04-05 03:28:39.624 +07:00 [INF] HTTP GET /images/tours/mn2.jpg responded 404 in 0.5872 ms
2026-04-05 03:28:39.645 +07:00 [INF] HTTP GET /images/tours/mn3.jpg responded 404 in 0.5941 ms
2026-04-05 03:28:39.698 +07:00 [INF] HTTP GET /images/tours/mn4.jpg responded 404 in 0.7289 ms
2026-04-05 03:28:39.739 +07:00 [INF] HTTP GET /images/tours/mn5.jpg responded 404 in 0.5854 ms
2026-04-05 03:28:39.779 +07:00 [INF] HTTP GET /images/tours/hcm1.jpg responded 404 in 1.5455 ms
2026-04-05 03:28:39.803 +07:00 [INF] HTTP GET /images/tours/hcm2.jpg responded 404 in 1.4910 ms
2026-04-05 03:28:39.852 +07:00 [INF] HTTP GET /images/tours/hcm3.jpg responded 404 in 0.6223 ms
2026-04-05 03:28:39.867 +07:00 [INF] HTTP GET /images/tours/hcm4.jpg responded 404 in 0.6305 ms
2026-04-05 03:28:39.876 +07:00 [INF] HTTP GET /images/tours/hcm5.jpg responded 404 in 0.6860 ms
2026-04-05 03:28:39.886 +07:00 [INF] HTTP GET /images/tours/vt1.jpg responded 404 in 0.6016 ms
2026-04-05 03:28:39.902 +07:00 [INF] HTTP GET /images/tours/vt2.jpg responded 404 in 1.8669 ms
2026-04-05 03:28:39.932 +07:00 [INF] HTTP GET /images/tours/vt3.jpg responded 404 in 0.7165 ms
2026-04-05 03:28:39.984 +07:00 [INF] HTTP GET /images/tours/vt4.jpg responded 404 in 0.6311 ms
2026-04-05 03:28:39.990 +07:00 [INF] HTTP GET /images/tours/vt5.jpg responded 404 in 2.4624 ms
2026-04-05 03:28:40.003 +07:00 [INF] HTTP GET /images/tours/ct1.jpg responded 404 in 0.6652 ms
2026-04-05 03:28:40.009 +07:00 [INF] HTTP GET /images/tours/ct2.jpg responded 404 in 0.5409 ms
2026-04-05 03:28:40.049 +07:00 [INF] HTTP GET /images/tours/ct3.jpg responded 404 in 1.4556 ms
2026-04-05 03:28:40.050 +07:00 [INF] HTTP GET /Admin/Tour/Create responded 200 in 1493.3011 ms
2026-04-05 03:28:40.060 +07:00 [INF] HTTP GET /images/tours/ct4.jpg responded 404 in 0.6224 ms
2026-04-05 03:28:40.073 +07:00 [INF] HTTP GET /images/tours/ct5.jpg responded 404 in 0.7613 ms
2026-04-05 03:28:40.083 +07:00 [INF] HTTP GET /lib/bootstrap/dist/css/bootstrap.min.css responded 200 in 8.5048 ms
2026-04-05 03:28:40.093 +07:00 [INF] HTTP GET /lib/jquery/dist/jquery.min.js responded 200 in 3.9014 ms
2026-04-05 03:28:40.106 +07:00 [INF] HTTP GET /js/site.js responded 200 in 4.4597 ms
2026-04-05 03:28:40.133 +07:00 [INF] HTTP GET /lib/jquery-validation-unobtrusive/jquery.validate.unobtrusive.min.js responded 404 in 0.5438 ms
2026-04-05 03:28:40.142 +07:00 [INF] HTTP GET /images/tours/ag1.jpg responded 404 in 0.7110 ms
2026-04-05 03:28:40.146 +07:00 [INF] HTTP GET /images/tours/ag2.jpg responded 404 in 0.9486 ms
2026-04-05 03:28:40.150 +07:00 [INF] HTTP GET /css/site.css responded 200 in 2.0410 ms
2026-04-05 03:28:40.160 +07:00 [INF] HTTP GET /lib/bootstrap/dist/js/bootstrap.bundle.min.js responded 200 in 5.8960 ms
2026-04-05 03:28:40.168 +07:00 [INF] HTTP GET /lib/jquery-validation/dist/jquery.validate.min.js responded 200 in 3.5971 ms
2026-04-05 03:28:40.175 +07:00 [INF] HTTP GET /images/tours/ht1.jpg responded 404 in 0.5836 ms
2026-04-05 03:28:40.182 +07:00 [INF] HTTP GET /images/tours/ht2.jpg responded 404 in 0.5707 ms
2026-04-05 03:28:40.190 +07:00 [INF] HTTP GET /images/tours/ht3.jpg responded 404 in 0.8173 ms
2026-04-05 03:28:40.193 +07:00 [INF] HTTP GET /images/tours/ag3.jpg responded 404 in 1.6537 ms
2026-04-05 03:28:40.202 +07:00 [INF] HTTP GET /images/tours/ag4.jpg responded 404 in 0.5782 ms
2026-04-05 03:28:40.212 +07:00 [INF] HTTP GET /images/tours/ag5.jpg responded 404 in 3.4327 ms
2026-04-05 03:28:40.222 +07:00 [INF] HTTP GET /images/tours/ht4.jpg responded 404 in 0.8157 ms
2026-04-05 03:28:40.228 +07:00 [INF] HTTP GET /images/tours/ht5.jpg responded 404 in 0.5445 ms
2026-04-05 03:28:51.374 +07:00 [INF] HTTP GET /Admin/Tour responded 200 in 73.9708 ms
2026-04-05 03:28:51.516 +07:00 [INF] HTTP GET /images/tours/tl1.jpg responded 404 in 0.5992 ms
2026-04-05 03:28:51.519 +07:00 [INF] HTTP GET /css/site.css responded 200 in 15.4103 ms
2026-04-05 03:28:51.519 +07:00 [INF] HTTP GET /images/tours/tl2.jpg responded 404 in 0.4978 ms
2026-04-05 03:28:51.527 +07:00 [INF] HTTP GET /images/tours/tl3.jpg responded 404 in 0.7307 ms
2026-04-05 03:28:51.532 +07:00 [INF] HTTP GET /lib/bootstrap/dist/css/bootstrap.min.css responded 200 in 30.4543 ms
2026-04-05 03:28:52.271 +07:00 [INF] HTTP GET /images/tours/jp1.jpg responded 404 in 1.2952 ms
2026-04-05 03:28:52.276 +07:00 [INF] HTTP GET /images/tours/tl5.jpg responded 404 in 0.5815 ms
2026-04-05 03:28:52.282 +07:00 [INF] HTTP GET /lib/jquery/dist/jquery.min.js responded 200 in 3.5111 ms
2026-04-05 03:28:52.292 +07:00 [INF] HTTP GET /lib/bootstrap/dist/js/bootstrap.bundle.min.js responded 200 in 3.9440 ms
2026-04-05 03:28:52.299 +07:00 [INF] HTTP GET /images/tours/jp3.jpg responded 404 in 0.5631 ms
2026-04-05 03:28:52.305 +07:00 [INF] HTTP GET /images/tours/tl4.jpg responded 404 in 0.6778 ms
2026-04-05 03:28:52.313 +07:00 [INF] HTTP GET /images/tours/jp4.jpg responded 404 in 0.5622 ms
2026-04-05 03:28:52.320 +07:00 [INF] HTTP GET /images/tours/jp5.jpg responded 404 in 1.1323 ms
2026-04-05 03:28:52.325 +07:00 [INF] HTTP GET /js/site.js responded 200 in 3.3520 ms
2026-04-05 03:28:52.357 +07:00 [INF] HTTP GET /images/tours/kr5.jpg responded 404 in 0.5271 ms
2026-04-05 03:28:52.341 +07:00 [INF] HTTP GET /images/tours/kr2.jpg responded 404 in 0.5668 ms
2026-04-05 03:28:52.347 +07:00 [INF] HTTP GET /images/tours/kr3.jpg responded 404 in 0.6480 ms
2026-04-05 03:28:52.355 +07:00 [INF] HTTP GET /images/tours/kr4.jpg responded 404 in 0.6702 ms
2026-04-05 03:28:52.332 +07:00 [INF] HTTP GET /images/tours/jp2.jpg responded 404 in 0.5685 ms
2026-04-05 03:28:52.358 +07:00 [INF] HTTP GET /images/tours/kr1.jpg responded 404 in 0.6007 ms
2026-04-05 03:28:52.368 +07:00 [INF] HTTP GET /images/tours/sg1.jpg responded 404 in 0.5687 ms
2026-04-05 03:28:52.381 +07:00 [INF] HTTP GET /images/tours/sg2.jpg responded 404 in 0.5598 ms
2026-04-05 03:28:52.390 +07:00 [INF] HTTP GET /images/tours/sg3.jpg responded 404 in 0.5624 ms
2026-04-05 03:28:52.392 +07:00 [INF] HTTP GET /images/tours/sg4.jpg responded 404 in 0.5407 ms
2026-04-05 03:28:52.397 +07:00 [INF] HTTP GET /images/tours/sg5.jpg responded 404 in 0.5358 ms
2026-04-05 03:28:52.402 +07:00 [INF] HTTP GET /images/tours/fr1.jpg responded 404 in 0.5108 ms
2026-04-05 03:28:52.435 +07:00 [INF] HTTP GET /images/tours/pq1.jpg responded 304 in 0.7740 ms
2026-04-05 03:28:52.410 +07:00 [INF] HTTP GET /images/tours/fr3.jpg responded 404 in 0.5205 ms
2026-04-05 03:28:52.418 +07:00 [INF] HTTP GET /images/tours/fr4.jpg responded 404 in 0.5428 ms
2026-04-05 03:28:52.427 +07:00 [INF] HTTP GET /images/tours/fr5.jpg responded 404 in 0.5695 ms
2026-04-05 03:28:52.405 +07:00 [INF] HTTP GET /images/tours/fr2.jpg responded 404 in 0.4867 ms
2026-04-05 03:28:52.438 +07:00 [INF] HTTP GET /images/tours/pq2.jpg responded 404 in 0.5117 ms
2026-04-05 03:28:52.446 +07:00 [INF] HTTP GET /images/tours/pq3.jpg responded 404 in 0.7023 ms
2026-04-05 03:28:52.451 +07:00 [INF] HTTP GET /images/tours/pq4.jpg responded 404 in 0.7041 ms
2026-04-05 03:28:52.455 +07:00 [INF] HTTP GET /images/tours/pq5.jpg responded 404 in 0.4918 ms
2026-04-05 03:28:52.458 +07:00 [INF] HTTP GET /images/tours/dn1.jpg responded 304 in 0.9782 ms
2026-04-05 03:28:52.464 +07:00 [INF] HTTP GET /images/tours/dn2.jpg responded 404 in 0.5050 ms
2026-04-05 03:28:52.467 +07:00 [INF] HTTP GET /images/tours/dn3.jpg responded 404 in 0.4674 ms
2026-04-05 03:28:52.471 +07:00 [INF] HTTP GET /images/tours/dn4.jpg responded 404 in 0.4455 ms
2026-04-05 03:28:52.474 +07:00 [INF] HTTP GET /images/tours/dn5.jpg responded 404 in 0.6574 ms
2026-04-05 03:28:52.479 +07:00 [INF] HTTP GET /images/tours/dl1.jpg responded 304 in 0.9849 ms
2026-04-05 03:28:52.483 +07:00 [INF] HTTP GET /images/tours/dl2.jpg responded 404 in 0.4718 ms
2026-04-05 03:28:52.486 +07:00 [INF] HTTP GET /images/tours/dl3.jpg responded 404 in 0.6438 ms
2026-04-05 03:28:52.490 +07:00 [INF] HTTP GET /images/tours/dl4.jpg responded 404 in 0.4745 ms
2026-04-05 03:28:52.494 +07:00 [INF] HTTP GET /images/tours/dl5.jpg responded 404 in 0.4481 ms
2026-04-05 03:28:52.497 +07:00 [INF] HTTP GET /images/tours/sp1.jpg responded 304 in 0.5749 ms
2026-04-05 03:28:52.501 +07:00 [INF] HTTP GET /images/tours/sp2.jpg responded 404 in 0.4552 ms
2026-04-05 03:28:52.505 +07:00 [INF] HTTP GET /images/tours/sp3.jpg responded 404 in 0.5085 ms
2026-04-05 03:28:52.510 +07:00 [INF] HTTP GET /images/tours/sp4.jpg responded 404 in 0.4864 ms
2026-04-05 03:28:52.514 +07:00 [INF] HTTP GET /images/tours/sp5.jpg responded 404 in 0.9366 ms
2026-04-05 03:28:52.518 +07:00 [INF] HTTP GET /images/tours/qn1.jpg responded 304 in 0.6350 ms
2026-04-05 03:28:52.525 +07:00 [INF] HTTP GET /images/tours/qn2.jpg responded 404 in 0.5791 ms
2026-04-05 03:28:52.534 +07:00 [INF] HTTP GET /images/tours/qn3.jpg responded 404 in 0.6047 ms
2026-04-05 03:28:52.545 +07:00 [INF] HTTP GET /images/tours/qn4.jpg responded 404 in 0.6339 ms
2026-04-05 03:28:52.551 +07:00 [INF] HTTP GET /images/tours/nb1.jpg responded 304 in 0.6344 ms
2026-04-05 03:28:52.549 +07:00 [INF] HTTP GET /images/tours/qn5.jpg responded 404 in 0.6838 ms
2026-04-05 03:28:52.560 +07:00 [INF] HTTP GET /images/tours/nb2.jpg responded 404 in 0.5418 ms
2026-04-05 03:28:52.563 +07:00 [INF] HTTP GET /images/tours/nb3.jpg responded 404 in 0.5112 ms
2026-04-05 03:28:52.571 +07:00 [INF] HTTP GET /images/tours/nb4.jpg responded 404 in 0.5525 ms
2026-04-05 03:28:52.574 +07:00 [INF] HTTP GET /images/tours/nb5.jpg responded 404 in 0.4845 ms
2026-04-05 03:28:52.579 +07:00 [INF] HTTP GET /images/tours/hue1.jpg responded 404 in 0.5170 ms
2026-04-05 03:28:52.601 +07:00 [INF] HTTP GET /images/tours/ha1.jpg responded 404 in 0.6353 ms
2026-04-05 03:28:52.582 +07:00 [INF] HTTP GET /images/tours/hue2.jpg responded 404 in 0.5005 ms
2026-04-05 03:28:52.588 +07:00 [INF] HTTP GET /images/tours/hue3.jpg responded 404 in 0.5333 ms
2026-04-05 03:28:52.592 +07:00 [INF] HTTP GET /images/tours/hue4.jpg responded 404 in 0.6386 ms
2026-04-05 03:28:52.597 +07:00 [INF] HTTP GET /images/tours/hue5.jpg responded 404 in 1.2012 ms
2026-04-05 03:28:52.604 +07:00 [INF] HTTP GET /images/tours/ha2.jpg responded 404 in 0.5807 ms
2026-04-05 03:28:52.608 +07:00 [INF] HTTP GET /images/tours/ha3.jpg responded 404 in 0.6084 ms
2026-04-05 03:28:52.612 +07:00 [INF] HTTP GET /images/tours/ha4.jpg responded 404 in 0.6624 ms
2026-04-05 03:28:52.618 +07:00 [INF] HTTP GET /images/tours/ha5.jpg responded 404 in 0.8178 ms
2026-04-05 03:28:52.621 +07:00 [INF] HTTP GET /images/tours/nt1.jpg responded 304 in 0.7329 ms
2026-04-05 03:28:52.625 +07:00 [INF] HTTP GET /images/tours/nt2.jpg responded 404 in 0.8417 ms
2026-04-05 03:28:52.630 +07:00 [INF] HTTP GET /images/tours/nt3.jpg responded 404 in 0.9434 ms
2026-04-05 03:28:52.636 +07:00 [INF] HTTP GET /images/tours/nt4.jpg responded 404 in 0.8031 ms
2026-04-05 03:28:52.656 +07:00 [INF] HTTP GET /images/tours/mn4.jpg responded 404 in 0.6767 ms
2026-04-05 03:28:52.645 +07:00 [INF] HTTP GET /images/tours/mn1.jpg responded 304 in 0.7294 ms
2026-04-05 03:28:52.648 +07:00 [INF] HTTP GET /images/tours/mn2.jpg responded 404 in 0.5769 ms
2026-04-05 03:28:52.652 +07:00 [INF] HTTP GET /images/tours/mn3.jpg responded 404 in 0.5484 ms
2026-04-05 03:28:52.639 +07:00 [INF] HTTP GET /images/tours/nt5.jpg responded 404 in 0.6029 ms
2026-04-05 03:28:52.661 +07:00 [INF] HTTP GET /images/tours/mn5.jpg responded 404 in 0.5878 ms
2026-04-05 03:28:52.668 +07:00 [INF] HTTP GET /images/tours/hcm1.jpg responded 404 in 0.6077 ms
2026-04-05 03:28:52.670 +07:00 [INF] HTTP GET /images/tours/hcm2.jpg responded 404 in 0.5689 ms
2026-04-05 03:28:52.673 +07:00 [INF] HTTP GET /images/tours/hcm3.jpg responded 404 in 0.5484 ms
2026-04-05 03:28:52.680 +07:00 [INF] HTTP GET /images/tours/hcm4.jpg responded 404 in 1.0502 ms
2026-04-05 03:28:52.682 +07:00 [INF] HTTP GET /images/tours/hcm5.jpg responded 404 in 0.5835 ms
2026-04-05 03:28:52.693 +07:00 [INF] HTTP GET /images/tours/vt1.jpg responded 404 in 0.8734 ms
2026-04-05 03:28:52.717 +07:00 [INF] HTTP GET /images/tours/vt3.jpg responded 404 in 0.7293 ms
2026-04-05 03:28:52.717 +07:00 [INF] HTTP GET /images/tours/vt2.jpg responded 404 in 8.5400 ms
2026-04-05 03:28:52.729 +07:00 [INF] HTTP GET /images/tours/vt4.jpg responded 404 in 0.9282 ms
2026-04-05 03:28:52.741 +07:00 [INF] HTTP GET /images/tours/vt5.jpg responded 404 in 0.7090 ms
2026-04-05 03:28:52.754 +07:00 [INF] HTTP GET /images/tours/ct1.jpg responded 404 in 0.7111 ms
2026-04-05 03:28:52.766 +07:00 [INF] HTTP GET /images/tours/ct2.jpg responded 404 in 0.7797 ms
2026-04-05 03:28:52.770 +07:00 [INF] HTTP GET /images/tours/ct3.jpg responded 404 in 0.9830 ms
2026-04-05 03:28:52.774 +07:00 [INF] HTTP GET /images/tours/ct4.jpg responded 404 in 0.5724 ms
2026-04-05 03:28:52.780 +07:00 [INF] HTTP GET /images/tours/ct5.jpg responded 404 in 1.0386 ms
2026-04-05 03:28:52.784 +07:00 [INF] HTTP GET /images/tours/ag1.jpg responded 404 in 0.6297 ms
2026-04-05 03:28:52.793 +07:00 [INF] HTTP GET /images/tours/ag2.jpg responded 404 in 0.6484 ms
2026-04-05 03:28:52.801 +07:00 [INF] HTTP GET /images/tours/ag3.jpg responded 404 in 0.7180 ms
2026-04-05 03:28:52.810 +07:00 [INF] HTTP GET /images/tours/ag4.jpg responded 404 in 0.6182 ms
2026-04-05 03:28:52.816 +07:00 [INF] HTTP GET /images/tours/ag5.jpg responded 404 in 0.6234 ms
2026-04-05 03:28:52.839 +07:00 [INF] HTTP GET /images/tours/ht5.jpg responded 404 in 0.5975 ms
2026-04-05 03:28:52.825 +07:00 [INF] HTTP GET /images/tours/ht2.jpg responded 404 in 0.6027 ms
2026-04-05 03:28:52.830 +07:00 [INF] HTTP GET /images/tours/ht3.jpg responded 404 in 0.6504 ms
2026-04-05 03:28:52.835 +07:00 [INF] HTTP GET /images/tours/ht4.jpg responded 404 in 1.0672 ms
2026-04-05 03:28:52.821 +07:00 [INF] HTTP GET /images/tours/ht1.jpg responded 404 in 0.7499 ms
2026-04-05 03:28:53.616 +07:00 [INF] HTTP GET /Admin/Tour/Schedules/76 responded 200 in 13.7673 ms
2026-04-05 03:28:53.634 +07:00 [INF] HTTP GET /css/site.css responded 200 in 1.9811 ms
2026-04-05 03:28:53.638 +07:00 [INF] HTTP GET /lib/jquery/dist/jquery.min.js responded 200 in 4.0547 ms
2026-04-05 03:28:53.639 +07:00 [INF] HTTP GET /lib/bootstrap/dist/css/bootstrap.min.css responded 200 in 7.6379 ms
2026-04-05 03:28:53.640 +07:00 [INF] HTTP GET /lib/bootstrap/dist/js/bootstrap.bundle.min.js responded 200 in 5.5822 ms
2026-04-05 03:28:53.640 +07:00 [INF] HTTP GET /js/site.js responded 200 in 4.6657 ms
2026-04-05 03:29:07.930 +07:00 [INF] HTTP GET /Admin/Tour responded 200 in 29.7428 ms
2026-04-05 03:29:07.969 +07:00 [INF] HTTP GET /images/tours/tl1.jpg responded 404 in 0.7210 ms
2026-04-05 03:29:07.971 +07:00 [INF] HTTP GET /images/tours/tl3.jpg responded 404 in 0.7958 ms
2026-04-05 03:29:07.981 +07:00 [INF] HTTP GET /css/site.css responded 200 in 12.6224 ms
2026-04-05 03:29:07.981 +07:00 [INF] HTTP GET /images/tours/tl4.jpg responded 404 in 2.9441 ms
2026-04-05 03:29:07.981 +07:00 [INF] HTTP GET /images/tours/tl2.jpg responded 404 in 2.7533 ms
2026-04-05 03:29:07.983 +07:00 [INF] HTTP GET /lib/bootstrap/dist/css/bootstrap.min.css responded 200 in 21.9007 ms
2026-04-05 03:29:08.009 +07:00 [INF] HTTP GET /images/tours/tl5.jpg responded 404 in 0.9014 ms
2026-04-05 03:29:08.057 +07:00 [INF] HTTP GET /js/site.js responded 200 in 11.6579 ms
2026-04-05 03:29:08.099 +07:00 [INF] HTTP GET /lib/jquery/dist/jquery.min.js responded 200 in 6.3730 ms
2026-04-05 03:29:08.130 +07:00 [INF] HTTP GET /images/tours/jp3.jpg responded 404 in 1.0782 ms
2026-04-05 03:29:08.176 +07:00 [INF] HTTP GET /images/tours/jp4.jpg responded 404 in 0.6190 ms
2026-04-05 03:29:08.178 +07:00 [INF] HTTP GET /lib/bootstrap/dist/js/bootstrap.bundle.min.js responded 200 in 19.1511 ms
2026-04-05 03:29:08.185 +07:00 [INF] HTTP GET /images/tours/jp5.jpg responded 404 in 0.5636 ms
2026-04-05 03:29:08.202 +07:00 [INF] HTTP GET /images/tours/jp1.jpg responded 404 in 0.6771 ms
2026-04-05 03:29:08.223 +07:00 [INF] HTTP GET /images/tours/jp2.jpg responded 404 in 1.9772 ms
2026-04-05 03:29:08.235 +07:00 [INF] HTTP GET /images/tours/kr2.jpg responded 404 in 0.6190 ms
2026-04-05 03:29:08.248 +07:00 [INF] HTTP GET /images/tours/kr1.jpg responded 404 in 0.5937 ms
2026-04-05 03:29:08.249 +07:00 [INF] HTTP GET /images/tours/kr3.jpg responded 404 in 0.4838 ms
2026-04-05 03:29:08.267 +07:00 [INF] HTTP GET /images/tours/kr4.jpg responded 404 in 0.8330 ms
2026-04-05 03:29:08.272 +07:00 [INF] HTTP GET /images/tours/kr5.jpg responded 404 in 0.5699 ms
2026-04-05 03:29:08.280 +07:00 [INF] HTTP GET /images/tours/sg1.jpg responded 404 in 1.9573 ms
2026-04-05 03:29:08.292 +07:00 [INF] HTTP GET /images/tours/sg2.jpg responded 404 in 0.5460 ms
2026-04-05 03:29:08.298 +07:00 [INF] HTTP GET /images/tours/sg3.jpg responded 404 in 0.8442 ms
2026-04-05 03:29:08.315 +07:00 [INF] HTTP GET /images/tours/sg4.jpg responded 404 in 3.5234 ms
2026-04-05 03:29:08.336 +07:00 [INF] HTTP GET /images/tours/sg5.jpg responded 404 in 4.5737 ms
2026-04-05 03:29:08.343 +07:00 [INF] HTTP GET /images/tours/fr1.jpg responded 404 in 0.5639 ms
2026-04-05 03:29:08.354 +07:00 [INF] HTTP GET /images/tours/fr2.jpg responded 404 in 2.0680 ms
2026-04-05 03:29:08.362 +07:00 [INF] HTTP GET /images/tours/fr3.jpg responded 404 in 0.5760 ms
2026-04-05 03:29:08.369 +07:00 [INF] HTTP GET /images/tours/fr4.jpg responded 404 in 0.5425 ms
2026-04-05 03:29:08.389 +07:00 [INF] HTTP GET /images/tours/fr5.jpg responded 404 in 0.9975 ms
2026-04-05 03:29:08.390 +07:00 [INF] HTTP GET /images/tours/pq1.jpg responded 304 in 0.7101 ms
2026-04-05 03:29:08.400 +07:00 [INF] HTTP GET /images/tours/pq2.jpg responded 404 in 0.5834 ms
2026-04-05 03:29:08.412 +07:00 [INF] HTTP GET /images/tours/pq3.jpg responded 404 in 1.3688 ms
2026-04-05 03:29:08.427 +07:00 [INF] HTTP GET /images/tours/pq4.jpg responded 404 in 0.5368 ms
2026-04-05 03:29:08.437 +07:00 [INF] HTTP GET /images/tours/pq5.jpg responded 404 in 0.5817 ms
2026-04-05 03:29:08.453 +07:00 [INF] HTTP GET /images/tours/dn1.jpg responded 304 in 0.7640 ms
2026-04-05 03:29:08.467 +07:00 [INF] HTTP GET /images/tours/dn2.jpg responded 404 in 0.6028 ms
2026-04-05 03:29:08.474 +07:00 [INF] HTTP GET /images/tours/dn3.jpg responded 404 in 0.5955 ms
2026-04-05 03:29:08.497 +07:00 [INF] HTTP GET /images/tours/dn4.jpg responded 404 in 0.5695 ms
2026-04-05 03:29:08.500 +07:00 [INF] HTTP GET /images/tours/dn5.jpg responded 404 in 0.5682 ms
2026-04-05 03:29:08.566 +07:00 [INF] HTTP GET /images/tours/dl2.jpg responded 404 in 0.6724 ms
2026-04-05 03:29:08.568 +07:00 [INF] HTTP GET /images/tours/dl1.jpg responded 304 in 24.9996 ms
2026-04-05 03:29:09.219 +07:00 [INF] HTTP GET /images/tours/dl3.jpg responded 404 in 0.6067 ms
2026-04-05 03:29:09.222 +07:00 [INF] HTTP GET /images/tours/dl4.jpg responded 404 in 0.4957 ms
2026-04-05 03:29:09.230 +07:00 [INF] HTTP GET /images/tours/dl5.jpg responded 404 in 0.6173 ms
2026-04-05 03:29:09.252 +07:00 [INF] HTTP GET /images/tours/sp1.jpg responded 304 in 8.9901 ms
2026-04-05 03:29:09.266 +07:00 [INF] HTTP GET /images/tours/sp2.jpg responded 404 in 0.5641 ms
2026-04-05 03:29:09.286 +07:00 [INF] HTTP GET /images/tours/sp3.jpg responded 404 in 0.6306 ms
2026-04-05 03:29:09.307 +07:00 [INF] HTTP GET /images/tours/sp5.jpg responded 404 in 0.5528 ms
2026-04-05 03:29:09.309 +07:00 [INF] HTTP GET /images/tours/sp4.jpg responded 404 in 5.3342 ms
2026-04-05 03:29:09.322 +07:00 [INF] HTTP GET /images/tours/qn1.jpg responded 304 in 0.7277 ms
2026-04-05 03:29:09.328 +07:00 [INF] HTTP GET /images/tours/qn2.jpg responded 404 in 2.5912 ms
2026-04-05 03:29:09.346 +07:00 [INF] HTTP GET /images/tours/qn3.jpg responded 404 in 0.8290 ms
2026-04-05 03:29:09.354 +07:00 [INF] HTTP GET /images/tours/qn4.jpg responded 404 in 0.5443 ms
2026-04-05 03:29:09.363 +07:00 [INF] HTTP GET /images/tours/qn5.jpg responded 404 in 1.2514 ms
2026-04-05 03:29:09.374 +07:00 [INF] HTTP GET /images/tours/nb1.jpg responded 304 in 2.3596 ms
2026-04-05 03:29:09.378 +07:00 [INF] HTTP GET /images/tours/nb2.jpg responded 404 in 0.8416 ms
2026-04-05 03:29:09.383 +07:00 [INF] HTTP GET /images/tours/nb3.jpg responded 404 in 0.5224 ms
2026-04-05 03:29:09.391 +07:00 [INF] HTTP GET /images/tours/nb4.jpg responded 404 in 5.0608 ms
2026-04-05 03:29:09.398 +07:00 [INF] HTTP GET /images/tours/nb5.jpg responded 404 in 0.5644 ms
2026-04-05 03:29:09.409 +07:00 [INF] HTTP GET /images/tours/hue1.jpg responded 404 in 2.9587 ms
2026-04-05 03:29:09.418 +07:00 [INF] HTTP GET /images/tours/hue2.jpg responded 404 in 0.5433 ms
2026-04-05 03:29:09.423 +07:00 [INF] HTTP GET /images/tours/hue3.jpg responded 404 in 0.5737 ms
2026-04-05 03:29:09.431 +07:00 [INF] HTTP GET /images/tours/hue4.jpg responded 404 in 0.9322 ms
2026-04-05 03:29:09.439 +07:00 [INF] HTTP GET /images/tours/hue5.jpg responded 404 in 0.5609 ms
2026-04-05 03:29:09.443 +07:00 [INF] HTTP GET /images/tours/ha1.jpg responded 404 in 0.4907 ms
2026-04-05 03:29:09.453 +07:00 [INF] HTTP GET /images/tours/ha2.jpg responded 404 in 0.7871 ms
2026-04-05 03:29:09.457 +07:00 [INF] HTTP GET /images/tours/ha3.jpg responded 404 in 0.6375 ms
2026-04-05 03:29:09.461 +07:00 [INF] HTTP GET /images/tours/ha4.jpg responded 404 in 0.5681 ms
2026-04-05 03:29:09.467 +07:00 [INF] HTTP GET /images/tours/ha5.jpg responded 404 in 0.5337 ms
2026-04-05 03:29:09.472 +07:00 [INF] HTTP GET /images/tours/nt1.jpg responded 304 in 0.8408 ms
2026-04-05 03:29:09.479 +07:00 [INF] HTTP GET /images/tours/nt2.jpg responded 404 in 0.6734 ms
2026-04-05 03:29:09.488 +07:00 [INF] HTTP GET /images/tours/nt3.jpg responded 404 in 0.7851 ms
2026-04-05 03:29:09.495 +07:00 [INF] HTTP GET /images/tours/nt4.jpg responded 404 in 0.8998 ms
2026-04-05 03:29:09.502 +07:00 [INF] HTTP GET /images/tours/nt5.jpg responded 404 in 0.5231 ms
2026-04-05 03:29:09.508 +07:00 [INF] HTTP GET /images/tours/mn1.jpg responded 304 in 0.7415 ms
2026-04-05 03:29:09.516 +07:00 [INF] HTTP GET /images/tours/mn2.jpg responded 404 in 0.6657 ms
2026-04-05 03:29:09.530 +07:00 [INF] HTTP GET /images/tours/mn3.jpg responded 404 in 0.7285 ms
2026-04-05 03:29:09.541 +07:00 [INF] HTTP GET /images/tours/mn4.jpg responded 404 in 0.6233 ms
2026-04-05 03:29:09.551 +07:00 [INF] HTTP GET /images/tours/mn5.jpg responded 404 in 1.6544 ms
2026-04-05 03:29:09.558 +07:00 [INF] HTTP GET /images/tours/hcm1.jpg responded 404 in 0.6950 ms
2026-04-05 03:29:09.562 +07:00 [INF] HTTP GET /images/tours/hcm2.jpg responded 404 in 0.5391 ms
2026-04-05 03:29:09.569 +07:00 [INF] HTTP GET /images/tours/hcm3.jpg responded 404 in 1.2991 ms
2026-04-05 03:29:09.582 +07:00 [INF] HTTP GET /images/tours/hcm4.jpg responded 404 in 0.5579 ms
2026-04-05 03:29:09.586 +07:00 [INF] HTTP GET /images/tours/hcm5.jpg responded 404 in 0.5755 ms
2026-04-05 03:29:09.599 +07:00 [INF] HTTP GET /images/tours/vt1.jpg responded 404 in 1.1932 ms
2026-04-05 03:29:09.600 +07:00 [INF] HTTP GET /images/tours/vt2.jpg responded 404 in 0.4990 ms
2026-04-05 03:29:09.622 +07:00 [INF] HTTP GET /images/tours/vt3.jpg responded 404 in 1.1438 ms
2026-04-05 03:29:09.631 +07:00 [INF] HTTP GET /images/tours/vt4.jpg responded 404 in 1.5300 ms
2026-04-05 03:29:09.648 +07:00 [INF] HTTP GET /images/tours/vt5.jpg responded 404 in 0.9447 ms
2026-04-05 03:29:09.664 +07:00 [INF] HTTP GET /images/tours/ct1.jpg responded 404 in 0.9936 ms
2026-04-05 03:29:09.673 +07:00 [INF] HTTP GET /images/tours/ct2.jpg responded 404 in 0.7558 ms
2026-04-05 03:29:09.679 +07:00 [INF] HTTP GET /images/tours/ct3.jpg responded 404 in 1.2701 ms
2026-04-05 03:29:09.687 +07:00 [INF] HTTP GET /images/tours/ct4.jpg responded 404 in 0.7562 ms
2026-04-05 03:29:09.694 +07:00 [INF] HTTP GET /images/tours/ct5.jpg responded 404 in 0.9303 ms
2026-04-05 03:29:09.701 +07:00 [INF] HTTP GET /images/tours/ag1.jpg responded 404 in 0.8104 ms
2026-04-05 03:29:09.710 +07:00 [INF] HTTP GET /images/tours/ag2.jpg responded 404 in 1.1713 ms
2026-04-05 03:29:09.723 +07:00 [INF] HTTP GET /images/tours/ag3.jpg responded 404 in 0.8731 ms
2026-04-05 03:29:09.727 +07:00 [INF] HTTP GET /images/tours/ag4.jpg responded 404 in 0.5562 ms
2026-04-05 03:29:09.734 +07:00 [INF] HTTP GET /images/tours/ag5.jpg responded 404 in 1.4342 ms
2026-04-05 03:29:09.745 +07:00 [INF] HTTP GET /images/tours/ht1.jpg responded 404 in 0.5644 ms
2026-04-05 03:29:09.748 +07:00 [INF] HTTP GET /images/tours/ht2.jpg responded 404 in 0.5683 ms
2026-04-05 03:29:09.756 +07:00 [INF] HTTP GET /images/tours/ht3.jpg responded 404 in 0.5306 ms
2026-04-05 03:29:09.765 +07:00 [INF] HTTP GET /images/tours/ht4.jpg responded 404 in 6.3667 ms
2026-04-05 03:29:09.772 +07:00 [INF] HTTP GET /images/tours/ht5.jpg responded 404 in 0.5372 ms
2026-04-05 03:29:16.061 +07:00 [INF] HTTP GET /images/tours/tl1.jpg responded 404 in 0.4904 ms
2026-04-05 03:29:16.061 +07:00 [INF] HTTP GET /css/site.css responded 200 in 1.7409 ms
2026-04-05 03:29:16.074 +07:00 [INF] HTTP GET /Admin/Tour responded 200 in 356.9135 ms
2026-04-05 03:29:16.075 +07:00 [INF] HTTP GET /images/tours/tl2.jpg responded 404 in 0.6817 ms
2026-04-05 03:29:16.084 +07:00 [INF] HTTP GET /images/tours/tl3.jpg responded 404 in 0.5499 ms
2026-04-05 03:29:16.088 +07:00 [INF] HTTP GET /lib/bootstrap/dist/css/bootstrap.min.css responded 200 in 41.9783 ms
2026-04-05 03:29:16.205 +07:00 [INF] HTTP GET /lib/jquery/dist/jquery.min.js responded 200 in 20.7393 ms
2026-04-05 03:29:16.210 +07:00 [INF] HTTP GET /images/tours/tl4.jpg responded 404 in 2.7314 ms
2026-04-05 03:29:16.228 +07:00 [INF] HTTP GET /lib/bootstrap/dist/js/bootstrap.bundle.min.js responded 200 in 2.5479 ms
2026-04-05 03:29:16.258 +07:00 [INF] HTTP GET /images/tours/jp2.jpg responded 404 in 0.5721 ms
2026-04-05 03:29:16.263 +07:00 [INF] HTTP GET /images/tours/jp3.jpg responded 404 in 0.5589 ms
2026-04-05 03:29:16.267 +07:00 [INF] HTTP GET /images/tours/tl5.jpg responded 404 in 0.5810 ms
2026-04-05 03:29:16.271 +07:00 [INF] HTTP GET /images/tours/jp1.jpg responded 404 in 0.5279 ms
2026-04-05 03:29:16.287 +07:00 [INF] HTTP GET /images/tours/jp4.jpg responded 404 in 0.5563 ms
2026-04-05 03:29:16.291 +07:00 [INF] HTTP GET /js/site.js responded 200 in 1.5064 ms
2026-04-05 03:29:16.297 +07:00 [INF] HTTP GET /images/tours/kr1.jpg responded 404 in 0.5466 ms
2026-04-05 03:29:16.303 +07:00 [INF] HTTP GET /images/tours/kr2.jpg responded 404 in 1.1105 ms
2026-04-05 03:29:16.318 +07:00 [INF] HTTP GET /images/tours/kr3.jpg responded 404 in 0.5786 ms
2026-04-05 03:29:16.324 +07:00 [INF] HTTP GET /images/tours/kr4.jpg responded 404 in 0.6360 ms
2026-04-05 03:29:16.335 +07:00 [INF] HTTP GET /images/tours/kr5.jpg responded 404 in 0.6074 ms
2026-04-05 03:29:16.341 +07:00 [INF] HTTP GET /images/tours/jp5.jpg responded 404 in 2.1791 ms
2026-04-05 03:29:16.355 +07:00 [INF] HTTP GET /images/tours/sg1.jpg responded 404 in 1.4281 ms
2026-04-05 03:29:16.359 +07:00 [INF] HTTP GET /images/tours/sg2.jpg responded 404 in 0.5906 ms
2026-04-05 03:29:16.368 +07:00 [INF] HTTP GET /images/tours/sg3.jpg responded 404 in 1.0850 ms
2026-04-05 03:29:16.379 +07:00 [INF] HTTP GET /images/tours/sg4.jpg responded 404 in 0.5459 ms
2026-04-05 03:29:16.384 +07:00 [INF] HTTP GET /images/tours/sg5.jpg responded 404 in 0.7747 ms
2026-04-05 03:29:16.389 +07:00 [INF] HTTP GET /images/tours/fr1.jpg responded 404 in 0.6227 ms
2026-04-05 03:29:16.396 +07:00 [INF] HTTP GET /images/tours/fr2.jpg responded 404 in 0.7192 ms
2026-04-05 03:29:16.401 +07:00 [INF] HTTP GET /images/tours/fr3.jpg responded 404 in 0.5469 ms
2026-04-05 03:29:16.417 +07:00 [INF] HTTP GET /images/tours/fr4.jpg responded 404 in 0.6321 ms
2026-04-05 03:29:16.421 +07:00 [INF] HTTP GET /images/tours/fr5.jpg responded 404 in 0.5574 ms
2026-04-05 03:29:16.426 +07:00 [INF] HTTP GET /images/tours/pq1.jpg responded 304 in 0.7026 ms
2026-04-05 03:29:16.437 +07:00 [INF] HTTP GET /images/tours/pq2.jpg responded 404 in 0.6015 ms
2026-04-05 03:29:16.446 +07:00 [INF] HTTP GET /images/tours/pq3.jpg responded 404 in 0.6268 ms
2026-04-05 03:29:16.448 +07:00 [INF] HTTP GET /images/tours/pq4.jpg responded 404 in 0.5257 ms
2026-04-05 03:29:16.457 +07:00 [INF] HTTP GET /images/tours/pq5.jpg responded 404 in 0.5585 ms
2026-04-05 03:29:16.468 +07:00 [INF] HTTP GET /images/tours/dn1.jpg responded 304 in 4.2666 ms
2026-04-05 03:29:16.474 +07:00 [INF] HTTP GET /images/tours/dn2.jpg responded 404 in 0.7423 ms
2026-04-05 03:29:16.478 +07:00 [INF] HTTP GET /images/tours/dn3.jpg responded 404 in 0.5121 ms
2026-04-05 03:29:16.485 +07:00 [INF] HTTP GET /images/tours/dn4.jpg responded 404 in 2.4283 ms
2026-04-05 03:29:16.494 +07:00 [INF] HTTP GET /images/tours/dn5.jpg responded 404 in 0.6210 ms
2026-04-05 03:29:16.506 +07:00 [INF] HTTP GET /images/tours/dl1.jpg responded 304 in 1.4970 ms
2026-04-05 03:29:16.508 +07:00 [INF] HTTP GET /images/tours/dl2.jpg responded 404 in 0.6281 ms
2026-04-05 03:29:16.515 +07:00 [INF] HTTP GET /images/tours/dl3.jpg responded 404 in 0.6665 ms
2026-04-05 03:29:16.524 +07:00 [INF] HTTP GET /images/tours/dl4.jpg responded 404 in 0.5858 ms
2026-04-05 03:29:16.528 +07:00 [INF] HTTP GET /images/tours/dl5.jpg responded 404 in 0.5218 ms
2026-04-05 03:29:16.538 +07:00 [INF] HTTP GET /images/tours/sp1.jpg responded 304 in 0.6849 ms
2026-04-05 03:29:16.543 +07:00 [INF] HTTP GET /images/tours/sp2.jpg responded 404 in 1.0516 ms
2026-04-05 03:29:16.552 +07:00 [INF] HTTP GET /images/tours/sp3.jpg responded 404 in 0.7123 ms
2026-04-05 03:29:16.563 +07:00 [INF] HTTP GET /images/tours/sp4.jpg responded 404 in 5.6078 ms
2026-04-05 03:29:16.575 +07:00 [INF] HTTP GET /images/tours/sp5.jpg responded 404 in 0.5942 ms
2026-04-05 03:29:16.593 +07:00 [INF] HTTP GET /images/tours/qn1.jpg responded 304 in 0.8663 ms
2026-04-05 03:29:16.620 +07:00 [INF] HTTP GET /images/tours/qn2.jpg responded 404 in 2.4411 ms
2026-04-05 03:29:16.644 +07:00 [INF] HTTP GET /images/tours/qn3.jpg responded 404 in 0.5614 ms
2026-04-05 03:29:16.662 +07:00 [INF] HTTP GET /images/tours/qn4.jpg responded 404 in 1.4178 ms
2026-04-05 03:29:16.722 +07:00 [INF] HTTP GET /images/tours/qn5.jpg responded 404 in 1.7878 ms
2026-04-05 03:29:16.798 +07:00 [INF] HTTP GET /images/tours/nb1.jpg responded 304 in 0.7050 ms
2026-04-05 03:29:16.803 +07:00 [INF] HTTP GET /images/tours/nb2.jpg responded 404 in 0.5421 ms
2026-04-05 03:29:16.811 +07:00 [INF] HTTP GET /images/tours/nb3.jpg responded 404 in 0.5464 ms
2026-04-05 03:29:16.817 +07:00 [INF] HTTP GET /images/tours/nb4.jpg responded 404 in 0.5117 ms
2026-04-05 03:29:16.822 +07:00 [INF] HTTP GET /images/tours/nb5.jpg responded 404 in 0.6535 ms
2026-04-05 03:29:16.826 +07:00 [INF] HTTP GET /images/tours/hue1.jpg responded 404 in 0.7008 ms
2026-04-05 03:29:16.832 +07:00 [INF] HTTP GET /images/tours/hue2.jpg responded 404 in 0.5836 ms
2026-04-05 03:29:16.838 +07:00 [INF] HTTP GET /images/tours/hue3.jpg responded 404 in 0.6390 ms
2026-04-05 03:29:16.850 +07:00 [INF] HTTP GET /images/tours/hue4.jpg responded 404 in 0.7368 ms
2026-04-05 03:29:16.857 +07:00 [INF] HTTP GET /images/tours/hue5.jpg responded 404 in 0.5847 ms
2026-04-05 03:29:16.865 +07:00 [INF] HTTP GET /images/tours/ha1.jpg responded 404 in 0.6619 ms
2026-04-05 03:29:16.872 +07:00 [INF] HTTP GET /images/tours/ha2.jpg responded 404 in 0.5607 ms
2026-04-05 03:29:16.878 +07:00 [INF] HTTP GET /images/tours/ha3.jpg responded 404 in 0.6145 ms
2026-04-05 03:29:16.886 +07:00 [INF] HTTP GET /images/tours/ha4.jpg responded 404 in 0.5459 ms
2026-04-05 03:29:16.893 +07:00 [INF] HTTP GET /images/tours/ha5.jpg responded 404 in 0.7691 ms
2026-04-05 03:29:16.900 +07:00 [INF] HTTP GET /images/tours/nt1.jpg responded 304 in 1.0302 ms
2026-04-05 03:29:16.908 +07:00 [INF] HTTP GET /images/tours/nt2.jpg responded 404 in 0.5181 ms
2026-04-05 03:29:16.911 +07:00 [INF] HTTP GET /images/tours/nt3.jpg responded 404 in 0.4754 ms
2026-04-05 03:29:16.915 +07:00 [INF] HTTP GET /images/tours/nt4.jpg responded 404 in 0.4808 ms
2026-04-05 03:29:16.921 +07:00 [INF] HTTP GET /images/tours/nt5.jpg responded 404 in 0.5781 ms
2026-04-05 03:29:16.928 +07:00 [INF] HTTP GET /images/tours/mn1.jpg responded 304 in 0.9320 ms
2026-04-05 03:29:16.932 +07:00 [INF] HTTP GET /images/tours/mn2.jpg responded 404 in 0.5206 ms
2026-04-05 03:29:16.937 +07:00 [INF] HTTP GET /images/tours/mn3.jpg responded 404 in 0.7402 ms
2026-04-05 03:29:16.941 +07:00 [INF] HTTP GET /images/tours/mn4.jpg responded 404 in 0.4868 ms
2026-04-05 03:29:16.945 +07:00 [INF] HTTP GET /images/tours/mn5.jpg responded 404 in 0.7033 ms
2026-04-05 03:29:16.954 +07:00 [INF] HTTP GET /images/tours/hcm1.jpg responded 404 in 0.5944 ms
2026-04-05 03:29:16.960 +07:00 [INF] HTTP GET /images/tours/hcm2.jpg responded 404 in 0.6292 ms
2026-04-05 03:29:16.964 +07:00 [INF] HTTP GET /images/tours/hcm3.jpg responded 404 in 0.5299 ms
2026-04-05 03:29:16.969 +07:00 [INF] HTTP GET /images/tours/hcm4.jpg responded 404 in 0.5026 ms
2026-04-05 03:29:16.971 +07:00 [INF] HTTP GET /images/tours/hcm5.jpg responded 404 in 0.4629 ms
2026-04-05 03:29:16.975 +07:00 [INF] HTTP GET /images/tours/vt1.jpg responded 404 in 0.4634 ms
2026-04-05 03:29:16.982 +07:00 [INF] HTTP GET /images/tours/vt2.jpg responded 404 in 1.1295 ms
2026-04-05 03:29:16.987 +07:00 [INF] HTTP GET /images/tours/vt3.jpg responded 404 in 0.5106 ms
2026-04-05 03:29:16.990 +07:00 [INF] HTTP GET /images/tours/vt4.jpg responded 404 in 0.4966 ms
2026-04-05 03:29:16.994 +07:00 [INF] HTTP GET /images/tours/vt5.jpg responded 404 in 0.5158 ms
2026-04-05 03:29:17.002 +07:00 [INF] HTTP GET /images/tours/ct1.jpg responded 404 in 0.5337 ms
2026-04-05 03:29:17.005 +07:00 [INF] HTTP GET /images/tours/ct2.jpg responded 404 in 0.5297 ms
2026-04-05 03:29:17.014 +07:00 [INF] HTTP GET /images/tours/ct3.jpg responded 404 in 1.4568 ms
2026-04-05 03:29:17.022 +07:00 [INF] HTTP GET /images/tours/ct4.jpg responded 404 in 0.9145 ms
2026-04-05 03:29:17.026 +07:00 [INF] HTTP GET /images/tours/ct5.jpg responded 404 in 0.5046 ms
2026-04-05 03:29:17.031 +07:00 [INF] HTTP GET /images/tours/ag1.jpg responded 404 in 0.6601 ms
2026-04-05 03:29:17.037 +07:00 [INF] HTTP GET /images/tours/ag2.jpg responded 404 in 0.6669 ms
2026-04-05 03:29:17.045 +07:00 [INF] HTTP GET /images/tours/ag3.jpg responded 404 in 2.9843 ms
2026-04-05 03:29:17.046 +07:00 [INF] HTTP GET /images/tours/ag4.jpg responded 404 in 0.4794 ms
2026-04-05 03:29:17.052 +07:00 [INF] HTTP GET /images/tours/ag5.jpg responded 404 in 0.5216 ms
2026-04-05 03:29:17.057 +07:00 [INF] HTTP GET /images/tours/ht1.jpg responded 404 in 1.2572 ms
2026-04-05 03:29:17.064 +07:00 [INF] HTTP GET /images/tours/ht2.jpg responded 404 in 0.7686 ms
2026-04-05 03:29:17.068 +07:00 [INF] HTTP GET /images/tours/ht3.jpg responded 404 in 0.4922 ms
2026-04-05 03:29:17.071 +07:00 [INF] HTTP GET /images/tours/ht4.jpg responded 404 in 0.6845 ms
2026-04-05 03:29:17.077 +07:00 [INF] HTTP GET /images/tours/ht5.jpg responded 404 in 0.6108 ms
2026-04-05 03:29:17.146 +07:00 [INF] HTTP GET /favicon.ico responded 200 in 1.8466 ms
2026-04-05 03:29:18.814 +07:00 [INF] HTTP GET /css/site.css responded 200 in 4.0627 ms
2026-04-05 03:29:18.816 +07:00 [INF] HTTP GET /images/tours/tl1.jpg responded 404 in 0.6355 ms
2026-04-05 03:29:18.823 +07:00 [INF] HTTP GET /images/tours/tl3.jpg responded 404 in 0.4965 ms
2026-04-05 03:29:18.823 +07:00 [INF] HTTP GET /images/tours/tl2.jpg responded 404 in 0.5412 ms
2026-04-05 03:29:18.830 +07:00 [INF] HTTP GET /Admin/Tour responded 200 in 177.1572 ms
2026-04-05 03:29:18.835 +07:00 [INF] HTTP GET /lib/bootstrap/dist/css/bootstrap.min.css responded 200 in 27.0234 ms
2026-04-05 03:29:18.951 +07:00 [INF] HTTP GET /images/tours/tl4.jpg responded 404 in 4.4673 ms
2026-04-05 03:29:18.974 +07:00 [INF] HTTP GET /lib/jquery/dist/jquery.min.js responded 200 in 6.1247 ms
2026-04-05 03:29:19.051 +07:00 [INF] HTTP GET /lib/bootstrap/dist/js/bootstrap.bundle.min.js responded 200 in 2.8640 ms
2026-04-05 03:29:19.094 +07:00 [INF] HTTP GET /images/tours/jp2.jpg responded 404 in 1.0572 ms
2026-04-05 03:29:19.118 +07:00 [INF] HTTP GET /images/tours/jp3.jpg responded 404 in 0.9688 ms
2026-04-05 03:29:19.130 +07:00 [INF] HTTP GET /images/tours/tl5.jpg responded 404 in 0.6756 ms
2026-04-05 03:29:19.160 +07:00 [INF] HTTP GET /images/tours/jp4.jpg responded 404 in 1.0486 ms
2026-04-05 03:29:19.180 +07:00 [INF] HTTP GET /images/tours/jp1.jpg responded 404 in 3.3941 ms
2026-04-05 03:29:19.200 +07:00 [INF] HTTP GET /js/site.js responded 200 in 5.1950 ms
2026-04-05 03:29:19.231 +07:00 [INF] HTTP GET /images/tours/kr1.jpg responded 404 in 0.5657 ms
2026-04-05 03:29:19.238 +07:00 [INF] HTTP GET /images/tours/kr2.jpg responded 404 in 0.5948 ms
2026-04-05 03:29:19.252 +07:00 [INF] HTTP GET /images/tours/kr3.jpg responded 404 in 1.3566 ms
2026-04-05 03:29:19.268 +07:00 [INF] HTTP GET /images/tours/kr4.jpg responded 404 in 0.7772 ms
2026-04-05 03:29:19.283 +07:00 [INF] HTTP GET /images/tours/kr5.jpg responded 404 in 1.4923 ms
2026-04-05 03:29:19.289 +07:00 [INF] HTTP GET /images/tours/jp5.jpg responded 404 in 0.5349 ms
2026-04-05 03:29:19.299 +07:00 [INF] HTTP GET /images/tours/sg1.jpg responded 404 in 0.6060 ms
2026-04-05 03:29:19.305 +07:00 [INF] HTTP GET /images/tours/sg2.jpg responded 404 in 0.8538 ms
2026-04-05 03:29:19.320 +07:00 [INF] HTTP GET /images/tours/sg3.jpg responded 404 in 0.5840 ms
2026-04-05 03:29:19.323 +07:00 [INF] HTTP GET /images/tours/sg4.jpg responded 404 in 0.7062 ms
2026-04-05 03:29:19.332 +07:00 [INF] HTTP GET /images/tours/sg5.jpg responded 404 in 1.2979 ms
2026-04-05 03:29:19.337 +07:00 [INF] HTTP GET /images/tours/fr1.jpg responded 404 in 0.5519 ms
2026-04-05 03:29:19.340 +07:00 [INF] HTTP GET /images/tours/fr2.jpg responded 404 in 0.6790 ms
2026-04-05 03:29:19.347 +07:00 [INF] HTTP GET /images/tours/fr3.jpg responded 404 in 0.5460 ms
2026-04-05 03:29:19.352 +07:00 [INF] HTTP GET /images/tours/fr4.jpg responded 404 in 0.5503 ms
2026-04-05 03:29:19.362 +07:00 [INF] HTTP GET /images/tours/fr5.jpg responded 404 in 0.5475 ms
2026-04-05 03:29:19.391 +07:00 [INF] HTTP GET /images/tours/pq5.jpg responded 404 in 0.6350 ms
2026-04-05 03:29:19.371 +07:00 [INF] HTTP GET /images/tours/pq2.jpg responded 404 in 0.5732 ms
2026-04-05 03:29:19.377 +07:00 [INF] HTTP GET /images/tours/pq3.jpg responded 404 in 0.5028 ms
2026-04-05 03:29:19.382 +07:00 [INF] HTTP GET /images/tours/pq4.jpg responded 404 in 0.6504 ms
2026-04-05 03:29:19.365 +07:00 [INF] HTTP GET /images/tours/pq1.jpg responded 304 in 0.6365 ms
2026-04-05 03:29:19.394 +07:00 [INF] HTTP GET /images/tours/dn1.jpg responded 304 in 0.6188 ms
2026-04-05 03:29:19.401 +07:00 [INF] HTTP GET /images/tours/dn2.jpg responded 404 in 1.8484 ms
2026-04-05 03:29:19.408 +07:00 [INF] HTTP GET /images/tours/dn3.jpg responded 404 in 0.7872 ms
2026-04-05 03:29:19.418 +07:00 [INF] HTTP GET /images/tours/dn4.jpg responded 404 in 1.4512 ms
2026-04-05 03:29:19.424 +07:00 [INF] HTTP GET /images/tours/dn5.jpg responded 404 in 0.5226 ms
2026-04-05 03:29:19.428 +07:00 [INF] HTTP GET /images/tours/dl1.jpg responded 304 in 0.6654 ms
2026-04-05 03:29:19.434 +07:00 [INF] HTTP GET /images/tours/dl2.jpg responded 404 in 2.9907 ms
2026-04-05 03:29:19.441 +07:00 [INF] HTTP GET /images/tours/dl3.jpg responded 404 in 0.5784 ms
2026-04-05 03:29:19.443 +07:00 [INF] HTTP GET /images/tours/dl4.jpg responded 404 in 0.4657 ms
2026-04-05 03:29:19.450 +07:00 [INF] HTTP GET /images/tours/dl5.jpg responded 404 in 1.1759 ms
2026-04-05 03:29:19.465 +07:00 [INF] HTTP GET /images/tours/sp1.jpg responded 304 in 0.7621 ms
2026-04-05 03:29:19.472 +07:00 [INF] HTTP GET /images/tours/sp2.jpg responded 404 in 0.5373 ms
2026-04-05 03:29:19.477 +07:00 [INF] HTTP GET /images/tours/sp3.jpg responded 404 in 0.6094 ms
2026-04-05 03:29:19.482 +07:00 [INF] HTTP GET /images/tours/sp4.jpg responded 404 in 0.5540 ms
2026-04-05 03:29:19.485 +07:00 [INF] HTTP GET /images/tours/sp5.jpg responded 404 in 0.5061 ms
2026-04-05 03:29:19.491 +07:00 [INF] HTTP GET /images/tours/qn1.jpg responded 304 in 1.2833 ms
2026-04-05 03:29:19.499 +07:00 [INF] HTTP GET /images/tours/qn2.jpg responded 404 in 0.5452 ms
2026-04-05 03:29:19.504 +07:00 [INF] HTTP GET /images/tours/qn3.jpg responded 404 in 0.6885 ms
2026-04-05 03:29:19.509 +07:00 [INF] HTTP GET /images/tours/qn4.jpg responded 404 in 3.3323 ms
2026-04-05 03:29:19.520 +07:00 [INF] HTTP GET /images/tours/qn5.jpg responded 404 in 0.6234 ms
2026-04-05 03:29:19.527 +07:00 [INF] HTTP GET /images/tours/nb1.jpg responded 304 in 0.6858 ms
2026-04-05 03:29:19.532 +07:00 [INF] HTTP GET /images/tours/nb2.jpg responded 404 in 0.6349 ms
2026-04-05 03:29:19.535 +07:00 [INF] HTTP GET /images/tours/nb3.jpg responded 404 in 0.4814 ms
2026-04-05 03:29:19.544 +07:00 [INF] HTTP GET /images/tours/nt1.jpg responded 304 in 0.7496 ms
2026-04-05 03:29:19.548 +07:00 [INF] HTTP GET /images/tours/mn1.jpg responded 304 in 0.9463 ms
2026-04-05 03:29:19.585 +07:00 [INF] HTTP GET /images/tours/hue3.jpg responded 404 in 0.5733 ms
2026-04-05 03:29:19.555 +07:00 [INF] HTTP GET /images/tours/nb4.jpg responded 404 in 0.6247 ms
2026-04-05 03:29:19.563 +07:00 [INF] HTTP GET /images/tours/nb5.jpg responded 404 in 1.3214 ms
2026-04-05 03:29:19.568 +07:00 [INF] HTTP GET /images/tours/hue1.jpg responded 404 in 1.1608 ms
2026-04-05 03:29:19.578 +07:00 [INF] HTTP GET /images/tours/hue2.jpg responded 404 in 0.9736 ms
2026-04-05 03:29:19.590 +07:00 [INF] HTTP GET /images/tours/hue4.jpg responded 404 in 2.0411 ms
2026-04-05 03:29:19.598 +07:00 [INF] HTTP GET /images/tours/hue5.jpg responded 404 in 0.7034 ms
2026-04-05 03:29:19.605 +07:00 [INF] HTTP GET /images/tours/ha1.jpg responded 404 in 3.2892 ms
2026-04-05 03:29:19.609 +07:00 [INF] HTTP GET /images/tours/ha2.jpg responded 404 in 0.5371 ms
2026-04-05 03:29:19.614 +07:00 [INF] HTTP GET /images/tours/ha3.jpg responded 404 in 0.5233 ms
2026-04-05 03:29:19.622 +07:00 [INF] HTTP GET /images/tours/ha4.jpg responded 404 in 0.7423 ms
2026-04-05 03:29:19.632 +07:00 [INF] HTTP GET /images/tours/ha5.jpg responded 404 in 2.9451 ms
2026-04-05 03:29:19.635 +07:00 [INF] HTTP GET /images/tours/nt2.jpg responded 404 in 1.8395 ms
2026-04-05 03:29:19.642 +07:00 [INF] HTTP GET /images/tours/nt3.jpg responded 404 in 0.5234 ms
2026-04-05 03:29:19.646 +07:00 [INF] HTTP GET /images/tours/nt4.jpg responded 404 in 0.6373 ms
2026-04-05 03:29:19.652 +07:00 [INF] HTTP GET /images/tours/nt5.jpg responded 404 in 1.2594 ms
2026-04-05 03:29:19.657 +07:00 [INF] HTTP GET /images/tours/mn2.jpg responded 404 in 0.8161 ms
2026-04-05 03:29:19.663 +07:00 [INF] HTTP GET /images/tours/mn3.jpg responded 404 in 0.8579 ms
2026-04-05 03:29:19.668 +07:00 [INF] HTTP GET /images/tours/mn4.jpg responded 404 in 0.6124 ms
2026-04-05 03:29:19.677 +07:00 [INF] HTTP GET /images/tours/mn5.jpg responded 404 in 0.5807 ms
2026-04-05 03:29:19.680 +07:00 [INF] HTTP GET /images/tours/hcm1.jpg responded 404 in 0.6194 ms
2026-04-05 03:29:19.687 +07:00 [INF] HTTP GET /images/tours/hcm2.jpg responded 404 in 0.7672 ms
2026-04-05 03:29:19.698 +07:00 [INF] HTTP GET /images/tours/hcm3.jpg responded 404 in 0.5474 ms
2026-04-05 03:29:19.705 +07:00 [INF] HTTP GET /images/tours/hcm4.jpg responded 404 in 0.9707 ms
2026-04-05 03:29:19.716 +07:00 [INF] HTTP GET /images/tours/hcm5.jpg responded 404 in 1.7601 ms
2026-04-05 03:29:19.717 +07:00 [INF] HTTP GET /images/tours/vt1.jpg responded 404 in 0.7165 ms
2026-04-05 03:29:19.726 +07:00 [INF] HTTP GET /images/tours/vt2.jpg responded 404 in 0.5367 ms
2026-04-05 03:29:19.731 +07:00 [INF] HTTP GET /images/tours/vt3.jpg responded 404 in 0.5470 ms
2026-04-05 03:29:19.736 +07:00 [INF] HTTP GET /images/tours/vt4.jpg responded 404 in 0.8151 ms
2026-04-05 03:29:19.742 +07:00 [INF] HTTP GET /images/tours/vt5.jpg responded 404 in 0.7444 ms
2026-04-05 03:29:19.749 +07:00 [INF] HTTP GET /images/tours/ct1.jpg responded 404 in 0.7259 ms
2026-04-05 03:29:19.754 +07:00 [INF] HTTP GET /images/tours/ct2.jpg responded 404 in 0.5310 ms
2026-04-05 03:29:19.760 +07:00 [INF] HTTP GET /images/tours/ct3.jpg responded 404 in 0.5271 ms
2026-04-05 03:29:19.763 +07:00 [INF] HTTP GET /images/tours/ct4.jpg responded 404 in 0.4810 ms
2026-04-05 03:29:19.766 +07:00 [INF] HTTP GET /images/tours/ct5.jpg responded 404 in 0.4607 ms
2026-04-05 03:29:19.775 +07:00 [INF] HTTP GET /images/tours/ag1.jpg responded 404 in 0.5943 ms
2026-04-05 03:29:19.782 +07:00 [INF] HTTP GET /images/tours/ag2.jpg responded 404 in 0.5385 ms
2026-04-05 03:29:19.809 +07:00 [INF] HTTP GET /images/tours/ht2.jpg responded 404 in 0.5717 ms
2026-04-05 03:29:19.792 +07:00 [INF] HTTP GET /images/tours/ag4.jpg responded 404 in 2.9802 ms
2026-04-05 03:29:19.797 +07:00 [INF] HTTP GET /images/tours/ag5.jpg responded 404 in 1.0634 ms
2026-04-05 03:29:19.802 +07:00 [INF] HTTP GET /images/tours/ht1.jpg responded 404 in 0.6457 ms
2026-04-05 03:29:19.785 +07:00 [INF] HTTP GET /images/tours/ag3.jpg responded 404 in 0.4583 ms
2026-04-05 03:29:19.812 +07:00 [INF] HTTP GET /images/tours/ht3.jpg responded 404 in 0.4860 ms
2026-04-05 03:29:19.817 +07:00 [INF] HTTP GET /images/tours/ht4.jpg responded 404 in 1.0062 ms
2026-04-05 03:29:19.825 +07:00 [INF] HTTP GET /images/tours/ht5.jpg responded 404 in 0.5447 ms
2026-04-05 03:29:19.923 +07:00 [INF] HTTP GET /favicon.ico responded 200 in 4.6109 ms
2026-04-05 03:29:36.738 +07:00 [INF] Seed dữ liệu ban đầu thành công
2026-04-05 03:29:37.030 +07:00 [INF] Ứng dụng Tour Du Lịch khởi chạy
2026-04-05 03:29:40.386 +07:00 [WRN] Failed to determine the https port for redirect.
2026-04-05 03:29:43.123 +07:00 [INF] HTTP GET /Admin/Tour responded 200 in 2413.8675 ms
2026-04-05 03:29:43.123 +07:00 [INF] HTTP GET /images/tours/tl2.jpg responded 404 in 29.5336 ms
2026-04-05 03:29:43.123 +07:00 [INF] HTTP GET /images/tours/tl1.jpg responded 404 in 31.5114 ms
2026-04-05 03:29:43.216 +07:00 [INF] HTTP GET /css/site.css responded 200 in 122.2475 ms
2026-04-05 03:29:43.235 +07:00 [INF] HTTP GET /lib/bootstrap/dist/css/bootstrap.min.css responded 200 in 138.7826 ms
2026-04-05 03:29:43.356 +07:00 [INF] HTTP GET /images/tours/tl5.jpg responded 404 in 48.0953 ms
2026-04-05 03:29:43.356 +07:00 [INF] HTTP GET /images/tours/tl3.jpg responded 404 in 142.1638 ms
2026-04-05 03:29:43.366 +07:00 [INF] HTTP GET /images/tours/jp1.jpg responded 404 in 2.1663 ms
2026-04-05 03:29:43.433 +07:00 [INF] HTTP GET /lib/bootstrap/dist/js/bootstrap.bundle.min.js responded 200 in 40.2865 ms
2026-04-05 03:29:43.437 +07:00 [INF] HTTP GET /lib/jquery/dist/jquery.min.js responded 200 in 18.1486 ms
2026-04-05 03:29:43.555 +07:00 [INF] HTTP GET /images/tours/tl4.jpg responded 404 in 3.4685 ms
2026-04-05 03:29:44.044 +07:00 [INF] HTTP GET /images/tours/jp3.jpg responded 404 in 15.4929 ms
2026-04-05 03:29:44.052 +07:00 [INF] HTTP GET /images/tours/jp4.jpg responded 404 in 21.5650 ms
2026-04-05 03:29:44.132 +07:00 [INF] HTTP GET /images/tours/jp5.jpg responded 404 in 4.5769 ms
2026-04-05 03:29:44.145 +07:00 [INF] HTTP GET /js/site.js responded 200 in 9.2444 ms
2026-04-05 03:29:44.167 +07:00 [INF] HTTP GET /images/tours/jp2.jpg responded 404 in 8.0570 ms
2026-04-05 03:29:44.185 +07:00 [INF] HTTP GET /images/tours/kr2.jpg responded 404 in 3.5802 ms
2026-04-05 03:29:44.203 +07:00 [INF] HTTP GET /images/tours/kr3.jpg responded 404 in 3.4613 ms
2026-04-05 03:29:44.214 +07:00 [INF] HTTP GET /images/tours/kr4.jpg responded 404 in 2.4838 ms
2026-04-05 03:29:44.217 +07:00 [INF] HTTP GET /images/tours/kr5.jpg responded 404 in 1.5124 ms
2026-04-05 03:29:44.220 +07:00 [INF] HTTP GET /images/tours/kr1.jpg responded 404 in 1.4549 ms
2026-04-05 03:29:44.239 +07:00 [INF] HTTP GET /images/tours/sg2.jpg responded 404 in 1.4922 ms
2026-04-05 03:29:44.242 +07:00 [INF] HTTP GET /images/tours/sg1.jpg responded 404 in 6.0047 ms
2026-04-05 03:29:44.254 +07:00 [INF] HTTP GET /images/tours/sg3.jpg responded 404 in 3.8354 ms
2026-04-05 03:29:44.263 +07:00 [INF] HTTP GET /images/tours/sg4.jpg responded 404 in 1.6080 ms
2026-04-05 03:29:44.269 +07:00 [INF] HTTP GET /images/tours/sg5.jpg responded 404 in 2.6257 ms
2026-04-05 03:29:44.281 +07:00 [INF] HTTP GET /images/tours/fr1.jpg responded 404 in 5.1534 ms
2026-04-05 03:29:44.293 +07:00 [INF] HTTP GET /images/tours/fr2.jpg responded 404 in 3.2678 ms
2026-04-05 03:29:44.303 +07:00 [INF] HTTP GET /images/tours/fr3.jpg responded 404 in 2.1541 ms
2026-04-05 03:29:44.314 +07:00 [INF] HTTP GET /images/tours/fr4.jpg responded 404 in 4.1112 ms
2026-04-05 03:29:44.323 +07:00 [INF] HTTP GET /images/tours/pq1.jpg responded 304 in 2.5338 ms
2026-04-05 03:29:44.331 +07:00 [INF] HTTP GET /images/tours/dn1.jpg responded 304 in 2.3761 ms
2026-04-05 03:29:44.344 +07:00 [INF] HTTP GET /images/tours/dl1.jpg responded 304 in 3.2548 ms
2026-04-05 03:29:44.351 +07:00 [INF] HTTP GET /images/tours/sp1.jpg responded 304 in 2.0751 ms
2026-04-05 03:29:44.357 +07:00 [INF] HTTP GET /images/tours/qn1.jpg responded 304 in 3.2851 ms
2026-04-05 03:29:44.365 +07:00 [INF] HTTP GET /images/tours/nb1.jpg responded 304 in 2.2045 ms
2026-04-05 03:29:44.373 +07:00 [INF] HTTP GET /images/tours/nt1.jpg responded 304 in 2.6005 ms
2026-04-05 03:29:44.380 +07:00 [INF] HTTP GET /images/tours/fr5.jpg responded 404 in 1.5563 ms
2026-04-05 03:29:44.388 +07:00 [INF] HTTP GET /images/tours/pq2.jpg responded 404 in 2.6150 ms
2026-04-05 03:29:44.396 +07:00 [INF] HTTP GET /images/tours/pq3.jpg responded 404 in 1.6212 ms
2026-04-05 03:29:44.406 +07:00 [INF] HTTP GET /images/tours/pq4.jpg responded 404 in 4.4988 ms
2026-04-05 03:29:44.412 +07:00 [INF] HTTP GET /images/tours/pq5.jpg responded 404 in 1.6971 ms
2026-04-05 03:29:44.420 +07:00 [INF] HTTP GET /images/tours/dn2.jpg responded 404 in 2.8678 ms
2026-04-05 03:29:44.426 +07:00 [INF] HTTP GET /images/tours/dn3.jpg responded 404 in 2.2119 ms
2026-04-05 03:29:44.467 +07:00 [INF] HTTP GET /images/tours/dl4.jpg responded 404 in 2.3054 ms
2026-04-05 03:29:44.442 +07:00 [INF] HTTP GET /images/tours/dn5.jpg responded 404 in 1.8731 ms
2026-04-05 03:29:44.489 +07:00 [INF] HTTP GET /images/tours/sp2.jpg responded 404 in 4.4068 ms
2026-04-05 03:29:44.457 +07:00 [INF] HTTP GET /images/tours/dl3.jpg responded 404 in 2.0155 ms
2026-04-05 03:29:44.434 +07:00 [INF] HTTP GET /images/tours/dn4.jpg responded 404 in 2.2114 ms
2026-04-05 03:29:44.475 +07:00 [INF] HTTP GET /images/tours/dl5.jpg responded 404 in 1.5423 ms
2026-04-05 03:29:44.451 +07:00 [INF] HTTP GET /images/tours/dl2.jpg responded 404 in 3.8283 ms
2026-04-05 03:29:44.495 +07:00 [INF] HTTP GET /images/tours/sp3.jpg responded 404 in 1.4338 ms
2026-04-05 03:29:44.504 +07:00 [INF] HTTP GET /images/tours/sp4.jpg responded 404 in 4.1528 ms
2026-04-05 03:29:44.515 +07:00 [INF] HTTP GET /images/tours/sp5.jpg responded 404 in 3.1455 ms
2026-04-05 03:29:44.526 +07:00 [INF] HTTP GET /images/tours/qn2.jpg responded 404 in 1.9113 ms
2026-04-05 03:29:44.534 +07:00 [INF] HTTP GET /images/tours/qn3.jpg responded 404 in 3.8476 ms
2026-04-05 03:29:44.547 +07:00 [INF] HTTP GET /images/tours/qn4.jpg responded 404 in 3.9644 ms
2026-04-05 03:29:44.565 +07:00 [INF] HTTP GET /images/tours/qn5.jpg responded 404 in 5.5864 ms
2026-04-05 03:29:44.573 +07:00 [INF] HTTP GET /images/tours/nb2.jpg responded 404 in 1.4292 ms
2026-04-05 03:29:44.583 +07:00 [INF] HTTP GET /images/tours/nb3.jpg responded 404 in 2.7912 ms
2026-04-05 03:29:44.599 +07:00 [INF] HTTP GET /images/tours/nb4.jpg responded 404 in 5.0582 ms
2026-04-05 03:29:44.617 +07:00 [INF] HTTP GET /images/tours/nb5.jpg responded 404 in 1.9946 ms
2026-04-05 03:29:44.629 +07:00 [INF] HTTP GET /images/tours/hue1.jpg responded 404 in 6.1278 ms
2026-04-05 03:29:44.651 +07:00 [INF] HTTP GET /images/tours/hue2.jpg responded 404 in 1.6534 ms
2026-04-05 03:29:44.661 +07:00 [INF] HTTP GET /images/tours/hue3.jpg responded 404 in 2.6632 ms
2026-04-05 03:29:44.669 +07:00 [INF] HTTP GET /images/tours/hue4.jpg responded 404 in 2.7926 ms
2026-04-05 03:29:44.674 +07:00 [INF] HTTP GET /images/tours/hue5.jpg responded 404 in 1.4834 ms
2026-04-05 03:29:44.686 +07:00 [INF] HTTP GET /images/tours/ha1.jpg responded 404 in 6.8702 ms
2026-04-05 03:29:44.693 +07:00 [INF] HTTP GET /images/tours/ha2.jpg responded 404 in 3.4313 ms
2026-04-05 03:29:44.728 +07:00 [INF] HTTP GET /images/tours/ha3.jpg responded 404 in 18.1600 ms
2026-04-05 03:29:44.749 +07:00 [INF] HTTP GET /images/tours/ha4.jpg responded 404 in 21.1514 ms
2026-04-05 03:29:44.793 +07:00 [INF] HTTP GET /images/tours/ha5.jpg responded 404 in 22.4076 ms
2026-04-05 03:29:45.670 +07:00 [INF] HTTP GET /images/tours/mn1.jpg responded 304 in 6.6563 ms
2026-04-05 03:29:45.812 +07:00 [INF] HTTP GET /images/tours/nt2.jpg responded 404 in 2.5677 ms
2026-04-05 03:29:45.831 +07:00 [INF] HTTP GET /images/tours/nt3.jpg responded 404 in 9.9582 ms
2026-04-05 03:29:45.834 +07:00 [INF] HTTP GET /images/tours/nt4.jpg responded 404 in 1.7715 ms
2026-04-05 03:29:45.856 +07:00 [INF] HTTP GET /images/tours/nt5.jpg responded 404 in 5.0362 ms
2026-04-05 03:29:45.862 +07:00 [INF] HTTP GET /images/tours/mn2.jpg responded 404 in 1.4827 ms
2026-04-05 03:29:45.877 +07:00 [INF] HTTP GET /images/tours/mn3.jpg responded 404 in 10.7286 ms
2026-04-05 03:29:45.892 +07:00 [INF] HTTP GET /images/tours/mn4.jpg responded 404 in 4.9184 ms
2026-04-05 03:29:45.906 +07:00 [INF] HTTP GET /images/tours/mn5.jpg responded 404 in 2.0267 ms
2026-04-05 03:29:45.920 +07:00 [INF] HTTP GET /images/tours/hcm1.jpg responded 404 in 1.6659 ms
2026-04-05 03:29:45.926 +07:00 [INF] HTTP GET /images/tours/hcm2.jpg responded 404 in 1.6404 ms
2026-04-05 03:29:45.933 +07:00 [INF] HTTP GET /images/tours/hcm3.jpg responded 404 in 1.9999 ms
2026-04-05 03:29:45.941 +07:00 [INF] HTTP GET /images/tours/hcm4.jpg responded 404 in 1.5855 ms
2026-04-05 03:29:45.956 +07:00 [INF] HTTP GET /images/tours/hcm5.jpg responded 404 in 4.4549 ms
2026-04-05 03:29:45.970 +07:00 [INF] HTTP GET /images/tours/vt1.jpg responded 404 in 4.6552 ms
2026-04-05 03:29:46.008 +07:00 [INF] HTTP GET /images/tours/vt2.jpg responded 404 in 8.3552 ms
2026-04-05 03:29:46.231 +07:00 [INF] HTTP GET /images/tours/vt3.jpg responded 404 in 1.6328 ms
2026-04-05 03:29:46.253 +07:00 [INF] HTTP GET /images/tours/vt4.jpg responded 404 in 14.1143 ms
2026-04-05 03:29:46.254 +07:00 [INF] HTTP GET /images/tours/vt5.jpg responded 404 in 1.1517 ms
2026-04-05 03:29:46.274 +07:00 [INF] HTTP GET /images/tours/ct1.jpg responded 404 in 1.4466 ms
2026-04-05 03:29:46.284 +07:00 [INF] HTTP GET /images/tours/ct2.jpg responded 404 in 2.4116 ms
2026-04-05 03:29:46.301 +07:00 [INF] HTTP GET /images/tours/ct3.jpg responded 404 in 1.5259 ms
2026-04-05 03:29:46.324 +07:00 [INF] HTTP GET /images/tours/ct4.jpg responded 404 in 1.6946 ms
2026-04-05 03:29:46.325 +07:00 [INF] HTTP GET /images/tours/ct5.jpg responded 404 in 2.0189 ms
2026-04-05 03:29:46.357 +07:00 [INF] HTTP GET /images/tours/ag1.jpg responded 404 in 1.8894 ms
2026-04-05 03:29:46.456 +07:00 [INF] HTTP GET /images/tours/ag2.jpg responded 404 in 10.8887 ms
2026-04-05 03:29:46.466 +07:00 [INF] HTTP GET /images/tours/ag3.jpg responded 404 in 13.6389 ms
2026-04-05 03:29:46.570 +07:00 [INF] HTTP GET /images/tours/ag4.jpg responded 404 in 1.5429 ms
2026-04-05 03:29:46.586 +07:00 [INF] HTTP GET /images/tours/ag5.jpg responded 404 in 1.5777 ms
2026-04-05 03:29:46.609 +07:00 [INF] HTTP GET /images/tours/ht1.jpg responded 404 in 2.8106 ms
2026-04-05 03:29:46.611 +07:00 [INF] HTTP GET /images/tours/ht2.jpg responded 404 in 1.5486 ms
2026-04-05 03:29:46.639 +07:00 [INF] HTTP GET /images/tours/ht3.jpg responded 404 in 2.9835 ms
2026-04-05 03:29:46.654 +07:00 [INF] HTTP GET /images/tours/ht4.jpg responded 404 in 6.2387 ms
2026-04-05 03:29:46.660 +07:00 [INF] HTTP GET /images/tours/ht5.jpg responded 404 in 1.6148 ms
2026-04-05 03:29:47.262 +07:00 [INF] HTTP GET /favicon.ico responded 200 in 17.8062 ms
2026-04-05 03:30:26.313 +07:00 [INF] HTTP GET /Admin/Order responded 200 in 1312.0075 ms
2026-04-05 03:30:26.318 +07:00 [INF] HTTP GET /Admin/Order responded 200 in 1969.4840 ms
2026-04-05 03:30:26.368 +07:00 [INF] HTTP GET /css/site.css responded 200 in 14.5791 ms
2026-04-05 03:30:26.441 +07:00 [INF] HTTP GET /js/site.js responded 200 in 4.9691 ms
2026-04-05 03:30:26.488 +07:00 [INF] HTTP GET /lib/jquery/dist/jquery.min.js responded 200 in 17.9324 ms
2026-04-05 03:30:26.501 +07:00 [INF] HTTP GET /lib/bootstrap/dist/css/bootstrap.min.css responded 200 in 22.3435 ms
2026-04-05 03:30:26.661 +07:00 [INF] HTTP GET /lib/bootstrap/dist/js/bootstrap.bundle.min.js responded 200 in 3.8900 ms
2026-04-05 03:30:35.326 +07:00 [INF] HTTP GET /Admin/Order responded 200 in 223.1468 ms
2026-04-05 03:30:35.583 +07:00 [INF] HTTP GET /css/site.css responded 200 in 127.1660 ms
2026-04-05 03:30:35.735 +07:00 [INF] HTTP GET /lib/jquery/dist/jquery.min.js responded 200 in 152.0004 ms
2026-04-05 03:30:35.765 +07:00 [INF] HTTP GET /lib/bootstrap/dist/js/bootstrap.bundle.min.js responded 200 in 43.4659 ms
2026-04-05 03:30:35.834 +07:00 [INF] HTTP GET /lib/bootstrap/dist/css/bootstrap.min.css responded 200 in 445.4657 ms
2026-04-05 03:30:35.847 +07:00 [INF] HTTP GET /js/site.js responded 200 in 121.8279 ms
2026-04-05 03:30:37.354 +07:00 [INF] HTTP GET /Admin/Order responded 200 in 152.9027 ms
2026-04-05 03:30:37.384 +07:00 [INF] HTTP GET /css/site.css responded 200 in 3.2012 ms
2026-04-05 03:30:37.414 +07:00 [INF] HTTP GET /lib/jquery/dist/jquery.min.js responded 200 in 28.3705 ms
2026-04-05 03:30:37.415 +07:00 [INF] HTTP GET /lib/bootstrap/dist/css/bootstrap.min.css responded 200 in 34.4903 ms
2026-04-05 03:30:37.429 +07:00 [INF] HTTP GET /js/site.js responded 200 in 16.1142 ms
2026-04-05 03:30:37.430 +07:00 [INF] HTTP GET /lib/bootstrap/dist/js/bootstrap.bundle.min.js responded 200 in 35.6569 ms
2026-04-05 03:30:41.232 +07:00 [INF] HTTP GET /Admin/Order responded 200 in 10.8920 ms
2026-04-05 03:30:41.258 +07:00 [INF] HTTP GET /css/site.css responded 200 in 7.2979 ms
2026-04-05 03:30:41.263 +07:00 [INF] HTTP GET /lib/jquery/dist/jquery.min.js responded 200 in 11.4924 ms
2026-04-05 03:30:41.264 +07:00 [INF] HTTP GET /lib/bootstrap/dist/css/bootstrap.min.css responded 200 in 13.4700 ms
2026-04-05 03:30:41.266 +07:00 [INF] HTTP GET /js/site.js responded 200 in 7.3336 ms
2026-04-05 03:30:41.266 +07:00 [INF] HTTP GET /lib/bootstrap/dist/js/bootstrap.bundle.min.js responded 200 in 10.0380 ms
2026-04-05 03:30:43.351 +07:00 [INF] HTTP GET /Admin/Order responded 200 in 263.8962 ms
2026-04-05 03:30:43.378 +07:00 [INF] HTTP GET /js/site.js responded 200 in 2.0278 ms
2026-04-05 03:30:43.378 +07:00 [INF] HTTP GET /css/site.css responded 200 in 8.6558 ms
2026-04-05 03:30:43.382 +07:00 [INF] HTTP GET /lib/jquery/dist/jquery.min.js responded 200 in 9.1577 ms
2026-04-05 03:30:43.383 +07:00 [INF] HTTP GET /lib/bootstrap/dist/css/bootstrap.min.css responded 200 in 14.5923 ms
2026-04-05 03:30:43.384 +07:00 [INF] HTTP GET /lib/bootstrap/dist/js/bootstrap.bundle.min.js responded 200 in 9.9636 ms
2026-04-05 03:30:43.893 +07:00 [INF] HTTP GET /Admin/Order responded 200 in 12.4577 ms
2026-04-05 03:30:43.921 +07:00 [INF] HTTP GET /css/site.css responded 200 in 7.5676 ms
2026-04-05 03:30:43.925 +07:00 [INF] HTTP GET /lib/bootstrap/dist/css/bootstrap.min.css responded 200 in 13.1107 ms
2026-04-05 03:30:43.926 +07:00 [INF] HTTP GET /lib/bootstrap/dist/js/bootstrap.bundle.min.js responded 200 in 5.2439 ms
2026-04-05 03:30:43.928 +07:00 [INF] HTTP GET /lib/jquery/dist/jquery.min.js responded 200 in 9.0837 ms
2026-04-05 03:30:43.929 +07:00 [INF] HTTP GET /js/site.js responded 200 in 7.0240 ms
2026-04-05 03:30:53.705 +07:00 [INF] HTTP GET /Admin/Order responded 200 in 113.6364 ms
2026-04-05 03:30:53.738 +07:00 [INF] HTTP GET /Admin/Order responded 200 in 6.5337 ms
2026-04-05 03:30:53.763 +07:00 [INF] HTTP GET /css/site.css responded 200 in 8.9846 ms
2026-04-05 03:30:53.764 +07:00 [INF] HTTP GET /js/site.js responded 200 in 4.1589 ms
2026-04-05 03:30:53.770 +07:00 [INF] HTTP GET /lib/bootstrap/dist/css/bootstrap.min.css responded 200 in 16.8076 ms
2026-04-05 03:30:53.770 +07:00 [INF] HTTP GET /lib/jquery/dist/jquery.min.js responded 200 in 14.4730 ms
2026-04-05 03:30:53.771 +07:00 [INF] HTTP GET /lib/bootstrap/dist/js/bootstrap.bundle.min.js responded 200 in 8.6156 ms
2026-04-05 03:30:55.306 +07:00 [INF] HTTP GET /Admin/Order responded 200 in 9.4980 ms
2026-04-05 03:30:55.331 +07:00 [INF] HTTP GET /css/site.css responded 200 in 5.7738 ms
2026-04-05 03:30:55.334 +07:00 [INF] HTTP GET /js/site.js responded 200 in 5.5185 ms
2026-04-05 03:30:55.335 +07:00 [INF] HTTP GET /lib/jquery/dist/jquery.min.js responded 200 in 4.2391 ms
2026-04-05 03:30:55.335 +07:00 [INF] HTTP GET /lib/bootstrap/dist/js/bootstrap.bundle.min.js responded 200 in 2.8905 ms
2026-04-05 03:30:55.336 +07:00 [INF] HTTP GET /lib/bootstrap/dist/css/bootstrap.min.css responded 200 in 9.0757 ms
2026-04-05 03:30:56.446 +07:00 [INF] HTTP GET /Admin/Order responded 200 in 23.3999 ms
2026-04-05 03:30:56.494 +07:00 [INF] HTTP GET /css/site.css responded 200 in 20.3513 ms
2026-04-05 03:30:56.496 +07:00 [INF] HTTP GET /lib/bootstrap/dist/js/bootstrap.bundle.min.js responded 200 in 4.3279 ms
2026-04-05 03:30:56.501 +07:00 [INF] HTTP GET /lib/jquery/dist/jquery.min.js responded 200 in 11.0568 ms
2026-04-05 03:30:56.501 +07:00 [INF] HTTP GET /js/site.js responded 200 in 7.5500 ms
2026-04-05 03:30:56.502 +07:00 [INF] HTTP GET /lib/bootstrap/dist/css/bootstrap.min.css responded 200 in 32.4388 ms
2026-04-05 03:30:58.150 +07:00 [INF] HTTP GET /Admin/Order responded 200 in 8.0712 ms
2026-04-05 03:30:58.174 +07:00 [INF] HTTP GET /css/site.css responded 200 in 3.4368 ms
2026-04-05 03:30:58.175 +07:00 [INF] HTTP GET /lib/bootstrap/dist/css/bootstrap.min.css responded 200 in 6.7661 ms
2026-04-05 03:30:58.176 +07:00 [INF] HTTP GET /lib/jquery/dist/jquery.min.js responded 200 in 3.3937 ms
2026-04-05 03:30:58.177 +07:00 [INF] HTTP GET /lib/bootstrap/dist/js/bootstrap.bundle.min.js responded 200 in 2.9345 ms
2026-04-05 03:30:58.177 +07:00 [INF] HTTP GET /js/site.js responded 200 in 2.7051 ms
2026-04-05 03:30:58.856 +07:00 [INF] HTTP GET /Admin/Order responded 200 in 49.0617 ms
2026-04-05 03:30:58.881 +07:00 [INF] HTTP GET /css/site.css responded 200 in 8.7193 ms
2026-04-05 03:30:58.885 +07:00 [INF] HTTP GET /js/site.js responded 200 in 1.9875 ms
2026-04-05 03:30:58.885 +07:00 [INF] HTTP GET /lib/bootstrap/dist/css/bootstrap.min.css responded 200 in 13.8317 ms
2026-04-05 03:30:58.885 +07:00 [INF] HTTP GET /lib/bootstrap/dist/js/bootstrap.bundle.min.js responded 200 in 9.9731 ms
2026-04-05 03:30:58.886 +07:00 [INF] HTTP GET /lib/jquery/dist/jquery.min.js responded 200 in 13.0697 ms
2026-04-05 03:31:00.123 +07:00 [INF] HTTP GET /Admin/Order responded 200 in 150.2883 ms
2026-04-05 03:31:00.300 +07:00 [INF] HTTP GET /js/site.js responded 200 in 1.7974 ms
2026-04-05 03:31:00.341 +07:00 [INF] HTTP GET /css/site.css responded 200 in 107.8714 ms
2026-04-05 03:31:00.394 +07:00 [INF] HTTP GET /lib/bootstrap/dist/css/bootstrap.min.css responded 200 in 182.8846 ms
2026-04-05 03:31:00.448 +07:00 [INF] HTTP GET /lib/bootstrap/dist/js/bootstrap.bundle.min.js responded 200 in 150.2159 ms
2026-04-05 03:31:00.452 +07:00 [INF] HTTP GET /lib/jquery/dist/jquery.min.js responded 200 in 167.6418 ms
2026-04-05 03:31:02.368 +07:00 [INF] HTTP GET /Admin/Order responded 200 in 363.3930 ms
2026-04-05 03:31:02.433 +07:00 [INF] HTTP GET /css/site.css responded 200 in 15.5490 ms
2026-04-05 03:31:02.438 +07:00 [INF] HTTP GET /lib/bootstrap/dist/css/bootstrap.min.css responded 200 in 20.9979 ms
2026-04-05 03:31:02.443 +07:00 [INF] HTTP GET /lib/jquery/dist/jquery.min.js responded 200 in 14.6151 ms
2026-04-05 03:31:02.455 +07:00 [INF] HTTP GET /lib/bootstrap/dist/js/bootstrap.bundle.min.js responded 200 in 25.2737 ms
2026-04-05 03:31:02.459 +07:00 [INF] HTTP GET /js/site.js responded 200 in 11.4172 ms
2026-04-05 03:31:05.323 +07:00 [INF] HTTP GET /images/tours/tl1.jpg responded 404 in 0.6255 ms
2026-04-05 03:31:05.325 +07:00 [INF] HTTP GET /images/tours/tl2.jpg responded 404 in 0.4552 ms
2026-04-05 03:31:05.327 +07:00 [INF] HTTP GET /images/tours/tl3.jpg responded 404 in 0.4593 ms
2026-04-05 03:31:05.327 +07:00 [INF] HTTP GET /css/site.css responded 200 in 34.8620 ms
2026-04-05 03:31:05.329 +07:00 [INF] HTTP GET /Admin/Tour responded 200 in 395.3715 ms
2026-04-05 03:31:05.352 +07:00 [INF] HTTP GET /lib/bootstrap/dist/css/bootstrap.min.css responded 200 in 66.4184 ms
2026-04-05 03:31:05.542 +07:00 [INF] HTTP GET /lib/jquery/dist/jquery.min.js responded 200 in 11.0265 ms
2026-04-05 03:31:05.644 +07:00 [INF] HTTP GET /lib/bootstrap/dist/js/bootstrap.bundle.min.js responded 200 in 21.1281 ms
2026-04-05 03:31:05.690 +07:00 [INF] HTTP GET /images/tours/jp2.jpg responded 404 in 1.0482 ms
2026-04-05 03:31:05.696 +07:00 [INF] HTTP GET /images/tours/tl5.jpg responded 404 in 0.5505 ms
2026-04-05 03:31:05.706 +07:00 [INF] HTTP GET /images/tours/jp3.jpg responded 404 in 0.5618 ms
2026-04-05 03:31:05.708 +07:00 [INF] HTTP GET /images/tours/tl4.jpg responded 404 in 0.4337 ms
2026-04-05 03:31:05.721 +07:00 [INF] HTTP GET /images/tours/jp1.jpg responded 404 in 0.5962 ms
2026-04-05 03:31:05.727 +07:00 [INF] HTTP GET /js/site.js responded 200 in 2.1002 ms
2026-04-05 03:31:05.739 +07:00 [INF] HTTP GET /images/tours/jp5.jpg responded 404 in 0.5285 ms
2026-04-05 03:31:05.745 +07:00 [INF] HTTP GET /images/tours/kr1.jpg responded 404 in 0.7270 ms
2026-04-05 03:31:05.762 +07:00 [INF] HTTP GET /images/tours/kr2.jpg responded 404 in 0.6574 ms
2026-04-05 03:31:05.771 +07:00 [INF] HTTP GET /images/tours/kr3.jpg responded 404 in 0.5595 ms
2026-04-05 03:31:05.788 +07:00 [INF] HTTP GET /images/tours/kr4.jpg responded 404 in 0.8156 ms
2026-04-05 03:31:05.788 +07:00 [INF] HTTP GET /images/tours/jp4.jpg responded 404 in 1.6275 ms
2026-04-05 03:31:05.801 +07:00 [INF] HTTP GET /images/tours/kr5.jpg responded 404 in 0.6991 ms
2026-04-05 03:31:05.805 +07:00 [INF] HTTP GET /images/tours/sg1.jpg responded 404 in 0.6697 ms
2026-04-05 03:31:05.813 +07:00 [INF] HTTP GET /images/tours/sg2.jpg responded 404 in 0.6609 ms
2026-04-05 03:31:05.819 +07:00 [INF] HTTP GET /images/tours/sg3.jpg responded 404 in 0.5638 ms
2026-04-05 03:31:05.826 +07:00 [INF] HTTP GET /images/tours/sg4.jpg responded 404 in 0.6805 ms
2026-04-05 03:31:05.834 +07:00 [INF] HTTP GET /images/tours/sg5.jpg responded 404 in 0.8208 ms
2026-04-05 03:31:05.840 +07:00 [INF] HTTP GET /images/tours/fr1.jpg responded 404 in 0.6271 ms
2026-04-05 03:31:05.850 +07:00 [INF] HTTP GET /images/tours/fr2.jpg responded 404 in 0.8756 ms
2026-04-05 03:31:05.854 +07:00 [INF] HTTP GET /images/tours/fr3.jpg responded 404 in 0.8987 ms
2026-04-05 03:31:05.860 +07:00 [INF] HTTP GET /images/tours/fr4.jpg responded 404 in 0.5374 ms
2026-04-05 03:31:05.866 +07:00 [INF] HTTP GET /images/tours/fr5.jpg responded 404 in 0.7992 ms
2026-04-05 03:31:05.875 +07:00 [INF] HTTP GET /images/tours/pq1.jpg responded 304 in 1.7640 ms
2026-04-05 03:31:05.880 +07:00 [INF] HTTP GET /images/tours/pq2.jpg responded 404 in 0.5663 ms
2026-04-05 03:31:05.890 +07:00 [INF] HTTP GET /images/tours/pq3.jpg responded 404 in 0.6537 ms
2026-04-05 03:31:05.904 +07:00 [INF] HTTP GET /images/tours/pq4.jpg responded 404 in 0.7758 ms
2026-04-05 03:31:05.914 +07:00 [INF] HTTP GET /images/tours/pq5.jpg responded 404 in 0.5637 ms
2026-04-05 03:31:05.925 +07:00 [INF] HTTP GET /images/tours/dn1.jpg responded 304 in 0.8466 ms
2026-04-05 03:31:05.930 +07:00 [INF] HTTP GET /images/tours/dn2.jpg responded 404 in 0.5231 ms
2026-04-05 03:31:05.936 +07:00 [INF] HTTP GET /images/tours/dn3.jpg responded 404 in 0.5130 ms
2026-04-05 03:31:05.942 +07:00 [INF] HTTP GET /images/tours/dn4.jpg responded 404 in 0.8553 ms
2026-04-05 03:31:05.949 +07:00 [INF] HTTP GET /images/tours/dn5.jpg responded 404 in 0.6630 ms
2026-04-05 03:31:05.955 +07:00 [INF] HTTP GET /images/tours/dl1.jpg responded 304 in 0.8205 ms
2026-04-05 03:31:05.960 +07:00 [INF] HTTP GET /images/tours/dl2.jpg responded 404 in 0.5232 ms
2026-04-05 03:31:05.963 +07:00 [INF] HTTP GET /images/tours/dl3.jpg responded 404 in 0.4359 ms
2026-04-05 03:31:05.968 +07:00 [INF] HTTP GET /images/tours/dl4.jpg responded 404 in 0.7128 ms
2026-04-05 03:31:05.973 +07:00 [INF] HTTP GET /images/tours/dl5.jpg responded 404 in 0.5046 ms
2026-04-05 03:31:05.982 +07:00 [INF] HTTP GET /images/tours/sp1.jpg responded 304 in 1.5650 ms
2026-04-05 03:31:05.989 +07:00 [INF] HTTP GET /images/tours/sp2.jpg responded 404 in 0.5713 ms
2026-04-05 03:31:05.993 +07:00 [INF] HTTP GET /images/tours/sp3.jpg responded 404 in 0.6193 ms
2026-04-05 03:31:06.000 +07:00 [INF] HTTP GET /images/tours/sp4.jpg responded 404 in 0.5708 ms
2026-04-05 03:31:06.017 +07:00 [INF] HTTP GET /images/tours/sp5.jpg responded 404 in 3.0750 ms
2026-04-05 03:31:06.033 +07:00 [INF] HTTP GET /images/tours/qn1.jpg responded 304 in 1.0988 ms
2026-04-05 03:31:06.039 +07:00 [INF] HTTP GET /images/tours/qn2.jpg responded 404 in 0.5426 ms
2026-04-05 03:31:06.047 +07:00 [INF] HTTP GET /images/tours/qn3.jpg responded 404 in 2.3738 ms
2026-04-05 03:31:06.062 +07:00 [INF] HTTP GET /Admin/Order responded 200 in 10.3555 ms
2026-04-05 03:31:06.067 +07:00 [INF] HTTP GET /images/tours/qn4.jpg responded 404 in 0.6840 ms
2026-04-05 03:31:06.072 +07:00 [INF] HTTP GET /images/tours/qn5.jpg responded 404 in 1.2894 ms
2026-04-05 03:31:06.076 +07:00 [INF] HTTP GET /images/tours/nb1.jpg responded 304 in 0.7873 ms
2026-04-05 03:31:06.083 +07:00 [INF] HTTP GET /images/tours/nt1.jpg responded 304 in 0.6715 ms
2026-04-05 03:31:06.100 +07:00 [INF] HTTP GET /lib/bootstrap/dist/css/bootstrap.min.css responded 200 in 5.2735 ms
2026-04-05 03:31:06.109 +07:00 [INF] HTTP GET /css/site.css responded 200 in 2.7529 ms
2026-04-05 03:31:06.118 +07:00 [INF] HTTP GET /js/site.js responded 200 in 3.1118 ms
2026-04-05 03:31:06.125 +07:00 [INF] HTTP GET /images/tours/nb2.jpg responded 404 in 0.6093 ms
2026-04-05 03:31:06.132 +07:00 [INF] HTTP GET /images/tours/nb3.jpg responded 404 in 0.6478 ms
2026-04-05 03:31:06.137 +07:00 [INF] HTTP GET /images/tours/nb4.jpg responded 404 in 0.9904 ms
2026-04-05 03:31:06.145 +07:00 [INF] HTTP GET /lib/jquery/dist/jquery.min.js responded 200 in 3.8546 ms
2026-04-05 03:31:06.152 +07:00 [INF] HTTP GET /lib/bootstrap/dist/js/bootstrap.bundle.min.js responded 200 in 3.7317 ms
2026-04-05 03:31:06.163 +07:00 [INF] HTTP GET /images/tours/mn1.jpg responded 304 in 0.8029 ms
2026-04-05 03:31:06.170 +07:00 [INF] HTTP GET /images/tours/hue2.jpg responded 404 in 0.5393 ms
2026-04-05 03:31:06.173 +07:00 [INF] HTTP GET /images/tours/hue3.jpg responded 404 in 0.4860 ms
2026-04-05 03:31:06.182 +07:00 [INF] HTTP GET /images/tours/hue4.jpg responded 404 in 2.3919 ms
2026-04-05 03:31:06.187 +07:00 [INF] HTTP GET /images/tours/nb5.jpg responded 404 in 0.5203 ms
2026-04-05 03:31:06.191 +07:00 [INF] HTTP GET /images/tours/hue1.jpg responded 404 in 0.4878 ms
2026-04-05 03:31:06.197 +07:00 [INF] HTTP GET /images/tours/hue5.jpg responded 404 in 0.5239 ms
2026-04-05 03:31:06.201 +07:00 [INF] HTTP GET /images/tours/ha1.jpg responded 404 in 0.6730 ms
2026-04-05 03:31:06.217 +07:00 [INF] HTTP GET /images/tours/ha2.jpg responded 404 in 1.3052 ms
2026-04-05 03:31:06.224 +07:00 [INF] HTTP GET /images/tours/ha3.jpg responded 404 in 0.6089 ms
2026-04-05 03:31:06.227 +07:00 [INF] HTTP GET /images/tours/ha4.jpg responded 404 in 0.5435 ms
2026-04-05 03:31:06.234 +07:00 [INF] HTTP GET /images/tours/ha5.jpg responded 404 in 0.5337 ms
2026-04-05 03:31:06.240 +07:00 [INF] HTTP GET /images/tours/nt2.jpg responded 404 in 0.8286 ms
2026-04-05 03:31:06.247 +07:00 [INF] HTTP GET /images/tours/nt3.jpg responded 404 in 0.8187 ms
2026-04-05 03:31:06.255 +07:00 [INF] HTTP GET /images/tours/nt4.jpg responded 404 in 0.5482 ms
2026-04-05 03:31:06.258 +07:00 [INF] HTTP GET /images/tours/nt5.jpg responded 404 in 0.6291 ms
2026-04-05 03:31:06.263 +07:00 [INF] HTTP GET /images/tours/mn2.jpg responded 404 in 0.4303 ms
2026-04-05 03:31:06.271 +07:00 [INF] HTTP GET /images/tours/mn3.jpg responded 404 in 0.7538 ms
2026-04-05 03:31:06.279 +07:00 [INF] HTTP GET /images/tours/mn4.jpg responded 404 in 1.4805 ms
2026-04-05 03:31:06.284 +07:00 [INF] HTTP GET /images/tours/mn5.jpg responded 404 in 0.4860 ms
2026-04-05 03:31:06.291 +07:00 [INF] HTTP GET /images/tours/hcm1.jpg responded 404 in 0.7640 ms
2026-04-05 03:31:06.303 +07:00 [INF] HTTP GET /images/tours/hcm2.jpg responded 404 in 0.7115 ms
2026-04-05 03:31:06.311 +07:00 [INF] HTTP GET /images/tours/hcm3.jpg responded 404 in 0.5681 ms
2026-04-05 03:31:06.320 +07:00 [INF] HTTP GET /images/tours/hcm4.jpg responded 404 in 0.5729 ms
2026-04-05 03:31:06.329 +07:00 [INF] HTTP GET /images/tours/hcm5.jpg responded 404 in 2.8622 ms
2026-04-05 03:31:06.333 +07:00 [INF] HTTP GET /images/tours/vt1.jpg responded 404 in 0.5345 ms
2026-04-05 03:31:06.344 +07:00 [INF] HTTP GET /images/tours/vt2.jpg responded 404 in 0.6554 ms
2026-04-05 03:31:06.351 +07:00 [INF] HTTP GET /images/tours/vt3.jpg responded 404 in 0.5707 ms
2026-04-05 03:31:06.358 +07:00 [INF] HTTP GET /images/tours/vt4.jpg responded 404 in 0.9511 ms
2026-04-05 03:31:06.373 +07:00 [INF] HTTP GET /images/tours/vt5.jpg responded 404 in 0.6114 ms
2026-04-05 03:31:06.380 +07:00 [INF] HTTP GET /images/tours/ct1.jpg responded 404 in 0.5198 ms
2026-04-05 03:31:06.388 +07:00 [INF] HTTP GET /images/tours/ct2.jpg responded 404 in 2.7550 ms
2026-04-05 03:31:06.394 +07:00 [INF] HTTP GET /images/tours/ct3.jpg responded 404 in 0.5354 ms
2026-04-05 03:31:06.399 +07:00 [INF] HTTP GET /images/tours/ct4.jpg responded 404 in 0.5553 ms
2026-04-05 03:31:06.404 +07:00 [INF] HTTP GET /images/tours/ct5.jpg responded 404 in 0.7187 ms
2026-04-05 03:31:06.409 +07:00 [INF] HTTP GET /images/tours/ag1.jpg responded 404 in 0.4796 ms
2026-04-05 03:31:06.416 +07:00 [INF] HTTP GET /images/tours/ag2.jpg responded 404 in 0.7048 ms
2026-04-05 03:31:06.426 +07:00 [INF] HTTP GET /images/tours/ag3.jpg responded 404 in 0.5698 ms
2026-04-05 03:31:06.477 +07:00 [INF] HTTP GET /images/tours/ag4.jpg responded 404 in 0.6243 ms
2026-04-05 03:31:06.962 +07:00 [INF] HTTP GET /images/tours/ag5.jpg responded 404 in 0.5772 ms
2026-04-05 03:31:07.017 +07:00 [INF] HTTP GET /images/tours/ht1.jpg responded 404 in 0.7100 ms
2026-04-05 03:31:07.109 +07:00 [INF] HTTP GET /images/tours/ht2.jpg responded 404 in 0.6238 ms
2026-04-05 03:31:07.124 +07:00 [INF] HTTP GET /images/tours/ht3.jpg responded 404 in 1.5951 ms
2026-04-05 03:31:07.131 +07:00 [INF] HTTP GET /images/tours/ht4.jpg responded 404 in 0.7318 ms
2026-04-05 03:31:07.138 +07:00 [INF] HTTP GET /images/tours/ht5.jpg responded 404 in 1.0915 ms
2026-04-05 03:31:08.465 +07:00 [INF] HTTP GET /Admin/Order responded 200 in 36.2809 ms
2026-04-05 03:31:08.503 +07:00 [INF] HTTP GET /css/site.css responded 200 in 12.0611 ms
2026-04-05 03:31:08.514 +07:00 [INF] HTTP GET /lib/bootstrap/dist/css/bootstrap.min.css responded 200 in 27.5256 ms
2026-04-05 03:31:08.515 +07:00 [INF] HTTP GET /lib/jquery/dist/jquery.min.js responded 200 in 19.2185 ms
2026-04-05 03:31:08.516 +07:00 [INF] HTTP GET /lib/bootstrap/dist/js/bootstrap.bundle.min.js responded 200 in 17.2617 ms
2026-04-05 03:31:08.516 +07:00 [INF] HTTP GET /js/site.js responded 200 in 7.6808 ms
2026-04-05 03:32:02.957 +07:00 [INF] Seed dữ liệu ban đầu thành công
2026-04-05 03:32:03.245 +07:00 [INF] Ứng dụng Tour Du Lịch khởi chạy
2026-04-05 03:32:06.434 +07:00 [WRN] Failed to determine the https port for redirect.
2026-04-05 03:32:10.044 +07:00 [INF] HTTP GET /Admin/Order responded 200 in 2520.3969 ms
2026-04-05 03:32:10.241 +07:00 [INF] HTTP GET /css/site.css responded 200 in 158.2402 ms
2026-04-05 03:32:10.241 +07:00 [INF] HTTP GET /js/site.js responded 200 in 158.6785 ms
2026-04-05 03:32:10.246 +07:00 [INF] HTTP GET /lib/bootstrap/dist/js/bootstrap.bundle.min.js responded 200 in 162.5251 ms
2026-04-05 03:32:10.248 +07:00 [INF] HTTP GET /lib/bootstrap/dist/css/bootstrap.min.css responded 200 in 158.3211 ms
2026-04-05 03:32:10.249 +07:00 [INF] HTTP GET /lib/jquery/dist/jquery.min.js responded 200 in 164.7490 ms
2026-04-05 03:32:10.494 +07:00 [INF] HTTP GET /favicon.ico responded 200 in 65.5632 ms
2026-04-05 03:32:13.420 +07:00 [INF] HTTP GET /images/tours/tl1.jpg responded 404 in 2.6840 ms
2026-04-05 03:32:13.425 +07:00 [INF] HTTP GET /images/tours/tl2.jpg responded 404 in 7.2034 ms
2026-04-05 03:32:13.427 +07:00 [INF] HTTP GET /images/tours/tl3.jpg responded 404 in 5.2089 ms
2026-04-05 03:32:13.430 +07:00 [INF] HTTP GET /css/site.css responded 200 in 13.2597 ms
2026-04-05 03:32:13.475 +07:00 [INF] HTTP GET /Admin/Tour responded 200 in 609.7900 ms
2026-04-05 03:32:13.479 +07:00 [INF] HTTP GET /lib/bootstrap/dist/css/bootstrap.min.css responded 200 in 47.7285 ms
2026-04-05 03:32:13.608 +07:00 [INF] HTTP GET /images/tours/jp4.jpg responded 404 in 2.3371 ms
2026-04-05 03:32:13.612 +07:00 [INF] HTTP GET /images/tours/jp1.jpg responded 404 in 8.7199 ms
2026-04-05 03:32:13.614 +07:00 [INF] HTTP GET /images/tours/tl4.jpg responded 404 in 10.5039 ms
2026-04-05 03:32:13.615 +07:00 [INF] HTTP GET /images/tours/jp3.jpg responded 404 in 11.1278 ms
2026-04-05 03:32:13.615 +07:00 [INF] HTTP GET /images/tours/tl5.jpg responded 404 in 8.9274 ms
2026-04-05 03:32:13.617 +07:00 [INF] HTTP GET /images/tours/jp2.jpg responded 404 in 8.2954 ms
2026-04-05 03:32:13.634 +07:00 [INF] HTTP GET /images/tours/jp5.jpg responded 404 in 1.9673 ms
2026-04-05 03:32:13.661 +07:00 [INF] HTTP GET /images/tours/kr1.jpg responded 404 in 22.0373 ms
2026-04-05 03:32:14.119 +07:00 [INF] HTTP GET /lib/jquery/dist/jquery.min.js responded 200 in 22.6108 ms
2026-04-05 03:32:14.141 +07:00 [INF] HTTP GET /js/site.js responded 200 in 20.2847 ms
2026-04-05 03:32:14.141 +07:00 [INF] HTTP GET /images/tours/kr3.jpg responded 404 in 7.9618 ms
2026-04-05 03:32:14.196 +07:00 [INF] HTTP GET /images/tours/kr5.jpg responded 404 in 5.4232 ms
2026-04-05 03:32:14.204 +07:00 [INF] HTTP GET /images/tours/sg1.jpg responded 404 in 1.6766 ms
2026-04-05 03:32:14.214 +07:00 [INF] HTTP GET /images/tours/kr2.jpg responded 404 in 3.9535 ms
2026-04-05 03:32:14.224 +07:00 [INF] HTTP GET /images/tours/kr4.jpg responded 404 in 1.9480 ms
2026-04-05 03:32:14.235 +07:00 [INF] HTTP GET /images/tours/sg2.jpg responded 404 in 2.7682 ms
2026-04-05 03:32:14.253 +07:00 [INF] HTTP GET /images/tours/sg3.jpg responded 404 in 10.0772 ms
2026-04-05 03:32:14.259 +07:00 [INF] HTTP GET /images/tours/sg4.jpg responded 404 in 2.7845 ms
2026-04-05 03:32:14.271 +07:00 [INF] HTTP GET /images/tours/sg5.jpg responded 404 in 2.7568 ms
2026-04-05 03:32:14.274 +07:00 [INF] HTTP GET /images/tours/fr1.jpg responded 404 in 1.5898 ms
2026-04-05 03:32:14.288 +07:00 [INF] HTTP GET /images/tours/fr2.jpg responded 404 in 1.6559 ms
2026-04-05 03:32:14.309 +07:00 [INF] HTTP GET /images/tours/fr3.jpg responded 404 in 1.6697 ms
2026-04-05 03:32:14.321 +07:00 [INF] HTTP GET /images/tours/fr4.jpg responded 404 in 3.1789 ms
2026-04-05 03:32:14.332 +07:00 [INF] HTTP GET /images/tours/fr5.jpg responded 404 in 3.3252 ms
2026-04-05 03:32:14.345 +07:00 [INF] HTTP GET /images/tours/pq1.jpg responded 304 in 5.3770 ms
2026-04-05 03:32:14.363 +07:00 [INF] HTTP GET /images/tours/pq2.jpg responded 404 in 5.5508 ms
2026-04-05 03:32:14.371 +07:00 [INF] HTTP GET /lib/bootstrap/dist/js/bootstrap.bundle.min.js responded 200 in 8.3525 ms
2026-04-05 03:32:14.371 +07:00 [INF] HTTP GET /images/tours/pq3.jpg responded 404 in 2.3467 ms
2026-04-05 03:32:14.380 +07:00 [INF] HTTP GET /images/tours/pq4.jpg responded 404 in 3.2011 ms
2026-04-05 03:32:14.385 +07:00 [INF] HTTP GET /images/tours/dn1.jpg responded 304 in 3.3817 ms
2026-04-05 03:32:14.396 +07:00 [INF] HTTP GET /images/tours/dn2.jpg responded 404 in 2.2149 ms
2026-04-05 03:32:14.403 +07:00 [INF] HTTP GET /images/tours/dn3.jpg responded 404 in 4.6652 ms
2026-04-05 03:32:14.404 +07:00 [INF] HTTP GET /images/tours/pq5.jpg responded 404 in 1.5733 ms
2026-04-05 03:32:14.420 +07:00 [INF] HTTP GET /images/tours/dn4.jpg responded 404 in 1.6123 ms
2026-04-05 03:32:14.423 +07:00 [INF] HTTP GET /images/tours/dn5.jpg responded 404 in 1.7893 ms
2026-04-05 03:32:14.439 +07:00 [INF] HTTP GET /images/tours/dl1.jpg responded 304 in 2.1330 ms
2026-04-05 03:32:14.453 +07:00 [INF] HTTP GET /images/tours/dl2.jpg responded 404 in 9.7033 ms
2026-04-05 03:32:14.472 +07:00 [INF] HTTP GET /images/tours/dl4.jpg responded 404 in 4.5404 ms
2026-04-05 03:32:14.472 +07:00 [INF] HTTP GET /images/tours/dl3.jpg responded 404 in 4.3229 ms
2026-04-05 03:32:14.480 +07:00 [INF] HTTP GET /images/tours/dl5.jpg responded 404 in 1.6856 ms
2026-04-05 03:32:14.490 +07:00 [INF] HTTP GET /images/tours/sp1.jpg responded 304 in 6.6635 ms
2026-04-05 03:32:14.538 +07:00 [INF] HTTP GET /images/tours/qn1.jpg responded 304 in 1.7879 ms
2026-04-05 03:32:14.517 +07:00 [INF] HTTP GET /images/tours/sp3.jpg responded 404 in 5.0960 ms
2026-04-05 03:32:14.523 +07:00 [INF] HTTP GET /images/tours/sp4.jpg responded 404 in 4.4794 ms
2026-04-05 03:32:14.529 +07:00 [INF] HTTP GET /images/tours/sp5.jpg responded 404 in 3.4165 ms
2026-04-05 03:32:14.503 +07:00 [INF] HTTP GET /images/tours/sp2.jpg responded 404 in 2.4508 ms
2026-04-05 03:32:14.551 +07:00 [INF] HTTP GET /images/tours/qn2.jpg responded 404 in 4.3471 ms
2026-04-05 03:32:14.632 +07:00 [INF] HTTP GET /images/tours/qn3.jpg responded 404 in 10.6024 ms
2026-04-05 03:32:14.662 +07:00 [INF] HTTP GET /images/tours/qn4.jpg responded 404 in 2.9168 ms
2026-04-05 03:32:14.676 +07:00 [INF] HTTP GET /images/tours/qn5.jpg responded 404 in 7.0149 ms
2026-04-05 03:32:14.697 +07:00 [INF] HTTP GET /images/tours/nb1.jpg responded 304 in 8.2072 ms
2026-04-05 03:32:14.708 +07:00 [INF] HTTP GET /images/tours/nb2.jpg responded 404 in 1.7506 ms
2026-04-05 03:32:14.739 +07:00 [INF] HTTP GET /images/tours/nb3.jpg responded 404 in 7.2603 ms
2026-04-05 03:32:14.764 +07:00 [INF] HTTP GET /images/tours/nb4.jpg responded 404 in 2.1371 ms
2026-04-05 03:32:14.787 +07:00 [INF] HTTP GET /images/tours/nb5.jpg responded 404 in 1.9109 ms
2026-04-05 03:32:14.804 +07:00 [INF] HTTP GET /images/tours/hue1.jpg responded 404 in 4.2385 ms
2026-04-05 03:32:14.905 +07:00 [INF] HTTP GET /images/tours/hue2.jpg responded 404 in 3.8657 ms
2026-04-05 03:32:14.905 +07:00 [INF] HTTP GET /images/tours/hue3.jpg responded 404 in 1.4896 ms
2026-04-05 03:32:14.919 +07:00 [INF] HTTP GET /images/tours/hue4.jpg responded 404 in 1.8205 ms
2026-04-05 03:32:14.932 +07:00 [INF] HTTP GET /images/tours/hue5.jpg responded 404 in 8.1315 ms
2026-04-05 03:32:14.935 +07:00 [INF] HTTP GET /images/tours/ha1.jpg responded 404 in 3.1747 ms
2026-04-05 03:32:14.950 +07:00 [INF] HTTP GET /images/tours/ha2.jpg responded 404 in 6.5979 ms
2026-04-05 03:32:14.965 +07:00 [INF] HTTP GET /images/tours/ha3.jpg responded 404 in 1.9490 ms
2026-04-05 03:32:14.975 +07:00 [INF] HTTP GET /images/tours/ha4.jpg responded 404 in 6.7500 ms
2026-04-05 03:32:14.978 +07:00 [INF] HTTP GET /images/tours/ha5.jpg responded 404 in 1.9406 ms
2026-04-05 03:32:14.994 +07:00 [INF] HTTP GET /images/tours/nt1.jpg responded 304 in 6.8072 ms
2026-04-05 03:32:15.001 +07:00 [INF] HTTP GET /images/tours/nt2.jpg responded 404 in 6.0047 ms
2026-04-05 03:32:15.011 +07:00 [INF] HTTP GET /images/tours/nt3.jpg responded 404 in 2.9718 ms
2026-04-05 03:32:15.019 +07:00 [INF] HTTP GET /images/tours/nt4.jpg responded 404 in 2.4598 ms
2026-04-05 03:32:15.035 +07:00 [INF] HTTP GET /images/tours/nt5.jpg responded 404 in 9.4927 ms
2026-04-05 03:32:15.058 +07:00 [INF] HTTP GET /images/tours/mn1.jpg responded 304 in 3.8815 ms
2026-04-05 03:32:15.114 +07:00 [INF] HTTP GET /images/tours/mn2.jpg responded 404 in 15.7138 ms
2026-04-05 03:32:15.507 +07:00 [INF] HTTP GET /images/tours/mn3.jpg responded 404 in 6.3096 ms
2026-04-05 03:32:15.640 +07:00 [INF] HTTP GET /images/tours/mn4.jpg responded 404 in 2.1605 ms
2026-04-05 03:32:15.675 +07:00 [INF] HTTP GET /images/tours/mn5.jpg responded 404 in 7.0312 ms
2026-04-05 03:32:15.766 +07:00 [INF] HTTP GET /images/tours/hcm1.jpg responded 404 in 17.2935 ms
2026-04-05 03:32:15.816 +07:00 [INF] HTTP GET /images/tours/hcm2.jpg responded 404 in 11.1415 ms
2026-04-05 03:32:15.985 +07:00 [INF] HTTP GET /images/tours/hcm3.jpg responded 404 in 4.7216 ms
2026-04-05 03:32:15.998 +07:00 [INF] HTTP GET /images/tours/hcm4.jpg responded 404 in 9.7548 ms
2026-04-05 03:32:16.054 +07:00 [INF] HTTP GET /images/tours/hcm5.jpg responded 404 in 8.8396 ms
2026-04-05 03:32:16.137 +07:00 [INF] HTTP GET /images/tours/vt1.jpg responded 404 in 10.3447 ms
2026-04-05 03:32:16.175 +07:00 [INF] HTTP GET /images/tours/vt2.jpg responded 404 in 8.1833 ms
2026-04-05 03:32:16.290 +07:00 [INF] HTTP GET /images/tours/vt3.jpg responded 404 in 3.8881 ms
2026-04-05 03:32:16.296 +07:00 [INF] HTTP GET /images/tours/vt4.jpg responded 404 in 2.5356 ms
2026-04-05 03:32:16.313 +07:00 [INF] HTTP GET /images/tours/vt5.jpg responded 404 in 3.0916 ms
2026-04-05 03:32:16.326 +07:00 [INF] HTTP GET /images/tours/ct1.jpg responded 404 in 2.5390 ms
2026-04-05 03:32:16.346 +07:00 [INF] HTTP GET /images/tours/ct2.jpg responded 404 in 3.7453 ms
2026-04-05 03:32:16.370 +07:00 [INF] HTTP GET /images/tours/ct3.jpg responded 404 in 1.7621 ms
2026-04-05 03:32:16.377 +07:00 [INF] HTTP GET /images/tours/ct4.jpg responded 404 in 1.8518 ms
2026-04-05 03:32:16.396 +07:00 [INF] HTTP GET /images/tours/ct5.jpg responded 404 in 3.0348 ms
2026-04-05 03:32:16.412 +07:00 [INF] HTTP GET /images/tours/ag1.jpg responded 404 in 1.8920 ms
2026-04-05 03:32:16.435 +07:00 [INF] HTTP GET /images/tours/ag2.jpg responded 404 in 2.0295 ms
2026-04-05 03:32:16.466 +07:00 [INF] HTTP GET /images/tours/ag3.jpg responded 404 in 10.3368 ms
2026-04-05 03:32:16.486 +07:00 [INF] HTTP GET /images/tours/ag4.jpg responded 404 in 5.6553 ms
2026-04-05 03:32:16.511 +07:00 [INF] HTTP GET /images/tours/ag5.jpg responded 404 in 6.2353 ms
2026-04-05 03:32:16.556 +07:00 [INF] HTTP GET /images/tours/ht1.jpg responded 404 in 9.4917 ms
2026-04-05 03:32:16.584 +07:00 [INF] HTTP GET /images/tours/ht2.jpg responded 404 in 6.0858 ms
2026-04-05 03:32:16.608 +07:00 [INF] HTTP GET /images/tours/ht3.jpg responded 404 in 10.2450 ms
2026-04-05 03:32:16.728 +07:00 [INF] HTTP GET /images/tours/ht4.jpg responded 404 in 15.5094 ms
2026-04-05 03:32:16.866 +07:00 [INF] HTTP GET /images/tours/ht5.jpg responded 404 in 3.8554 ms
2026-04-05 03:32:25.458 +07:00 [INF] HTTP GET /Admin/Tour/Schedules/76 responded 200 in 302.2216 ms
2026-04-05 03:32:25.530 +07:00 [INF] HTTP GET /js/site.js responded 200 in 42.9860 ms
2026-04-05 03:32:25.593 +07:00 [INF] HTTP GET /lib/bootstrap/dist/js/bootstrap.bundle.min.js responded 200 in 108.8835 ms
2026-04-05 03:32:25.594 +07:00 [INF] HTTP GET /lib/jquery/dist/jquery.min.js responded 200 in 97.5910 ms
2026-04-05 03:32:25.595 +07:00 [INF] HTTP GET /css/site.css responded 200 in 64.7062 ms
2026-04-05 03:32:25.614 +07:00 [INF] HTTP GET /lib/bootstrap/dist/css/bootstrap.min.css responded 200 in 131.5923 ms
2026-04-05 03:32:33.284 +07:00 [INF] HTTP GET /Admin/Order responded 200 in 176.4885 ms
2026-04-05 03:32:33.314 +07:00 [INF] HTTP GET /css/site.css responded 200 in 5.1296 ms
2026-04-05 03:32:33.323 +07:00 [INF] HTTP GET /js/site.js responded 200 in 7.5913 ms
2026-04-05 03:32:33.324 +07:00 [INF] HTTP GET /lib/bootstrap/dist/css/bootstrap.min.css responded 200 in 17.5566 ms
2026-04-05 03:32:33.326 +07:00 [INF] HTTP GET /lib/jquery/dist/jquery.min.js responded 200 in 14.3008 ms
2026-04-05 03:32:33.328 +07:00 [INF] HTTP GET /lib/bootstrap/dist/js/bootstrap.bundle.min.js responded 200 in 14.0882 ms
2026-04-05 03:32:36.623 +07:00 [INF] HTTP GET /Admin/Order responded 200 in 70.4292 ms
2026-04-05 03:32:36.661 +07:00 [INF] HTTP GET /lib/jquery/dist/jquery.min.js responded 200 in 10.9526 ms
2026-04-05 03:32:36.662 +07:00 [INF] HTTP GET /css/site.css responded 200 in 15.3090 ms
2026-04-05 03:32:36.669 +07:00 [INF] HTTP GET /lib/bootstrap/dist/css/bootstrap.min.css responded 200 in 29.4909 ms
2026-04-05 03:32:36.675 +07:00 [INF] HTTP GET /js/site.js responded 200 in 17.6156 ms
2026-04-05 03:32:36.678 +07:00 [INF] HTTP GET /lib/bootstrap/dist/js/bootstrap.bundle.min.js responded 200 in 23.3556 ms
2026-04-05 03:32:39.627 +07:00 [INF] HTTP GET / responded 200 in 444.2178 ms
2026-04-05 03:32:39.660 +07:00 [INF] HTTP GET /images/tours/tl1.jpg responded 404 in 1.4597 ms
2026-04-05 03:32:39.661 +07:00 [INF] HTTP GET /images/tours/tl3.jpg responded 404 in 1.4669 ms
2026-04-05 03:32:39.665 +07:00 [INF] HTTP GET /images/tours/jp1.jpg responded 404 in 2.6662 ms
2026-04-05 03:32:39.665 +07:00 [INF] HTTP GET /css/site.css responded 200 in 7.4264 ms
2026-04-05 03:32:39.667 +07:00 [INF] HTTP GET /lib/bootstrap/dist/css/bootstrap.min.css responded 200 in 11.1574 ms
2026-04-05 03:32:39.667 +07:00 [INF] HTTP GET /images/tours/jp3.jpg responded 404 in 1.3006 ms
2026-04-05 03:32:39.700 +07:00 [INF] HTTP GET /lib/jquery/dist/jquery.min.js responded 200 in 7.0694 ms
2026-04-05 03:32:39.709 +07:00 [INF] HTTP GET /js/site.js responded 200 in 6.7933 ms
2026-04-05 03:32:39.726 +07:00 [INF] HTTP GET /images/tours/kr1.jpg responded 404 in 1.7880 ms
2026-04-05 03:32:39.736 +07:00 [INF] HTTP GET /lib/bootstrap/dist/js/bootstrap.bundle.min.js responded 200 in 3.6744 ms
2026-04-05 03:32:39.752 +07:00 [INF] HTTP GET /images/tours/kr3.jpg responded 404 in 1.1457 ms
2026-04-05 03:32:39.760 +07:00 [INF] HTTP GET /images/hinh-nen-viet-nam-4k25.jpg responded 304 in 2.1126 ms
2026-04-05 03:32:39.765 +07:00 [INF] HTTP GET /images/categories/team-building.jpg responded 304 in 0.9970 ms
2026-04-05 03:32:39.765 +07:00 [INF] HTTP GET /images/categories/quoc-te.jpg responded 304 in 1.2610 ms
2026-04-05 03:32:39.795 +07:00 [INF] HTTP GET /images/categories/mao-hiem.jpg responded 304 in 1.2901 ms
2026-04-05 03:32:39.796 +07:00 [INF] HTTP GET /images/categories/nghi-duong.jpg responded 304 in 1.3679 ms
2026-04-05 03:32:39.806 +07:00 [INF] HTTP GET /images/categories/am-thuc.jpg responded 304 in 1.8981 ms
2026-04-05 03:32:45.193 +07:00 [INF] Tìm kiếm tour với keyword: null, CategoryId: null
2026-04-05 03:32:45.415 +07:00 [INF] Tìm thấy 100 tour phù hợp
2026-04-05 03:32:45.549 +07:00 [INF] HTTP GET /Tour responded 200 in 612.5859 ms
2026-04-05 03:32:45.583 +07:00 [INF] HTTP GET /images/tours/tl1.jpg responded 404 in 0.8864 ms
2026-04-05 03:32:45.587 +07:00 [INF] HTTP GET /css/site.css responded 200 in 8.6257 ms
2026-04-05 03:32:45.593 +07:00 [INF] HTTP GET /images/tours/tl3.jpg responded 404 in 4.2465 ms
2026-04-05 03:32:45.596 +07:00 [INF] HTTP GET /images/tours/jp1.jpg responded 404 in 1.3964 ms
2026-04-05 03:32:45.597 +07:00 [INF] HTTP GET /images/tours/jp3.jpg responded 404 in 0.5416 ms
2026-04-05 03:32:45.598 +07:00 [INF] HTTP GET /lib/bootstrap/dist/css/bootstrap.min.css responded 200 in 25.2534 ms
2026-04-05 03:32:45.617 +07:00 [INF] HTTP GET /lib/jquery/dist/jquery.min.js responded 200 in 6.2638 ms
2026-04-05 03:32:45.620 +07:00 [INF] HTTP GET /images/tours/kr1.jpg responded 404 in 1.7279 ms
2026-04-05 03:32:45.627 +07:00 [INF] HTTP GET /images/tours/kr3.jpg responded 404 in 0.7724 ms
2026-04-05 03:32:45.638 +07:00 [INF] HTTP GET /images/tours/sg1.jpg responded 404 in 4.1552 ms
2026-04-05 03:32:45.645 +07:00 [INF] HTTP GET /images/tours/sg3.jpg responded 404 in 0.7376 ms
2026-04-05 03:32:45.652 +07:00 [INF] HTTP GET /lib/bootstrap/dist/js/bootstrap.bundle.min.js responded 200 in 6.4167 ms
2026-04-05 03:32:45.656 +07:00 [INF] HTTP GET /js/site.js responded 200 in 2.0848 ms
2026-04-05 03:32:45.688 +07:00 [INF] HTTP GET /images/tours/fr1.jpg responded 404 in 1.8083 ms
2026-04-05 03:32:49.584 +07:00 [INF] HTTP GET /Tour/Details/76 responded 200 in 1554.4115 ms
2026-04-05 03:32:49.606 +07:00 [INF] HTTP GET /images/tours/tl1.jpg responded 404 in 0.9691 ms
2026-04-05 03:32:49.610 +07:00 [INF] HTTP GET /images/tours/tl3.jpg responded 404 in 1.8685 ms
2026-04-05 03:32:49.610 +07:00 [INF] HTTP GET /css/site.css responded 200 in 5.5451 ms
2026-04-05 03:32:49.611 +07:00 [INF] HTTP GET /images/tours/tl4.jpg responded 404 in 0.7253 ms
2026-04-05 03:32:49.612 +07:00 [INF] HTTP GET /images/tours/tl2.jpg responded 404 in 0.5635 ms
2026-04-05 03:32:49.612 +07:00 [INF] HTTP GET /lib/bootstrap/dist/css/bootstrap.min.css responded 200 in 8.5402 ms
2026-04-05 03:32:49.642 +07:00 [INF] HTTP GET /lib/bootstrap/dist/js/bootstrap.bundle.min.js responded 200 in 8.1093 ms
2026-04-05 03:32:49.658 +07:00 [INF] HTTP GET /js/site.js responded 200 in 3.0062 ms
2026-04-05 03:32:49.672 +07:00 [INF] HTTP GET /images/tours/tl5.jpg responded 404 in 1.0641 ms
2026-04-05 03:32:49.692 +07:00 [INF] HTTP GET /lib/jquery/dist/jquery.min.js responded 200 in 6.8842 ms
2026-04-05 03:33:03.950 +07:00 [INF] HTTP GET /Tour/Book/76 responded 200 in 333.9936 ms
2026-04-05 03:33:03.967 +07:00 [INF] HTTP GET /images/tours/tl1.jpg responded 404 in 0.5245 ms
2026-04-05 03:33:03.975 +07:00 [INF] HTTP GET /lib/jquery/dist/jquery.min.js responded 200 in 6.8836 ms
2026-04-05 03:33:03.982 +07:00 [INF] HTTP GET /css/site.css responded 200 in 15.2986 ms
2026-04-05 03:33:03.984 +07:00 [INF] HTTP GET /lib/bootstrap/dist/css/bootstrap.min.css responded 200 in 17.8868 ms
2026-04-05 03:33:03.986 +07:00 [INF] HTTP GET /js/site.js responded 200 in 6.5983 ms
2026-04-05 03:33:03.985 +07:00 [INF] HTTP GET /lib/bootstrap/dist/js/bootstrap.bundle.min.js responded 200 in 9.0284 ms
2026-04-05 03:33:04.015 +07:00 [INF] HTTP GET /lib/jquery-validation/dist/jquery.validate.min.js responded 200 in 10.5140 ms
2026-04-05 03:33:04.050 +07:00 [INF] HTTP GET /lib/jquery-validation-unobtrusive/dist/jquery.validate.unobtrusive.min.js responded 200 in 13.4516 ms
2026-04-05 03:33:36.786 +07:00 [INF] HTTP GET /Tour/Book/76 responded 200 in 19.3866 ms
2026-04-05 03:33:36.811 +07:00 [INF] HTTP GET /images/tours/tl1.jpg responded 404 in 2.4403 ms
2026-04-05 03:33:36.814 +07:00 [INF] HTTP GET /css/site.css responded 200 in 6.7559 ms
2026-04-05 03:33:36.819 +07:00 [INF] HTTP GET /lib/bootstrap/dist/css/bootstrap.min.css responded 200 in 14.0581 ms
2026-04-05 03:33:36.824 +07:00 [INF] HTTP GET /lib/jquery/dist/jquery.min.js responded 200 in 7.4833 ms
2026-04-05 03:33:36.834 +07:00 [INF] HTTP GET /lib/bootstrap/dist/js/bootstrap.bundle.min.js responded 200 in 12.0058 ms
2026-04-05 03:33:36.840 +07:00 [INF] HTTP GET /js/site.js responded 200 in 4.7159 ms
2026-04-05 03:33:36.912 +07:00 [INF] HTTP GET /lib/jquery-validation/dist/jquery.validate.min.js responded 200 in 3.3442 ms
2026-04-05 03:33:36.912 +07:00 [INF] HTTP GET /lib/jquery-validation-unobtrusive/dist/jquery.validate.unobtrusive.min.js responded 200 in 4.7569 ms
2026-04-05 03:33:48.310 +07:00 [INF] HTTP GET /Tour/Book/76 responded 200 in 85.1000 ms
2026-04-05 03:33:48.344 +07:00 [INF] HTTP GET /images/tours/tl1.jpg responded 404 in 0.5602 ms
2026-04-05 03:33:48.345 +07:00 [INF] HTTP GET /css/site.css responded 200 in 9.0779 ms
2026-04-05 03:33:48.350 +07:00 [INF] HTTP GET /lib/bootstrap/dist/css/bootstrap.min.css responded 200 in 16.7227 ms
2026-04-05 03:33:48.353 +07:00 [INF] HTTP GET /lib/jquery/dist/jquery.min.js responded 200 in 6.1413 ms
2026-04-05 03:33:48.404 +07:00 [INF] HTTP GET /lib/bootstrap/dist/js/bootstrap.bundle.min.js responded 200 in 54.3255 ms
2026-04-05 03:33:48.536 +07:00 [INF] HTTP GET /js/site.js responded 200 in 12.5800 ms
2026-04-05 03:33:48.557 +07:00 [INF] HTTP GET /lib/jquery-validation-unobtrusive/dist/jquery.validate.unobtrusive.min.js responded 200 in 2.6440 ms
2026-04-05 03:33:48.573 +07:00 [INF] HTTP GET /lib/jquery-validation/dist/jquery.validate.min.js responded 200 in 4.2799 ms
2026-04-05 03:35:32.016 +07:00 [INF] HTTP GET / responded 200 in 70.9971 ms
2026-04-05 03:35:32.048 +07:00 [INF] HTTP GET /images/tours/tl1.jpg responded 404 in 1.3073 ms
2026-04-05 03:35:32.049 +07:00 [INF] HTTP GET /css/site.css responded 200 in 4.7190 ms
2026-04-05 03:35:32.051 +07:00 [INF] HTTP GET /images/tours/tl3.jpg responded 404 in 0.8485 ms
2026-04-05 03:35:32.052 +07:00 [INF] HTTP GET /lib/bootstrap/dist/css/bootstrap.min.css responded 200 in 9.7084 ms
2026-04-05 03:35:32.064 +07:00 [INF] HTTP GET /images/tours/jp3.jpg responded 404 in 1.0498 ms
2026-04-05 03:35:32.071 +07:00 [INF] HTTP GET /images/tours/kr1.jpg responded 404 in 0.7169 ms
2026-04-05 03:35:32.077 +07:00 [INF] HTTP GET /lib/bootstrap/dist/js/bootstrap.bundle.min.js responded 200 in 5.2015 ms
2026-04-05 03:35:32.100 +07:00 [INF] HTTP GET /images/tours/jp1.jpg responded 404 in 2.0868 ms
2026-04-05 03:35:32.115 +07:00 [INF] HTTP GET /images/hinh-nen-viet-nam-4k25.jpg responded 304 in 1.1238 ms
2026-04-05 03:35:32.130 +07:00 [INF] HTTP GET /lib/jquery/dist/jquery.min.js responded 200 in 3.9693 ms
2026-04-05 03:35:32.140 +07:00 [INF] HTTP GET /images/categories/nghi-duong.jpg responded 304 in 1.4253 ms
2026-04-05 03:35:32.147 +07:00 [INF] HTTP GET /images/categories/am-thuc.jpg responded 304 in 1.0547 ms
2026-04-05 03:35:32.158 +07:00 [INF] HTTP GET /js/site.js responded 200 in 3.5431 ms
2026-04-05 03:35:32.177 +07:00 [INF] HTTP GET /images/categories/team-building.jpg responded 304 in 0.7605 ms
2026-04-05 03:35:32.190 +07:00 [INF] HTTP GET /images/tours/kr3.jpg responded 404 in 0.6831 ms
2026-04-05 03:35:32.194 +07:00 [INF] HTTP GET /images/categories/quoc-te.jpg responded 304 in 0.9989 ms
2026-04-05 03:35:32.218 +07:00 [INF] HTTP GET /images/categories/mao-hiem.jpg responded 304 in 0.8389 ms
2026-04-05 03:35:37.970 +07:00 [INF] Tìm kiếm tour với keyword: null, CategoryId: null
2026-04-05 03:35:38.125 +07:00 [INF] Tìm thấy 100 tour phù hợp
2026-04-05 03:35:38.215 +07:00 [INF] HTTP GET /Tour responded 200 in 263.5534 ms
2026-04-05 03:35:38.246 +07:00 [INF] HTTP GET /images/tours/tl1.jpg responded 404 in 0.5746 ms
2026-04-05 03:35:38.247 +07:00 [INF] HTTP GET /css/site.css responded 200 in 5.8414 ms
2026-04-05 03:35:38.247 +07:00 [INF] HTTP GET /images/tours/tl3.jpg responded 404 in 0.4240 ms
2026-04-05 03:35:38.263 +07:00 [INF] HTTP GET /images/tours/jp1.jpg responded 404 in 0.8018 ms
2026-04-05 03:35:38.267 +07:00 [INF] HTTP GET /images/tours/jp3.jpg responded 404 in 0.8599 ms
2026-04-05 03:35:38.270 +07:00 [INF] HTTP GET /lib/bootstrap/dist/css/bootstrap.min.css responded 200 in 33.1198 ms
2026-04-05 03:35:38.302 +07:00 [INF] HTTP GET /images/tours/kr1.jpg responded 404 in 0.7354 ms
2026-04-05 03:35:38.305 +07:00 [INF] HTTP GET /lib/bootstrap/dist/js/bootstrap.bundle.min.js responded 200 in 5.4649 ms
2026-04-05 03:35:38.316 +07:00 [INF] HTTP GET /images/tours/kr3.jpg responded 404 in 0.6032 ms
2026-04-05 03:35:38.325 +07:00 [INF] HTTP GET /images/tours/sg1.jpg responded 404 in 0.6969 ms
2026-04-05 03:35:38.330 +07:00 [INF] HTTP GET /images/tours/sg3.jpg responded 404 in 0.8025 ms
2026-04-05 03:35:38.334 +07:00 [INF] HTTP GET /lib/jquery/dist/jquery.min.js responded 200 in 3.3533 ms
2026-04-05 03:35:38.342 +07:00 [INF] HTTP GET /images/tours/fr1.jpg responded 404 in 0.7605 ms
2026-04-05 03:35:38.357 +07:00 [INF] HTTP GET /js/site.js responded 200 in 1.8551 ms
2026-04-05 03:35:50.290 +07:00 [INF] HTTP GET /Tour/MyOrders responded 200 in 172.9338 ms
2026-04-05 03:35:50.323 +07:00 [INF] HTTP GET /css/site.css responded 200 in 16.2439 ms
2026-04-05 03:35:50.325 +07:00 [INF] HTTP GET /lib/jquery/dist/jquery.min.js responded 200 in 14.6110 ms
2026-04-05 03:35:50.326 +07:00 [INF] HTTP GET /js/site.js responded 200 in 10.2560 ms
2026-04-05 03:35:50.337 +07:00 [INF] HTTP GET /lib/bootstrap/dist/css/bootstrap.min.css responded 200 in 30.1146 ms
2026-04-05 03:35:50.337 +07:00 [INF] HTTP GET /lib/bootstrap/dist/js/bootstrap.bundle.min.js responded 200 in 25.0400 ms
2026-04-05 03:35:55.888 +07:00 [INF] HTTP GET /Tour/DownloadInvoice responded 200 in 2609.4747 ms
2026-04-05 03:54:26.179 +07:00 [INF] Seed dữ liệu ban đầu thành công
2026-04-05 03:54:26.519 +07:00 [INF] Ứng dụng Tour Du Lịch khởi chạy
2026-04-05 03:54:35.801 +07:00 [WRN] Failed to determine the https port for redirect.
2026-04-05 03:54:36.555 +07:00 [INF] Tìm kiếm tour với keyword: null, CategoryId: null
2026-04-05 03:54:38.122 +07:00 [INF] Tìm thấy 100 tour phù hợp
2026-04-05 03:54:39.069 +07:00 [INF] HTTP GET /images/tours/tl1.jpg responded 404 in 29.7953 ms
2026-04-05 03:54:39.070 +07:00 [INF] HTTP GET /images/tours/jp1.jpg responded 404 in 29.8159 ms
2026-04-05 03:54:39.070 +07:00 [INF] HTTP GET /Tour responded 200 in 2888.5621 ms
2026-04-05 03:54:39.070 +07:00 [INF] HTTP GET /images/tours/tl3.jpg responded 404 in 29.9253 ms
2026-04-05 03:54:39.176 +07:00 [INF] HTTP GET /css/site.css responded 200 in 136.8657 ms
2026-04-05 03:54:39.204 +07:00 [INF] HTTP GET /lib/bootstrap/dist/css/bootstrap.min.css responded 200 in 164.8316 ms
2026-04-05 03:54:39.397 +07:00 [INF] HTTP GET /images/tours/kr3.jpg responded 404 in 73.8150 ms
2026-04-05 03:54:39.398 +07:00 [INF] HTTP GET /images/tours/jp3.jpg responded 404 in 59.2794 ms
2026-04-05 03:54:39.398 +07:00 [INF] HTTP GET /images/tours/kr1.jpg responded 404 in 68.8452 ms
2026-04-05 03:54:39.405 +07:00 [INF] HTTP GET /js/site.js responded 200 in 167.9091 ms
2026-04-05 03:54:39.412 +07:00 [INF] HTTP GET /lib/jquery/dist/jquery.min.js responded 200 in 56.4474 ms
2026-04-05 03:54:39.412 +07:00 [INF] HTTP GET /lib/bootstrap/dist/js/bootstrap.bundle.min.js responded 200 in 143.3896 ms
2026-04-05 03:54:39.467 +07:00 [INF] HTTP GET /images/tours/sg3.jpg responded 404 in 2.1653 ms
2026-04-05 03:54:39.471 +07:00 [INF] HTTP GET /images/tours/sg1.jpg responded 404 in 1.7750 ms
2026-04-05 03:54:39.479 +07:00 [INF] HTTP GET /images/tours/fr1.jpg responded 404 in 1.8159 ms
2026-04-05 03:54:39.529 +07:00 [INF] HTTP GET /favicon.ico responded 200 in 16.7755 ms
2026-04-05 03:54:46.282 +07:00 [INF] HTTP GET /Admin responded 200 in 1761.2766 ms
2026-04-05 03:54:46.314 +07:00 [INF] HTTP GET /images/tours/tl1.jpg responded 404 in 12.0522 ms
2026-04-05 03:54:46.338 +07:00 [INF] HTTP GET /css/site.css responded 200 in 23.8154 ms
2026-04-05 03:54:46.349 +07:00 [INF] HTTP GET /lib/bootstrap/dist/css/bootstrap.min.css responded 200 in 27.2608 ms
2026-04-05 03:54:46.364 +07:00 [INF] HTTP GET /js/site.js responded 200 in 15.9212 ms
2026-04-05 03:54:46.399 +07:00 [INF] HTTP GET /lib/jquery/dist/jquery.min.js responded 200 in 8.0127 ms
2026-04-05 03:54:46.608 +07:00 [INF] HTTP GET /lib/bootstrap/dist/js/bootstrap.bundle.min.js responded 200 in 4.4529 ms
2026-04-05 03:54:48.857 +07:00 [INF] HTTP GET /Admin/Category responded 200 in 378.6272 ms
2026-04-05 03:54:48.899 +07:00 [INF] HTTP GET /css/site.css responded 200 in 13.5833 ms
2026-04-05 03:54:48.903 +07:00 [INF] HTTP GET /lib/bootstrap/dist/css/bootstrap.min.css responded 200 in 20.8565 ms
2026-04-05 03:54:48.905 +07:00 [INF] HTTP GET /lib/jquery/dist/jquery.min.js responded 200 in 10.2159 ms
2026-04-05 03:54:48.906 +07:00 [INF] HTTP GET /lib/bootstrap/dist/js/bootstrap.bundle.min.js responded 200 in 6.1286 ms
2026-04-05 03:54:48.907 +07:00 [INF] HTTP GET /js/site.js responded 200 in 4.5817 ms
2026-04-05 04:40:50.477 +07:00 [INF] Seed dữ liệu ban đầu thành công
2026-04-05 04:40:51.806 +07:00 [INF] Ứng dụng Tour Du Lịch khởi chạy
2026-04-05 04:50:02.670 +07:00 [INF] Seed dữ liệu ban đầu thành công
2026-04-05 04:50:03.257 +07:00 [INF] Ứng dụng Tour Du Lịch khởi chạy
2026-04-05 04:51:31.936 +07:00 [WRN] Failed to determine the https port for redirect.
2026-04-05 04:51:32.561 +07:00 [INF] Tìm kiếm tour với keyword: null, CategoryId: null
2026-04-05 04:51:33.811 +07:00 [INF] Tìm thấy 100 tour phù hợp
2026-04-05 04:51:34.650 +07:00 [INF] HTTP GET /Tour responded 200 in 2388.2171 ms
2026-04-05 04:51:34.650 +07:00 [INF] HTTP GET /images/tours/tl3.jpg responded 404 in 12.1015 ms
2026-04-05 04:51:34.651 +07:00 [INF] HTTP GET /images/tours/tl1.jpg responded 404 in 10.7586 ms
2026-04-05 04:51:34.650 +07:00 [INF] HTTP GET /images/tours/jp1.jpg responded 404 in 15.2850 ms
2026-04-05 04:51:34.770 +07:00 [INF] HTTP GET /css/site.css responded 200 in 133.2669 ms
2026-04-05 04:51:34.844 +07:00 [INF] HTTP GET /lib/bootstrap/dist/css/bootstrap.min.css responded 200 in 207.2798 ms
2026-04-05 04:51:35.020 +07:00 [INF] HTTP GET /images/tours/jp3.jpg responded 404 in 2.3477 ms
2026-04-05 04:51:35.085 +07:00 [INF] HTTP GET /lib/bootstrap/dist/js/bootstrap.bundle.min.js responded 200 in 31.5426 ms
2026-04-05 04:51:35.199 +07:00 [INF] HTTP GET /images/tours/kr3.jpg responded 404 in 0.7049 ms
2026-04-05 04:51:35.219 +07:00 [INF] HTTP GET /images/tours/sg1.jpg responded 404 in 0.6104 ms
2026-04-05 04:51:35.228 +07:00 [INF] HTTP GET /images/tours/kr1.jpg responded 404 in 0.6666 ms
2026-04-05 04:51:35.247 +07:00 [INF] HTTP GET /lib/jquery/dist/jquery.min.js responded 200 in 8.4787 ms
2026-04-05 04:51:35.255 +07:00 [INF] HTTP GET /images/tours/sg3.jpg responded 404 in 0.6023 ms
2026-04-05 04:51:35.264 +07:00 [INF] HTTP GET /js/site.js responded 200 in 3.0480 ms
2026-04-05 04:51:35.294 +07:00 [INF] HTTP GET /images/tours/fr1.jpg responded 404 in 0.7558 ms
2026-04-05 04:51:40.771 +07:00 [INF] HTTP GET /Tour/Details/76 responded 200 in 2422.2065 ms
2026-04-05 04:51:40.795 +07:00 [INF] HTTP GET /images/tours/tl3.jpg responded 404 in 0.4828 ms
2026-04-05 04:51:40.796 +07:00 [INF] HTTP GET /images/tours/tl1.jpg responded 404 in 1.6602 ms
2026-04-05 04:51:40.808 +07:00 [INF] HTTP GET /css/site.css responded 200 in 8.3413 ms
2026-04-05 04:51:40.810 +07:00 [INF] HTTP GET /lib/bootstrap/dist/css/bootstrap.min.css responded 200 in 16.5836 ms
2026-04-05 04:51:40.810 +07:00 [INF] HTTP GET /images/tours/tl4.jpg responded 404 in 3.8468 ms
2026-04-05 04:51:40.813 +07:00 [INF] HTTP GET /images/tours/tl2.jpg responded 404 in 4.9951 ms
2026-04-05 04:51:40.866 +07:00 [INF] HTTP GET /js/site.js responded 200 in 8.3539 ms
2026-04-05 04:51:40.882 +07:00 [INF] HTTP GET /images/tours/tl5.jpg responded 404 in 0.6137 ms
2026-04-05 04:51:40.904 +07:00 [INF] HTTP GET /lib/jquery/dist/jquery.min.js responded 200 in 6.2432 ms
2026-04-05 04:51:41.633 +07:00 [INF] HTTP GET /lib/bootstrap/dist/js/bootstrap.bundle.min.js responded 200 in 7.8775 ms
2026-04-05 04:51:46.175 +07:00 [INF] HTTP GET /Tour/Book/76 responded 302 in 42.4997 ms
2026-04-05 04:51:46.439 +07:00 [INF] HTTP GET /Account/Login responded 200 in 242.3118 ms
2026-04-05 04:51:46.471 +07:00 [INF] HTTP GET /css/site.css responded 200 in 7.2558 ms
2026-04-05 04:51:46.473 +07:00 [INF] HTTP GET /lib/jquery/dist/jquery.min.js responded 200 in 9.4306 ms
2026-04-05 04:51:46.475 +07:00 [INF] HTTP GET /lib/bootstrap/dist/css/bootstrap.min.css responded 200 in 14.2543 ms
2026-04-05 04:51:46.475 +07:00 [INF] HTTP GET /js/site.js responded 200 in 9.2654 ms
2026-04-05 04:51:46.476 +07:00 [INF] HTTP GET /lib/bootstrap/dist/js/bootstrap.bundle.min.js responded 200 in 9.9035 ms
2026-04-05 04:51:46.491 +07:00 [INF] HTTP GET /lib/jquery-validation/dist/jquery.validate.min.js responded 200 in 19.8527 ms
2026-04-05 04:51:46.562 +07:00 [INF] HTTP GET /lib/jquery-validation-unobtrusive/dist/jquery.validate.unobtrusive.min.js responded 200 in 24.8787 ms
2026-04-05 04:51:48.913 +07:00 [INF] HTTP POST /Account/Login responded 302 in 659.1364 ms
2026-04-05 04:51:50.186 +07:00 [INF] HTTP GET /Admin responded 200 in 1255.2827 ms
2026-04-05 04:51:50.210 +07:00 [INF] HTTP GET /images/tours/tl1.jpg responded 404 in 2.9088 ms
2026-04-05 04:51:50.215 +07:00 [INF] HTTP GET /css/site.css responded 200 in 12.7734 ms
2026-04-05 04:51:50.216 +07:00 [INF] HTTP GET /lib/jquery/dist/jquery.min.js responded 200 in 9.2523 ms
2026-04-05 04:51:50.218 +07:00 [INF] HTTP GET /lib/bootstrap/dist/css/bootstrap.min.css responded 200 in 15.7947 ms
2026-04-05 04:51:50.254 +07:00 [INF] HTTP GET /lib/bootstrap/dist/js/bootstrap.bundle.min.js responded 200 in 44.8067 ms
2026-04-05 04:51:50.258 +07:00 [INF] HTTP GET /js/site.js responded 200 in 45.6703 ms
2026-04-05 04:51:54.882 +07:00 [INF] HTTP GET / responded 200 in 302.6471 ms
2026-04-05 04:51:54.911 +07:00 [INF] HTTP GET /images/tours/tl3.jpg responded 404 in 1.4739 ms
2026-04-05 04:51:54.911 +07:00 [INF] HTTP GET /css/site.css responded 200 in 6.9505 ms
2026-04-05 04:51:54.911 +07:00 [INF] HTTP GET /images/tours/tl1.jpg responded 404 in 3.7225 ms
2026-04-05 04:51:54.913 +07:00 [INF] HTTP GET /images/tours/jp1.jpg responded 404 in 0.9081 ms
2026-04-05 04:51:54.913 +07:00 [INF] HTTP GET /images/tours/jp3.jpg responded 404 in 1.1423 ms
2026-04-05 04:51:54.915 +07:00 [INF] HTTP GET /lib/bootstrap/dist/css/bootstrap.min.css responded 200 in 13.3577 ms
2026-04-05 04:51:54.959 +07:00 [INF] HTTP GET /lib/bootstrap/dist/js/bootstrap.bundle.min.js responded 200 in 14.8903 ms
2026-04-05 04:51:55.409 +07:00 [INF] HTTP GET /images/tours/kr1.jpg responded 404 in 4.8672 ms
2026-04-05 04:51:55.496 +07:00 [INF] HTTP GET /images/categories/nghi-duong.jpg responded 200 in 60.5567 ms
2026-04-05 04:51:55.500 +07:00 [INF] HTTP GET /images/categories/mao-hiem.jpg responded 200 in 16.6573 ms
2026-04-05 04:51:55.518 +07:00 [INF] HTTP GET /images/categories/team-building.jpg responded 200 in 10.1405 ms
2026-04-05 04:51:55.525 +07:00 [INF] HTTP GET /lib/jquery/dist/jquery.min.js responded 200 in 4.5792 ms
2026-04-05 04:51:55.547 +07:00 [INF] HTTP GET /images/hinh-nen-viet-nam-4k25.jpg responded 200 in 18.7781 ms
2026-04-05 04:51:55.563 +07:00 [INF] HTTP GET /images/categories/am-thuc.jpg responded 200 in 7.2858 ms
2026-04-05 04:51:55.572 +07:00 [INF] HTTP GET /images/categories/quoc-te.jpg responded 200 in 7.8221 ms
2026-04-05 04:51:55.578 +07:00 [INF] HTTP GET /js/site.js responded 200 in 2.8707 ms
2026-04-05 04:51:55.589 +07:00 [INF] HTTP GET /images/tours/kr3.jpg responded 404 in 3.3681 ms
2026-04-05 04:51:57.026 +07:00 [INF] Tìm kiếm tour với keyword: null, CategoryId: null
2026-04-05 04:51:57.080 +07:00 [INF] Tìm thấy 100 tour phù hợp
2026-04-05 04:51:57.107 +07:00 [INF] HTTP GET /Tour responded 200 in 98.5476 ms
2026-04-05 04:51:57.126 +07:00 [INF] HTTP GET /images/tours/tl1.jpg responded 404 in 1.5749 ms
2026-04-05 04:51:57.135 +07:00 [INF] HTTP GET /css/site.css responded 200 in 11.1967 ms
2026-04-05 04:51:57.136 +07:00 [INF] HTTP GET /images/tours/tl3.jpg responded 404 in 3.9799 ms
2026-04-05 04:51:57.137 +07:00 [INF] HTTP GET /images/tours/jp1.jpg responded 404 in 4.4710 ms
2026-04-05 04:51:57.137 +07:00 [INF] HTTP GET /images/tours/jp3.jpg responded 404 in 1.1872 ms
2026-04-05 04:51:57.139 +07:00 [INF] HTTP GET /lib/bootstrap/dist/css/bootstrap.min.css responded 200 in 15.1417 ms
2026-04-05 04:51:57.163 +07:00 [INF] HTTP GET /lib/bootstrap/dist/js/bootstrap.bundle.min.js responded 200 in 6.1338 ms
2026-04-05 04:51:57.168 +07:00 [INF] HTTP GET /images/tours/kr1.jpg responded 404 in 4.1483 ms
2026-04-05 04:51:57.179 +07:00 [INF] HTTP GET /images/tours/kr3.jpg responded 404 in 1.2582 ms
2026-04-05 04:51:57.187 +07:00 [INF] HTTP GET /images/tours/sg1.jpg responded 404 in 0.9954 ms
2026-04-05 04:51:57.196 +07:00 [INF] HTTP GET /images/tours/sg3.jpg responded 404 in 2.7828 ms
2026-04-05 04:51:57.208 +07:00 [INF] HTTP GET /lib/jquery/dist/jquery.min.js responded 200 in 7.0419 ms
2026-04-05 04:51:57.219 +07:00 [INF] HTTP GET /js/site.js responded 200 in 5.0209 ms
2026-04-05 04:51:57.372 +07:00 [INF] HTTP GET /images/tours/fr1.jpg responded 404 in 1.6224 ms
2026-04-05 04:51:59.192 +07:00 [INF] HTTP GET /Tour/Details/76 responded 200 in 136.5827 ms
2026-04-05 04:51:59.225 +07:00 [INF] HTTP GET /images/tours/tl1.jpg responded 404 in 1.0172 ms
2026-04-05 04:51:59.225 +07:00 [INF] HTTP GET /images/tours/tl3.jpg responded 404 in 0.9977 ms
2026-04-05 04:51:59.227 +07:00 [INF] HTTP GET /css/site.css responded 200 in 11.9417 ms
2026-04-05 04:51:59.236 +07:00 [INF] HTTP GET /images/tours/tl4.jpg responded 404 in 1.0042 ms
2026-04-05 04:51:59.244 +07:00 [INF] HTTP GET /lib/bootstrap/dist/css/bootstrap.min.css responded 200 in 32.1574 ms
2026-04-05 04:51:59.484 +07:00 [INF] HTTP GET /lib/jquery/dist/jquery.min.js responded 200 in 6.1729 ms
2026-04-05 04:51:59.510 +07:00 [INF] HTTP GET /js/site.js responded 200 in 6.0596 ms
2026-04-05 04:51:59.529 +07:00 [INF] HTTP GET /images/tours/tl5.jpg responded 404 in 1.0028 ms
2026-04-05 04:51:59.553 +07:00 [INF] HTTP GET /images/tours/tl2.jpg responded 404 in 1.4153 ms
2026-04-05 04:51:59.563 +07:00 [INF] HTTP GET /lib/bootstrap/dist/js/bootstrap.bundle.min.js responded 200 in 3.4747 ms
2026-04-05 04:52:03.782 +07:00 [INF] HTTP GET /Tour/Book/76 responded 200 in 314.7435 ms
2026-04-05 04:52:03.811 +07:00 [INF] HTTP GET /images/tours/tl1.jpg responded 404 in 1.2875 ms
2026-04-05 04:52:03.816 +07:00 [INF] HTTP GET /css/site.css responded 200 in 7.8565 ms
2026-04-05 04:52:03.823 +07:00 [INF] HTTP GET /lib/bootstrap/dist/css/bootstrap.min.css responded 200 in 14.8556 ms
2026-04-05 04:52:03.828 +07:00 [INF] HTTP GET /lib/bootstrap/dist/js/bootstrap.bundle.min.js responded 200 in 9.0436 ms
2026-04-05 04:52:03.832 +07:00 [INF] HTTP GET /lib/jquery/dist/jquery.min.js responded 200 in 19.6209 ms
2026-04-05 04:52:03.831 +07:00 [INF] HTTP GET /js/site.js responded 200 in 7.3118 ms
2026-04-05 04:52:03.925 +07:00 [INF] HTTP GET /lib/jquery-validation/dist/jquery.validate.min.js responded 200 in 6.1807 ms
2026-04-05 04:52:04.100 +07:00 [INF] HTTP GET /lib/jquery-validation-unobtrusive/dist/jquery.validate.unobtrusive.min.js responded 200 in 7.4406 ms
2026-04-05 04:52:08.702 +07:00 [INF] Đơn hàng mới: A0866989 - Tour: Thái Lan: Nghỉ dưỡng Pattaya biển xanh - Khách: Quản trị viên
2026-04-05 04:52:08.726 +07:00 [INF] HTTP POST /Tour/Book/76 responded 302 in 974.6072 ms
2026-04-05 04:52:09.075 +07:00 [INF] Tạo VNPay URL cho đơn hàng 7, số tiền: 6990000
2026-04-05 04:52:09.081 +07:00 [INF] Redirect khách Quản trị viên đến VNPay cho đơn A0866989
2026-04-05 04:52:09.084 +07:00 [INF] HTTP GET /VnPay/CreatePayment responded 302 in 172.5301 ms
2026-04-05 04:56:32.836 +07:00 [INF] HTTP GET /Tour/Book/76 responded 200 in 109.7087 ms
2026-04-05 04:59:56.616 +07:00 [INF] Seed dữ liệu ban đầu thành công
2026-04-05 04:59:57.305 +07:00 [INF] Ứng dụng Tour Du Lịch khởi chạy
2026-04-05 05:00:21.838 +07:00 [WRN] Failed to determine the https port for redirect.
2026-04-05 05:00:25.454 +07:00 [INF] Đơn hàng mới: C0F9A617 - Tour: Thái Lan: Nghỉ dưỡng Pattaya biển xanh - Khách: Quản trị viên
2026-04-05 05:00:25.629 +07:00 [INF] HTTP POST /Tour/Book/76 responded 302 in 3118.0090 ms
2026-04-05 05:00:26.087 +07:00 [INF] Tạo VNPay URL cho đơn hàng 8, số tiền: 6990000
2026-04-05 05:00:26.092 +07:00 [INF] Redirect khách Quản trị viên đến VNPay cho đơn C0F9A617
2026-04-05 05:00:26.099 +07:00 [INF] HTTP GET /VnPay/CreatePayment responded 302 in 333.5273 ms
2026-04-05 05:02:04.310 +07:00 [INF] Seed dữ liệu ban đầu thành công
2026-04-05 05:02:04.590 +07:00 [INF] Ứng dụng Tour Du Lịch khởi chạy
2026-04-05 05:02:19.281 +07:00 [WRN] Failed to determine the https port for redirect.
2026-04-05 05:02:23.310 +07:00 [INF] Đơn hàng mới: 543EACF7 - Tour: Thái Lan: Nghỉ dưỡng Pattaya biển xanh - Khách: Quản trị viên
2026-04-05 05:02:23.428 +07:00 [INF] HTTP POST /Tour/Book/76 responded 302 in 3403.4220 ms
2026-04-05 05:02:23.840 +07:00 [INF] Tạo VNPay URL cho đơn hàng 9, số tiền: 6990000
2026-04-05 05:02:23.851 +07:00 [INF] Redirect khách Quản trị viên đến VNPay cho đơn 543EACF7
2026-04-05 05:02:23.864 +07:00 [INF] HTTP GET /VnPay/CreatePayment responded 302 in 348.9729 ms
2026-04-05 05:04:10.960 +07:00 [INF] Seed dữ liệu ban đầu thành công
2026-04-05 05:04:11.238 +07:00 [INF] Ứng dụng Tour Du Lịch khởi chạy
2026-04-05 05:04:25.038 +07:00 [WRN] Failed to determine the https port for redirect.
2026-04-05 05:04:28.047 +07:00 [INF] HTTP GET /Tour/Book/76 responded 200 in 2611.6075 ms
2026-04-05 05:04:29.224 +07:00 [INF] Đơn hàng mới: 57AEE27D - Tour: Thái Lan: Nghỉ dưỡng Pattaya biển xanh - Khách: Quản trị viên
2026-04-05 05:04:29.253 +07:00 [INF] HTTP POST /Tour/Book/76 responded 302 in 2011.4667 ms
2026-04-05 05:04:29.677 +07:00 [INF] Tạo VNPay URL cho đơn hàng 10, số tiền: 6990000
2026-04-05 05:04:29.693 +07:00 [INF] Redirect khách Quản trị viên đến VNPay cho đơn 57AEE27D
2026-04-05 05:04:29.711 +07:00 [INF] HTTP GET /VnPay/CreatePayment responded 302 in 386.5156 ms
2026-04-05 05:04:45.948 +07:00 [INF] HTTP GET /favicon.ico responded 200 in 33.5046 ms
2026-04-05 05:05:08.620 +07:00 [INF] Đơn hàng mới: 4FBB3856 - Tour: Thái Lan: Nghỉ dưỡng Pattaya biển xanh - Khách: Quản trị viên
2026-04-05 05:05:08.625 +07:00 [INF] HTTP POST /Tour/Book/76 responded 302 in 63.5767 ms
2026-04-05 05:05:08.672 +07:00 [INF] Tạo VNPay URL cho đơn hàng 11, số tiền: 6990000
2026-04-05 05:05:08.726 +07:00 [INF] Redirect khách Quản trị viên đến VNPay cho đơn 4FBB3856
2026-04-05 05:05:08.739 +07:00 [INF] HTTP GET /VnPay/CreatePayment responded 302 in 89.5705 ms
2026-04-05 05:06:18.823 +07:00 [INF] HTTP GET /Tour/Details/76 responded 200 in 1634.6391 ms
2026-04-05 05:06:23.576 +07:00 [INF] HTTP GET /Tour/Book/76 responded 200 in 331.6368 ms
2026-04-05 05:06:23.670 +07:00 [INF] HTTP GET /css/site.css responded 200 in 39.9249 ms
2026-04-05 05:06:23.751 +07:00 [INF] HTTP GET /images/tours/tl1.jpg responded 404 in 16.0552 ms
2026-04-05 05:06:23.865 +07:00 [INF] HTTP GET /lib/bootstrap/dist/js/bootstrap.bundle.min.js responded 200 in 122.3254 ms
2026-04-05 05:06:23.865 +07:00 [INF] HTTP GET /lib/jquery/dist/jquery.min.js responded 200 in 178.8781 ms
2026-04-05 05:06:23.871 +07:00 [INF] HTTP GET /lib/bootstrap/dist/css/bootstrap.min.css responded 200 in 205.8702 ms
2026-04-05 05:06:23.875 +07:00 [INF] HTTP GET /js/site.js responded 200 in 4.8388 ms
2026-04-05 05:06:23.890 +07:00 [INF] HTTP GET /lib/jquery-validation-unobtrusive/dist/jquery.validate.unobtrusive.min.js responded 200 in 4.3202 ms
2026-04-05 05:06:24.059 +07:00 [INF] HTTP GET /lib/jquery-validation/dist/jquery.validate.min.js responded 200 in 3.9657 ms
2026-04-05 05:06:30.180 +07:00 [INF] HTTP POST /Tour/Book/76 responded 200 in 43.3528 ms
2026-04-05 05:06:30.242 +07:00 [INF] HTTP GET /css/site.css responded 200 in 17.4268 ms
2026-04-05 05:06:30.241 +07:00 [INF] HTTP GET /js/site.js responded 200 in 15.0575 ms
2026-04-05 05:06:30.248 +07:00 [INF] HTTP GET /lib/bootstrap/dist/css/bootstrap.min.css responded 200 in 23.2925 ms
2026-04-05 05:06:30.288 +07:00 [INF] HTTP GET /lib/jquery/dist/jquery.min.js responded 200 in 4.6039 ms
2026-04-05 05:06:30.300 +07:00 [INF] HTTP GET /images/tours/tl1.jpg responded 404 in 1.4220 ms
2026-04-05 05:06:30.381 +07:00 [INF] HTTP GET /lib/jquery-validation-unobtrusive/dist/jquery.validate.unobtrusive.min.js responded 200 in 16.3955 ms
2026-04-05 05:06:30.399 +07:00 [INF] HTTP GET /lib/jquery-validation/dist/jquery.validate.min.js responded 200 in 8.2847 ms
2026-04-05 05:06:30.835 +07:00 [INF] HTTP GET /lib/bootstrap/dist/js/bootstrap.bundle.min.js responded 200 in 31.2058 ms
2026-04-05 05:06:33.784 +07:00 [INF] Đơn hàng mới: 56EFEE5F - Tour: Thái Lan: Nghỉ dưỡng Pattaya biển xanh - Khách: Quản trị viên
2026-04-05 05:06:33.790 +07:00 [INF] HTTP POST /Tour/Book/76 responded 302 in 39.7711 ms
2026-04-05 05:06:33.848 +07:00 [INF] Tạo VNPay URL cho đơn hàng 12, số tiền: 76890000
2026-04-05 05:06:33.863 +07:00 [INF] Redirect khách Quản trị viên đến VNPay cho đơn 56EFEE5F
2026-04-05 05:06:33.874 +07:00 [INF] HTTP GET /VnPay/CreatePayment responded 302 in 59.7102 ms
2026-04-05 05:08:00.205 +07:00 [INF] Seed dữ liệu ban đầu thành công
2026-04-05 05:08:00.487 +07:00 [INF] Ứng dụng Tour Du Lịch khởi chạy
2026-04-05 05:08:20.323 +07:00 [WRN] Failed to determine the https port for redirect.
2026-04-05 05:08:23.427 +07:00 [INF] HTTP POST /Tour/Book/76 responded 200 in 2724.5075 ms
2026-04-05 05:08:23.487 +07:00 [INF] HTTP GET /images/tours/tl1.jpg responded 404 in 31.4091 ms
2026-04-05 05:08:23.902 +07:00 [INF] HTTP GET /css/site.css responded 200 in 446.5885 ms
2026-04-05 05:08:24.006 +07:00 [INF] HTTP GET /lib/jquery/dist/jquery.min.js responded 200 in 551.1901 ms
2026-04-05 05:08:24.010 +07:00 [INF] HTTP GET /lib/bootstrap/dist/css/bootstrap.min.css responded 200 in 549.7193 ms
2026-04-05 05:08:24.016 +07:00 [INF] HTTP GET /lib/bootstrap/dist/js/bootstrap.bundle.min.js responded 200 in 561.0131 ms
2026-04-05 05:08:24.231 +07:00 [INF] HTTP GET /js/site.js responded 200 in 261.9017 ms
2026-04-05 05:08:24.284 +07:00 [INF] HTTP GET /lib/jquery-validation/dist/jquery.validate.min.js responded 200 in 12.9830 ms
2026-04-05 05:08:24.303 +07:00 [INF] HTTP GET /lib/jquery-validation-unobtrusive/dist/jquery.validate.unobtrusive.min.js responded 200 in 5.9561 ms
2026-04-05 05:08:29.225 +07:00 [INF] Đơn hàng mới: 5E5D9F5D - Tour: Thái Lan: Nghỉ dưỡng Pattaya biển xanh - Khách: Quản trị viên
2026-04-05 05:08:29.234 +07:00 [INF] HTTP POST /Tour/Book/76 responded 302 in 1630.8152 ms
2026-04-05 05:08:29.496 +07:00 [INF] Tạo VNPay URL cho đơn hàng 13, số tiền: 76890000
2026-04-05 05:08:29.503 +07:00 [INF] Redirect khách Quản trị viên đến VNPay cho đơn 5E5D9F5D
2026-04-05 05:08:29.507 +07:00 [INF] HTTP GET /VnPay/CreatePayment responded 302 in 259.2052 ms
2026-04-05 05:08:33.853 +07:00 [INF] VNPay callback: OrderId=13, ResponseCode=24, Success=false
2026-04-05 05:08:34.163 +07:00 [WRN] VNPay: Thanh toán thất bại cho đơn 5E5D9F5D, Mã lỗi: 24
2026-04-05 05:08:34.370 +07:00 [INF] HTTP GET /VnPay/PaymentCallback responded 302 in 588.4812 ms
2026-04-05 05:08:36.918 +07:00 [INF] HTTP GET /Tour/OrderConfirmation responded 200 in 2453.0631 ms
2026-04-05 05:08:36.990 +07:00 [INF] HTTP GET /css/site.css responded 200 in 28.9390 ms
2026-04-05 05:08:37.001 +07:00 [INF] HTTP GET /lib/bootstrap/dist/css/bootstrap.min.css responded 200 in 44.7984 ms
2026-04-05 05:08:37.008 +07:00 [INF] HTTP GET /js/site.js responded 200 in 11.0420 ms
2026-04-05 05:08:37.225 +07:00 [INF] HTTP GET /lib/jquery/dist/jquery.min.js responded 200 in 14.4017 ms
2026-04-05 05:08:37.498 +07:00 [INF] HTTP GET /lib/bootstrap/dist/js/bootstrap.bundle.min.js responded 200 in 14.3340 ms
2026-04-05 05:10:58.627 +07:00 [INF] Seed dữ liệu ban đầu thành công
2026-04-05 05:10:58.927 +07:00 [INF] Ứng dụng Tour Du Lịch khởi chạy
2026-04-05 05:11:04.554 +07:00 [WRN] Failed to determine the https port for redirect.
2026-04-05 05:11:07.288 +07:00 [INF] HTTP GET /Tour/Book/76 responded 200 in 2509.1672 ms
2026-04-05 05:11:10.298 +07:00 [INF] HTTP POST /Tour/Book/76 responded 200 in 256.7132 ms
2026-04-05 05:11:10.464 +07:00 [INF] HTTP GET /images/tours/tl1.jpg responded 404 in 88.9862 ms
2026-04-05 05:11:10.508 +07:00 [INF] HTTP GET /js/site.js responded 200 in 156.7313 ms
2026-04-05 05:11:10.509 +07:00 [INF] HTTP GET /css/site.css responded 200 in 156.6024 ms
2026-04-05 05:11:10.529 +07:00 [INF] HTTP GET /lib/jquery/dist/jquery.min.js responded 200 in 176.8700 ms
2026-04-05 05:11:10.529 +07:00 [INF] HTTP GET /lib/bootstrap/dist/css/bootstrap.min.css responded 200 in 184.5346 ms
2026-04-05 05:11:10.530 +07:00 [INF] HTTP GET /lib/bootstrap/dist/js/bootstrap.bundle.min.js responded 200 in 125.3314 ms
2026-04-05 05:11:10.560 +07:00 [INF] HTTP GET /lib/jquery-validation-unobtrusive/dist/jquery.validate.unobtrusive.min.js responded 200 in 6.1624 ms
2026-04-05 05:11:10.576 +07:00 [INF] HTTP GET /lib/jquery-validation/dist/jquery.validate.min.js responded 200 in 13.3994 ms
2026-04-05 05:11:15.052 +07:00 [INF] Đơn hàng mới: F1E67257 - Tour: Thái Lan: Nghỉ dưỡng Pattaya biển xanh - Khách: Quản trị viên
2026-04-05 05:11:15.061 +07:00 [INF] HTTP POST /Tour/Book/76 responded 302 in 1623.0287 ms
2026-04-05 05:11:15.863 +07:00 [INF] Tạo VNPay URL cho đơn hàng 14, số tiền: 6990000
2026-04-05 05:11:15.868 +07:00 [INF] Redirect khách Quản trị viên đến VNPay cho đơn F1E67257
2026-04-05 05:11:15.872 +07:00 [INF] HTTP GET /VnPay/CreatePayment responded 302 in 798.0947 ms
2026-04-05 05:11:20.046 +07:00 [INF] VNPay callback: OrderId=14, ResponseCode=24, Success=false
2026-04-05 05:11:20.103 +07:00 [WRN] VNPay: Thanh toán thất bại cho đơn F1E67257, Mã lỗi: 24
2026-04-05 05:11:20.133 +07:00 [INF] HTTP GET /VnPay/PaymentCallback responded 302 in 148.7933 ms
2026-04-05 05:11:21.774 +07:00 [INF] HTTP GET /Tour/OrderConfirmation responded 200 in 1621.4097 ms
2026-04-05 05:11:21.807 +07:00 [INF] HTTP GET /css/site.css responded 200 in 7.8557 ms
2026-04-05 05:11:21.810 +07:00 [INF] HTTP GET /js/site.js responded 200 in 5.5198 ms
2026-04-05 05:11:21.930 +07:00 [INF] HTTP GET /lib/jquery/dist/jquery.min.js responded 200 in 47.5774 ms
2026-04-05 05:11:21.930 +07:00 [INF] HTTP GET /lib/bootstrap/dist/css/bootstrap.min.css responded 200 in 129.3239 ms
2026-04-05 05:11:22.142 +07:00 [INF] HTTP GET /lib/bootstrap/dist/js/bootstrap.bundle.min.js responded 200 in 9.7798 ms
2026-04-05 05:12:48.821 +07:00 [INF] Seed dữ liệu ban đầu thành công
2026-04-05 05:12:49.676 +07:00 [INF] Ứng dụng Tour Du Lịch khởi chạy
2026-04-05 05:12:55.303 +07:00 [WRN] Failed to determine the https port for redirect.
2026-04-05 05:12:59.460 +07:00 [INF] HTTP GET /Tour/OrderConfirmation responded 200 in 3843.2928 ms
2026-04-05 05:12:59.598 +07:00 [INF] HTTP GET /js/site.js responded 200 in 109.7665 ms
2026-04-05 05:12:59.599 +07:00 [INF] HTTP GET /css/site.css responded 200 in 110.4000 ms
2026-04-05 05:12:59.604 +07:00 [INF] HTTP GET /lib/jquery/dist/jquery.min.js responded 200 in 116.1570 ms
2026-04-05 05:12:59.604 +07:00 [INF] HTTP GET /lib/bootstrap/dist/css/bootstrap.min.css responded 200 in 115.4569 ms
2026-04-05 05:12:59.604 +07:00 [INF] HTTP GET /lib/bootstrap/dist/js/bootstrap.bundle.min.js responded 200 in 116.4619 ms
2026-04-05 05:12:59.709 +07:00 [INF] HTTP GET /favicon.ico responded 200 in 62.4614 ms
2026-04-05 05:13:03.033 +07:00 [INF] Tìm kiếm tour với keyword: null, CategoryId: null
2026-04-05 05:13:03.692 +07:00 [INF] Tìm thấy 100 tour phù hợp
2026-04-05 05:13:03.837 +07:00 [INF] HTTP GET /Tour responded 200 in 984.0105 ms
2026-04-05 05:13:03.858 +07:00 [INF] HTTP GET /images/tours/tl1.jpg responded 404 in 3.9402 ms
2026-04-05 05:13:03.859 +07:00 [INF] HTTP GET /images/tours/tl3.jpg responded 404 in 5.3733 ms
2026-04-05 05:13:03.861 +07:00 [INF] HTTP GET /css/site.css responded 200 in 6.5788 ms
2026-04-05 05:13:03.906 +07:00 [INF] HTTP GET /images/tours/jp1.jpg responded 404 in 3.4063 ms
2026-04-05 05:13:03.907 +07:00 [INF] HTTP GET /images/tours/jp3.jpg responded 404 in 3.5839 ms
2026-04-05 05:13:03.907 +07:00 [INF] HTTP GET /lib/bootstrap/dist/css/bootstrap.min.css responded 200 in 47.1803 ms
2026-04-05 05:13:03.917 +07:00 [INF] HTTP GET /images/tours/kr1.jpg responded 404 in 2.1789 ms
2026-04-05 05:13:03.922 +07:00 [INF] HTTP GET /js/site.js responded 200 in 4.6355 ms
2026-04-05 05:13:03.928 +07:00 [INF] HTTP GET /images/tours/sg1.jpg responded 404 in 2.0195 ms
2026-04-05 05:13:03.931 +07:00 [INF] HTTP GET /images/tours/sg3.jpg responded 404 in 2.1647 ms
2026-04-05 05:13:03.946 +07:00 [INF] HTTP GET /images/tours/fr1.jpg responded 404 in 3.1360 ms
2026-04-05 05:13:03.946 +07:00 [INF] HTTP GET /images/tours/kr3.jpg responded 404 in 3.8746 ms
2026-04-05 05:13:03.968 +07:00 [INF] HTTP GET /lib/jquery/dist/jquery.min.js responded 200 in 5.7073 ms
2026-04-05 05:13:04.046 +07:00 [INF] HTTP GET /lib/bootstrap/dist/js/bootstrap.bundle.min.js responded 200 in 4.5284 ms
2026-04-05 05:13:06.924 +07:00 [INF] HTTP GET /Tour/Details/76 responded 200 in 1052.8857 ms
2026-04-05 05:13:06.941 +07:00 [INF] HTTP GET /images/tours/tl1.jpg responded 404 in 1.1277 ms
2026-04-05 05:13:06.942 +07:00 [INF] HTTP GET /images/tours/tl3.jpg responded 404 in 1.8219 ms
2026-04-05 05:13:06.944 +07:00 [INF] HTTP GET /css/site.css responded 200 in 4.7842 ms
2026-04-05 05:13:06.947 +07:00 [INF] HTTP GET /lib/bootstrap/dist/css/bootstrap.min.css responded 200 in 7.2634 ms
2026-04-05 05:13:06.948 +07:00 [INF] HTTP GET /images/tours/tl4.jpg responded 404 in 1.7654 ms
2026-04-05 05:13:06.949 +07:00 [INF] HTTP GET /images/tours/tl2.jpg responded 404 in 1.8781 ms
2026-04-05 05:13:06.960 +07:00 [INF] HTTP GET /lib/jquery/dist/jquery.min.js responded 200 in 4.5521 ms
2026-04-05 05:13:06.964 +07:00 [INF] HTTP GET /images/tours/tl5.jpg responded 404 in 2.3350 ms
2026-04-05 05:13:06.966 +07:00 [INF] HTTP GET /lib/bootstrap/dist/js/bootstrap.bundle.min.js responded 200 in 5.9709 ms
2026-04-05 05:13:06.974 +07:00 [INF] HTTP GET /js/site.js responded 200 in 3.0544 ms
2026-04-05 05:13:18.944 +07:00 [INF] HTTP GET /Tour/Book/76 responded 200 in 538.7484 ms
2026-04-05 05:13:18.960 +07:00 [INF] HTTP GET /images/tours/tl1.jpg responded 404 in 0.7997 ms
2026-04-05 05:13:18.963 +07:00 [INF] HTTP GET /css/site.css responded 200 in 3.4898 ms
2026-04-05 05:13:18.976 +07:00 [INF] HTTP GET /lib/jquery/dist/jquery.min.js responded 200 in 14.9023 ms
2026-04-05 05:13:18.976 +07:00 [INF] HTTP GET /lib/jquery-validation/dist/jquery.validate.min.js responded 200 in 3.8924 ms
2026-04-05 05:13:18.977 +07:00 [INF] HTTP GET /js/site.js responded 200 in 4.8568 ms
2026-04-05 05:13:18.978 +07:00 [INF] HTTP GET /lib/bootstrap/dist/css/bootstrap.min.css responded 200 in 18.2735 ms
2026-04-05 05:13:19.007 +07:00 [INF] HTTP GET /lib/bootstrap/dist/js/bootstrap.bundle.min.js responded 200 in 13.6445 ms
2026-04-05 05:13:19.010 +07:00 [INF] HTTP GET /lib/jquery-validation-unobtrusive/dist/jquery.validate.unobtrusive.min.js responded 200 in 3.2826 ms
2026-04-05 05:13:23.694 +07:00 [INF] Đơn hàng mới: A47DF665 - Tour: Thái Lan: Nghỉ dưỡng Pattaya biển xanh - Khách: Quản trị viên
2026-04-05 05:13:23.703 +07:00 [INF] HTTP POST /Tour/Book/76 responded 302 in 1088.2827 ms
2026-04-05 05:13:23.779 +07:00 [INF] Tạo VNPay URL cho đơn hàng 15, số tiền: 6990000
2026-04-05 05:13:23.782 +07:00 [INF] Redirect khách Quản trị viên đến VNPay cho đơn A47DF665
2026-04-05 05:13:23.786 +07:00 [INF] HTTP GET /VnPay/CreatePayment responded 302 in 69.4411 ms
2026-04-05 05:13:27.446 +07:00 [INF] VNPay callback: OrderId=15, ResponseCode=24, Success=false
2026-04-05 05:13:27.481 +07:00 [WRN] VNPay: Thanh toán thất bại cho đơn A47DF665, Mã lỗi: 24
2026-04-05 05:13:27.509 +07:00 [INF] HTTP GET /VnPay/PaymentCallback responded 302 in 101.7318 ms
2026-04-05 05:13:27.728 +07:00 [INF] HTTP GET /Tour/OrderConfirmation responded 200 in 204.4905 ms
2026-04-05 05:13:27.748 +07:00 [INF] HTTP GET /css/site.css responded 200 in 2.0526 ms
2026-04-05 05:13:27.751 +07:00 [INF] HTTP GET /lib/bootstrap/dist/css/bootstrap.min.css responded 200 in 6.8191 ms
2026-04-05 05:13:27.751 +07:00 [INF] HTTP GET /lib/jquery/dist/jquery.min.js responded 200 in 3.5841 ms
2026-04-05 05:13:27.753 +07:00 [INF] HTTP GET /lib/bootstrap/dist/js/bootstrap.bundle.min.js responded 200 in 4.5221 ms
2026-04-05 05:13:27.753 +07:00 [INF] HTTP GET /js/site.js responded 200 in 3.9708 ms
2026-04-05 05:13:43.862 +07:00 [INF] Tìm kiếm tour với keyword: null, CategoryId: null
2026-04-05 05:13:43.917 +07:00 [INF] Tìm thấy 100 tour phù hợp
2026-04-05 05:13:43.952 +07:00 [INF] HTTP GET /css/site.css responded 200 in 2.7838 ms
2026-04-05 05:13:43.953 +07:00 [INF] HTTP GET /images/tours/tl1.jpg responded 404 in 1.0202 ms
2026-04-05 05:13:43.955 +07:00 [INF] HTTP GET /images/tours/tl3.jpg responded 404 in 0.7603 ms
2026-04-05 05:13:43.957 +07:00 [INF] HTTP GET /images/tours/jp1.jpg responded 404 in 1.1809 ms
2026-04-05 05:13:43.962 +07:00 [INF] HTTP GET /lib/bootstrap/dist/css/bootstrap.min.css responded 200 in 13.0909 ms
2026-04-05 05:13:43.974 +07:00 [INF] HTTP GET /Tour responded 200 in 121.0383 ms
2026-04-05 05:13:43.976 +07:00 [INF] HTTP GET /images/tours/jp3.jpg responded 404 in 0.8016 ms
2026-04-05 05:13:43.983 +07:00 [INF] HTTP GET /images/tours/kr3.jpg responded 404 in 0.7827 ms
2026-04-05 05:13:43.987 +07:00 [INF] HTTP GET /images/tours/sg1.jpg responded 404 in 0.6710 ms
2026-04-05 05:13:43.992 +07:00 [INF] HTTP GET /images/tours/sg3.jpg responded 404 in 0.5859 ms
2026-04-05 05:13:43.994 +07:00 [INF] HTTP GET /images/tours/kr1.jpg responded 404 in 0.6053 ms
2026-04-05 05:13:43.998 +07:00 [INF] HTTP GET /images/tours/fr1.jpg responded 404 in 0.7610 ms
2026-04-05 05:13:44.026 +07:00 [INF] HTTP GET /js/site.js responded 200 in 2.3388 ms
2026-04-05 05:13:44.026 +07:00 [INF] HTTP GET /lib/bootstrap/dist/js/bootstrap.bundle.min.js responded 200 in 3.0687 ms
2026-04-05 05:13:44.026 +07:00 [INF] HTTP GET /lib/jquery/dist/jquery.min.js responded 200 in 3.1711 ms
2026-04-05 05:22:45.365 +07:00 [INF] Seed dữ liệu ban đầu thành công
2026-04-05 05:22:45.699 +07:00 [INF] Ứng dụng Tour Du Lịch khởi chạy
2026-04-05 05:22:45.991 +07:00 [WRN] Failed to determine the https port for redirect.
2026-04-05 05:22:46.603 +07:00 [INF] Tìm kiếm tour với keyword: null, CategoryId: null
2026-04-05 05:22:46.894 +07:00 [INF] Tìm thấy 100 tour phù hợp
2026-04-05 05:22:47.171 +07:00 [INF] HTTP GET /Tour responded 200 in 1075.3241 ms
2026-04-05 05:22:47.287 +07:00 [INF] HTTP GET /css/site.css responded 200 in 93.6747 ms
2026-04-05 05:22:47.295 +07:00 [INF] HTTP GET /lib/bootstrap/dist/css/bootstrap.min.css responded 200 in 101.7806 ms
2026-04-05 05:22:47.310 +07:00 [INF] HTTP GET /images/tours/tl3.jpg responded 404 in 24.7892 ms
2026-04-05 05:22:47.310 +07:00 [INF] HTTP GET /images/tours/jp1.jpg responded 404 in 3.6034 ms
2026-04-05 05:22:47.310 +07:00 [INF] HTTP GET /images/tours/tl1.jpg responded 404 in 113.0424 ms
2026-04-05 05:22:47.330 +07:00 [INF] HTTP GET /images/tours/jp3.jpg responded 404 in 1.0832 ms
2026-04-05 05:22:47.330 +07:00 [INF] HTTP GET /images/tours/kr1.jpg responded 404 in 0.9896 ms
2026-04-05 05:22:47.335 +07:00 [INF] HTTP GET /lib/jquery/dist/jquery.min.js responded 200 in 3.7608 ms
2026-04-05 05:22:47.351 +07:00 [INF] HTTP GET /lib/bootstrap/dist/js/bootstrap.bundle.min.js responded 200 in 2.6179 ms
2026-04-05 05:22:47.356 +07:00 [INF] HTTP GET /js/site.js responded 200 in 3.0924 ms
2026-04-05 05:22:47.370 +07:00 [INF] HTTP GET /images/tours/kr3.jpg responded 404 in 0.9935 ms
2026-04-05 05:22:47.396 +07:00 [INF] HTTP GET /images/tours/sg1.jpg responded 404 in 0.9071 ms
2026-04-05 05:22:47.405 +07:00 [INF] HTTP GET /images/tours/sg3.jpg responded 404 in 0.9835 ms
2026-04-05 05:22:47.406 +07:00 [INF] HTTP GET /images/tours/fr1.jpg responded 404 in 0.7974 ms
2026-04-05 05:22:48.438 +07:00 [INF] HTTP GET /favicon.ico responded 200 in 2.6492 ms
2026-04-05 05:23:09.998 +07:00 [INF] Tìm kiếm tour với keyword: null, CategoryId: null
2026-04-05 05:23:10.160 +07:00 [INF] Tìm thấy 100 tour phù hợp
2026-04-05 05:23:10.222 +07:00 [INF] HTTP GET /Tour responded 200 in 234.0447 ms
2026-04-05 05:23:10.262 +07:00 [INF] HTTP GET /images/tours/tl3.jpg responded 404 in 7.0441 ms
2026-04-05 05:23:10.262 +07:00 [INF] HTTP GET /images/tours/tl1.jpg responded 404 in 12.1394 ms
2026-04-05 05:23:10.268 +07:00 [INF] HTTP GET /lib/bootstrap/dist/css/bootstrap.min.css responded 200 in 22.0165 ms
2026-04-05 05:23:10.269 +07:00 [INF] HTTP GET /images/tours/jp3.jpg responded 404 in 6.0900 ms
2026-04-05 05:23:10.271 +07:00 [INF] HTTP GET /images/tours/jp1.jpg responded 404 in 6.2875 ms
2026-04-05 05:23:10.273 +07:00 [INF] HTTP GET /css/site.css responded 200 in 10.5282 ms
2026-04-05 05:23:10.331 +07:00 [INF] HTTP GET /js/site.js responded 200 in 11.0625 ms
2026-04-05 05:23:10.368 +07:00 [INF] HTTP GET /images/tours/kr1.jpg responded 404 in 2.6533 ms
2026-04-05 05:23:10.385 +07:00 [INF] HTTP GET /images/tours/sg1.jpg responded 404 in 7.8268 ms
2026-04-05 05:23:10.400 +07:00 [INF] HTTP GET /images/tours/sg3.jpg responded 404 in 2.2123 ms
2026-04-05 05:23:10.501 +07:00 [INF] HTTP GET /images/tours/kr3.jpg responded 404 in 6.2028 ms
2026-04-05 05:23:10.502 +07:00 [INF] HTTP GET /lib/jquery/dist/jquery.min.js responded 200 in 6.7670 ms
2026-04-05 05:23:10.551 +07:00 [INF] HTTP GET /images/tours/fr1.jpg responded 404 in 4.2181 ms
2026-04-05 05:23:10.600 +07:00 [INF] HTTP GET /lib/bootstrap/dist/js/bootstrap.bundle.min.js responded 200 in 9.1365 ms
2026-04-05 05:23:10.676 +07:00 [INF] HTTP GET /favicon.ico responded 200 in 24.3595 ms
2026-04-05 05:23:14.319 +07:00 [INF] HTTP GET / responded 200 in 716.7761 ms
2026-04-05 05:23:14.344 +07:00 [INF] HTTP GET /images/tours/tl1.jpg responded 404 in 8.2287 ms
2026-04-05 05:23:14.345 +07:00 [INF] HTTP GET /css/site.css responded 200 in 9.2828 ms
2026-04-05 05:23:14.346 +07:00 [INF] HTTP GET /images/tours/tl3.jpg responded 404 in 8.0749 ms
2026-04-05 05:23:14.347 +07:00 [INF] HTTP GET /images/tours/jp1.jpg responded 404 in 2.0506 ms
2026-04-05 05:23:14.350 +07:00 [INF] HTTP GET /images/tours/jp3.jpg responded 404 in 1.7034 ms
2026-04-05 05:23:14.353 +07:00 [INF] HTTP GET /lib/bootstrap/dist/css/bootstrap.min.css responded 200 in 17.2723 ms
2026-04-05 05:23:14.371 +07:00 [INF] HTTP GET /lib/bootstrap/dist/js/bootstrap.bundle.min.js responded 200 in 7.0286 ms
2026-04-05 05:23:14.396 +07:00 [INF] HTTP GET /images/tours/kr1.jpg responded 404 in 8.5326 ms
2026-04-05 05:23:14.442 +07:00 [INF] HTTP GET /images/tours/kr3.jpg responded 404 in 9.4031 ms
2026-04-05 05:23:14.453 +07:00 [INF] HTTP GET /images/hinh-nen-viet-nam-4k25.jpg responded 304 in 2.3966 ms
2026-04-05 05:23:14.473 +07:00 [INF] HTTP GET /images/categories/nghi-duong.jpg responded 304 in 4.6328 ms
2026-04-05 05:23:14.519 +07:00 [INF] HTTP GET /lib/jquery/dist/jquery.min.js responded 200 in 10.5703 ms
2026-04-05 05:23:14.542 +07:00 [INF] HTTP GET /js/site.js responded 200 in 5.8280 ms
2026-04-05 05:23:14.661 +07:00 [INF] HTTP GET /images/categories/mao-hiem.jpg responded 304 in 5.5622 ms
2026-04-05 05:23:14.673 +07:00 [INF] HTTP GET /images/categories/am-thuc.jpg responded 304 in 2.2105 ms
2026-04-05 05:23:14.709 +07:00 [INF] HTTP GET /images/categories/quoc-te.jpg responded 304 in 2.1821 ms
2026-04-05 05:23:14.721 +07:00 [INF] HTTP GET /images/categories/team-building.jpg responded 304 in 2.0135 ms
2026-04-05 05:23:19.960 +07:00 [INF] HTTP GET /Survey responded 200 in 56.4392 ms
2026-04-05 05:23:19.985 +07:00 [INF] HTTP GET /css/site.css responded 200 in 5.4379 ms
2026-04-05 05:23:19.987 +07:00 [INF] HTTP GET /lib/bootstrap/dist/css/bootstrap.min.css responded 200 in 8.9653 ms
2026-04-05 05:23:19.987 +07:00 [INF] HTTP GET /js/site.js responded 200 in 6.7918 ms
2026-04-05 05:23:19.989 +07:00 [INF] HTTP GET /lib/bootstrap/dist/js/bootstrap.bundle.min.js responded 200 in 7.6417 ms
2026-04-05 05:23:19.993 +07:00 [INF] HTTP GET /lib/jquery/dist/jquery.min.js responded 200 in 10.0215 ms
2026-04-05 05:23:37.171 +07:00 [INF] HTTP POST /Survey/Submit responded 200 in 217.3947 ms
2026-04-05 05:23:37.195 +07:00 [INF] HTTP GET /images/tours/hue1.jpg responded 404 in 1.2196 ms
2026-04-05 05:23:37.197 +07:00 [INF] HTTP GET /images/tours/dn3.jpg responded 404 in 0.6757 ms
2026-04-05 05:23:37.202 +07:00 [INF] HTTP GET /images/tours/ha1.jpg responded 404 in 0.9815 ms
2026-04-05 05:23:37.202 +07:00 [INF] HTTP GET /css/site.css responded 200 in 9.6119 ms
2026-04-05 05:23:37.205 +07:00 [INF] HTTP GET /lib/bootstrap/dist/css/bootstrap.min.css responded 200 in 12.7802 ms
2026-04-05 05:23:37.390 +07:00 [INF] HTTP GET /images/tours/ha3.jpg responded 404 in 1.1506 ms
2026-04-05 05:23:37.409 +07:00 [INF] HTTP GET /lib/bootstrap/dist/js/bootstrap.bundle.min.js responded 200 in 12.3248 ms
2026-04-05 05:23:37.515 +07:00 [INF] HTTP GET /lib/jquery/dist/jquery.min.js responded 200 in 9.7811 ms
2026-04-05 05:23:37.516 +07:00 [INF] HTTP GET /images/tours/hue3.jpg responded 404 in 2.9367 ms
2026-04-05 05:23:37.540 +07:00 [INF] HTTP GET /js/site.js responded 200 in 7.8883 ms
2026-04-05 05:23:37.947 +07:00 [INF] HTTP GET /images/tours/dn1.jpg responded 200 in 739.7782 ms
2026-04-05 05:23:52.567 +07:00 [INF] Tìm kiếm tour với keyword: null, CategoryId: null
2026-04-05 05:23:52.601 +07:00 [INF] Tìm thấy 100 tour phù hợp
2026-04-05 05:23:52.639 +07:00 [INF] HTTP GET /Tour responded 200 in 89.0363 ms
2026-04-05 05:23:52.643 +07:00 [INF] HTTP GET /images/tours/tl1.jpg responded 404 in 0.9029 ms
2026-04-05 05:23:52.647 +07:00 [INF] HTTP GET /images/tours/tl3.jpg responded 404 in 1.4709 ms
2026-04-05 05:23:52.650 +07:00 [INF] HTTP GET /images/tours/jp1.jpg responded 404 in 1.5708 ms
2026-04-05 05:23:52.651 +07:00 [INF] HTTP GET /css/site.css responded 200 in 9.2737 ms
2026-04-05 05:23:52.653 +07:00 [INF] HTTP GET /lib/bootstrap/dist/css/bootstrap.min.css responded 200 in 13.1946 ms
2026-04-05 05:23:52.676 +07:00 [INF] HTTP GET /lib/jquery/dist/jquery.min.js responded 200 in 5.0859 ms
2026-04-05 05:23:52.689 +07:00 [INF] HTTP GET /js/site.js responded 200 in 3.0146 ms
2026-04-05 05:23:52.694 +07:00 [INF] HTTP GET /images/tours/kr3.jpg responded 404 in 0.9225 ms
2026-04-05 05:23:52.701 +07:00 [INF] HTTP GET /images/tours/sg3.jpg responded 404 in 0.7743 ms
2026-04-05 05:23:52.703 +07:00 [INF] HTTP GET /images/tours/jp3.jpg responded 404 in 0.6406 ms
2026-04-05 05:23:52.708 +07:00 [INF] HTTP GET /images/tours/kr1.jpg responded 404 in 0.7292 ms
2026-04-05 05:23:52.722 +07:00 [INF] HTTP GET /lib/bootstrap/dist/js/bootstrap.bundle.min.js responded 200 in 6.7397 ms
2026-04-05 05:23:52.738 +07:00 [INF] HTTP GET /images/tours/sg1.jpg responded 404 in 0.8306 ms
2026-04-05 05:23:53.680 +07:00 [INF] HTTP GET /images/tours/fr1.jpg responded 404 in 5.5295 ms
2026-04-05 05:25:36.586 +07:00 [INF] Seed dữ liệu ban đầu thành công
2026-04-05 05:25:36.859 +07:00 [INF] Ứng dụng Tour Du Lịch khởi chạy
2026-04-05 05:25:42.493 +07:00 [WRN] Failed to determine the https port for redirect.
2026-04-05 05:25:43.167 +07:00 [INF] Tìm kiếm tour với keyword: null, CategoryId: null
2026-04-05 05:25:44.377 +07:00 [INF] Tìm thấy 100 tour phù hợp
2026-04-05 05:25:45.173 +07:00 [INF] HTTP GET /images/tours/jp1.jpg responded 404 in 22.0722 ms
2026-04-05 05:25:45.173 +07:00 [INF] HTTP GET /images/tours/tl1.jpg responded 404 in 21.8746 ms
2026-04-05 05:25:45.173 +07:00 [INF] HTTP GET /images/tours/tl3.jpg responded 404 in 21.6470 ms
2026-04-05 05:25:45.173 +07:00 [INF] HTTP GET /Tour responded 200 in 2361.1606 ms
2026-04-05 05:25:45.275 +07:00 [INF] HTTP GET /css/site.css responded 200 in 124.9610 ms
2026-04-05 05:25:45.318 +07:00 [INF] HTTP GET /lib/bootstrap/dist/css/bootstrap.min.css responded 200 in 168.6001 ms
2026-04-05 05:25:45.408 +07:00 [INF] HTTP GET /images/tours/kr3.jpg responded 404 in 41.3034 ms
2026-04-05 05:25:45.411 +07:00 [INF] HTTP GET /images/tours/jp3.jpg responded 404 in 40.1600 ms
2026-04-05 05:25:45.408 +07:00 [INF] HTTP GET /images/tours/kr1.jpg responded 404 in 35.8669 ms
2026-04-05 05:25:45.412 +07:00 [INF] HTTP GET /js/site.js responded 200 in 78.1368 ms
2026-04-05 05:25:45.415 +07:00 [INF] HTTP GET /lib/bootstrap/dist/js/bootstrap.bundle.min.js responded 200 in 13.4290 ms
2026-04-05 05:25:45.418 +07:00 [INF] HTTP GET /lib/jquery/dist/jquery.min.js responded 200 in 106.8160 ms
2026-04-05 05:25:45.437 +07:00 [INF] HTTP GET /images/tours/fr1.jpg responded 404 in 2.0073 ms
2026-04-05 05:25:45.466 +07:00 [INF] HTTP GET /images/tours/sg1.jpg responded 404 in 3.3311 ms
2026-04-05 05:25:45.474 +07:00 [INF] HTTP GET /images/tours/sg3.jpg responded 404 in 2.6488 ms
2026-04-05 05:25:45.527 +07:00 [INF] HTTP GET /favicon.ico responded 200 in 5.3362 ms
2026-04-05 05:25:53.013 +07:00 [INF] HTTP GET /Survey responded 200 in 79.4218 ms
2026-04-05 05:25:53.051 +07:00 [INF] HTTP GET /lib/bootstrap/dist/css/bootstrap.min.css responded 200 in 15.3418 ms
2026-04-05 05:25:53.053 +07:00 [INF] HTTP GET /css/site.css responded 200 in 9.0709 ms
2026-04-05 05:25:53.054 +07:00 [INF] HTTP GET /js/site.js responded 200 in 7.2809 ms
2026-04-05 05:25:53.109 +07:00 [INF] HTTP GET /lib/jquery/dist/jquery.min.js responded 200 in 13.9242 ms
2026-04-05 05:25:53.603 +07:00 [INF] HTTP GET /lib/bootstrap/dist/js/bootstrap.bundle.min.js responded 200 in 5.2037 ms
2026-04-05 05:26:02.332 +07:00 [INF] HTTP POST /Survey/Submit responded 200 in 268.2877 ms
2026-04-05 05:26:02.360 +07:00 [INF] HTTP GET /images/tours/sp5.jpg responded 404 in 3.4122 ms
2026-04-05 05:26:02.363 +07:00 [INF] HTTP GET /lib/bootstrap/dist/css/bootstrap.min.css responded 200 in 12.1455 ms
2026-04-05 05:26:02.364 +07:00 [INF] HTTP GET /css/site.css responded 200 in 8.8724 ms
2026-04-05 05:26:02.364 +07:00 [INF] HTTP GET /images/tours/qn5.jpg responded 404 in 1.9295 ms
2026-04-05 05:26:02.369 +07:00 [INF] HTTP GET /images/tours/nb4.jpg responded 404 in 1.7113 ms
2026-04-05 05:26:02.467 +07:00 [INF] HTTP GET /images/tours/sp2.jpg responded 404 in 4.4209 ms
2026-04-05 05:26:02.481 +07:00 [INF] HTTP GET /images/tours/nb5.jpg responded 404 in 2.5859 ms
2026-04-05 05:26:02.526 +07:00 [INF] HTTP GET /lib/jquery/dist/jquery.min.js responded 200 in 5.4419 ms
2026-04-05 05:26:02.546 +07:00 [INF] HTTP GET /js/site.js responded 200 in 13.3308 ms
2026-04-05 05:26:02.578 +07:00 [INF] HTTP GET /lib/bootstrap/dist/js/bootstrap.bundle.min.js responded 200 in 5.2308 ms
2026-04-05 05:26:02.795 +07:00 [INF] HTTP GET /images/tours/nb1.jpg responded 200 in 440.2839 ms
2026-04-05 05:26:11.125 +07:00 [INF] Tìm kiếm tour với keyword: null, CategoryId: null
2026-04-05 05:26:11.148 +07:00 [INF] Tìm thấy 100 tour phù hợp
2026-04-05 05:26:11.174 +07:00 [INF] HTTP GET /Tour responded 200 in 52.8347 ms
2026-04-05 05:26:11.199 +07:00 [INF] HTTP GET /images/tours/tl1.jpg responded 404 in 0.6413 ms
2026-04-05 05:26:11.200 +07:00 [INF] HTTP GET /images/tours/tl3.jpg responded 404 in 0.6941 ms
2026-04-05 05:26:11.202 +07:00 [INF] HTTP GET /images/tours/jp1.jpg responded 404 in 0.6572 ms
2026-04-05 05:26:11.202 +07:00 [INF] HTTP GET /css/site.css responded 200 in 4.9009 ms
2026-04-05 05:26:11.203 +07:00 [INF] HTTP GET /images/tours/jp3.jpg responded 404 in 0.7046 ms
2026-04-05 05:26:11.211 +07:00 [INF] HTTP GET /lib/bootstrap/dist/css/bootstrap.min.css responded 200 in 12.8977 ms
2026-04-05 05:26:11.233 +07:00 [INF] HTTP GET /lib/bootstrap/dist/js/bootstrap.bundle.min.js responded 200 in 5.8649 ms
2026-04-05 05:26:11.236 +07:00 [INF] HTTP GET /js/site.js responded 200 in 2.5424 ms
2026-04-05 05:26:11.246 +07:00 [INF] HTTP GET /images/tours/sg3.jpg responded 404 in 0.8475 ms
2026-04-05 05:26:11.255 +07:00 [INF] HTTP GET /images/tours/kr1.jpg responded 404 in 1.0636 ms
2026-04-05 05:26:11.263 +07:00 [INF] HTTP GET /images/tours/fr1.jpg responded 404 in 0.8944 ms
2026-04-05 05:26:11.269 +07:00 [INF] HTTP GET /lib/jquery/dist/jquery.min.js responded 200 in 3.8784 ms
2026-04-05 05:26:11.280 +07:00 [INF] HTTP GET /images/tours/kr3.jpg responded 404 in 1.5065 ms
2026-04-05 05:26:11.284 +07:00 [INF] HTTP GET /images/tours/sg1.jpg responded 404 in 1.4296 ms
